"invoice_id","customer_id","invoice_date","due_date","invoice_amount","currency"
100001,1,2024-10-04,2024-11-03,6760.53,GBP
100002,1,2024-11-08,2024-12-08,2673.29,GBP
100003,1,2024-11-19,2024-12-19,4444.68,GBP
100004,1,2025-01-13,2025-02-12,7156.44,GBP
100005,1,2025-01-20,2025-02-19,2013.05,GBP
100006,1,2025-04-26,2025-05-26,4290.56,GBP
100007,1,2025-05-04,2025-06-03,11179.25,GBP
100008,1,2025-06-24,2025-07-24,5870.33,GBP
100009,1,2025-06-30,2025-07-30,8358.90,GBP
100010,1,2025-07-24,2025-08-23,8988.98,GBP
100011,1,2025-09-16,2025-10-16,5944.55,GBP
100012,1,2025-10-19,2025-11-18,8499.02,GBP
100013,1,2025-10-09,2025-11-08,5775.24,GBP
100014,1,2025-12-22,2026-01-21,6174.77,GBP
100015,1,2025-12-21,2026-01-20,11792.89,GBP
100016,1,2025-12-15,2026-01-14,4589.16,GBP
100017,1,2025-12-19,2026-01-18,6506.50,GBP
100018,1,2025-12-13,2026-01-12,7484.10,GBP
100019,1,2026-01-19,2026-02-18,6954.33,GBP
100020,1,2026-02-28,2026-03-30,2898.74,GBP
100021,1,2026-03-15,2026-04-14,3892.68,GBP
100022,1,2026-03-07,2026-04-06,4967.40,GBP
100023,1,2026-03-19,2026-04-18,4721.14,GBP
100024,1,2026-04-15,2026-05-15,6056.33,GBP
100025,1,2026-04-13,2026-05-13,4974.86,GBP
100026,1,2026-05-30,2026-06-29,3257.07,GBP
100027,1,2026-06-17,2026-07-17,5149.60,GBP
100028,1,2026-06-16,2026-07-16,21308.49,GBP
100029,1,2026-09-04,2026-10-04,5181.44,GBP
100030,1,2026-09-15,2026-10-15,7401.67,GBP
100031,1,2026-09-10,2026-10-10,5988.41,GBP
100032,1,2026-09-07,2026-10-07,4861.38,GBP
100033,2,2024-10-04,2024-11-03,3917.53,EUR
100034,2,2024-11-05,2024-12-05,3328.80,GBP
100035,2,2024-11-06,2024-12-06,4666.70,EUR
100036,2,2025-02-04,2025-03-06,6211.28,EUR
100037,2,2025-02-13,2025-03-15,3160.76,EUR
100038,2,2025-02-15,2025-03-17,10268.84,EUR
100039,2,2025-04-13,2025-05-13,13605.84,EUR
100040,2,2025-05-05,2025-06-04,4412.65,GBP
100041,2,2025-06-23,2025-07-23,4412.97,EUR
100042,2,2025-08-07,2025-09-06,8901.33,EUR
100043,2,2025-09-10,2025-10-10,4406.14,EUR
100044,2,2025-09-21,2025-10-21,3831.38,EUR
100045,2,2025-10-31,2025-11-30,4107.96,EUR
100046,2,2025-11-07,2025-12-07,5186.76,EUR
100047,2,2025-12-03,2026-01-02,7540.29,EUR
100048,2,2026-01-20,2026-02-19,13503.92,GBP
100049,2,2026-02-15,2026-03-17,9167.67,EUR
100050,2,2026-03-29,2026-04-28,10800.15,GBP
100051,2,2026-03-19,2026-04-18,7453.80,EUR
100052,2,2026-04-01,2026-05-01,5518.74,GBP
100053,2,2026-05-13,2026-06-12,8109.45,EUR
100054,2,2026-06-19,2026-07-19,2487.66,EUR
100055,2,2026-07-16,2026-08-15,2448.30,GBP
100056,3,2024-12-27,2025-01-26,1026.16,EUR
100057,3,2024-12-13,2025-01-12,2497.67,GBP
100058,3,2025-01-29,2025-02-28,2011.01,EUR
100059,3,2025-02-02,2025-03-04,1538.94,GBP
100060,3,2025-02-09,2025-03-11,1265.03,GBP
100061,3,2025-02-12,2025-03-14,2913.31,GBP
100062,3,2025-06-13,2025-07-13,353.34,EUR
100063,3,2025-11-21,2025-12-21,1595.84,GBP
100064,3,2026-01-03,2026-02-02,519.00,GBP
100065,3,2026-04-17,2026-05-17,1802.97,GBP
100066,3,2026-04-06,2026-05-06,1382.18,GBP
100067,3,2026-06-29,2026-07-29,400.63,GBP
100068,4,2025-05-30,2025-07-14,1662.02,GBP
100069,4,2026-03-19,2026-05-03,1109.94,GBP
100070,4,2026-03-29,2026-05-13,1739.83,GBP
100071,4,2026-04-27,2026-06-11,905.22,GBP
100072,4,2026-05-24,2026-07-08,1671.02,GBP
100073,4,2026-05-03,2026-06-17,2451.02,GBP
100074,5,2024-10-27,2024-12-26,10861.83,GBP
100075,5,2024-11-17,2025-01-16,4856.14,GBP
100076,5,2024-11-10,2025-01-09,3908.64,GBP
100077,5,2025-03-30,2025-05-29,6392.69,GBP
100078,5,2025-03-27,2025-05-26,3635.82,GBP
100079,5,2025-03-25,2025-05-24,4353.56,GBP
100080,5,2025-04-08,2025-06-07,3517.83,GBP
100081,5,2025-05-14,2025-07-13,4462.56,GBP
100082,5,2025-06-03,2025-08-02,17677.34,GBP
100083,5,2025-07-16,2025-09-14,4687.13,GBP
100084,5,2025-08-11,2025-10-10,3562.47,GBP
100085,5,2025-08-08,2025-10-07,4849.02,GBP
100086,5,2025-09-20,2025-11-19,5776.15,GBP
100087,5,2025-09-06,2025-11-05,8284.19,GBP
100088,5,2025-10-22,2025-12-21,5241.32,GBP
100089,5,2025-11-09,2026-01-08,6849.31,GBP
100090,5,2025-12-09,2026-02-07,9551.81,GBP
100091,5,2026-04-23,2026-06-22,6601.69,GBP
100092,5,2026-05-26,2026-07-25,7177.80,GBP
100093,5,2026-05-24,2026-07-23,4343.42,GBP
100094,5,2026-07-11,2026-09-09,10531.68,GBP
100095,5,2026-07-08,2026-09-06,7907.47,GBP
100096,5,2026-08-24,2026-10-23,4659.29,GBP
100097,5,2026-08-30,2026-10-29,7372.30,GBP
100098,5,2026-08-17,2026-10-16,3220.08,GBP
100099,5,2026-08-03,2026-10-02,6200.96,GBP
100100,5,2026-09-30,2026-11-29,3453.99,GBP
100101,5,2026-09-05,2026-11-04,9035.86,GBP
100102,6,2024-12-31,2025-01-30,1179.95,GBP
100103,6,2025-03-31,2025-04-30,1297.29,GBP
100104,6,2025-05-31,2025-06-30,1684.41,GBP
100105,6,2025-06-10,2025-07-10,2630.75,GBP
100106,6,2026-02-15,2026-03-17,2087.37,GBP
100107,6,2026-04-20,2026-05-20,660.82,GBP
100108,6,2026-07-12,2026-08-11,1901.12,GBP
100109,7,2024-11-09,2024-12-09,892.80,EUR
100110,7,2025-01-26,2025-02-25,1413.46,EUR
100111,7,2025-01-26,2025-02-25,1081.77,EUR
100112,7,2025-03-17,2025-04-16,977.29,GBP
100113,7,2026-04-24,2026-05-24,822.60,EUR
100114,7,2026-04-16,2026-05-16,1349.03,EUR
100115,7,2026-04-15,2026-05-15,1961.25,EUR
100116,7,2026-05-28,2026-06-27,740.53,GBP
100117,7,2026-06-09,2026-07-09,1906.84,EUR
100118,7,2026-06-20,2026-07-20,882.57,EUR
100119,7,2026-07-24,2026-08-23,1516.79,GBP
100120,8,2024-12-09,2025-03-09,1365.31,GBP
100121,8,2025-11-21,2026-02-19,956.47,GBP
100122,8,2025-12-31,2026-03-31,1393.31,GBP
100123,8,2025-12-18,2026-03-18,1453.22,GBP
100124,8,2026-03-06,2026-06-04,1520.23,GBP
100125,8,2026-04-11,2026-07-10,2104.89,GBP
100126,9,2024-10-19,2024-11-18,7675.77,GBP
100127,9,2024-10-04,2024-11-03,9120.68,GBP
100128,9,2024-11-18,2024-12-18,4054.49,GBP
100129,9,2024-12-24,2025-01-23,12126.68,GBP
100130,9,2024-12-29,2025-01-28,26526.04,GBP
100131,9,2024-12-19,2025-01-18,4493.42,GBP
100132,9,2025-02-27,2025-03-29,5595.57,GBP
100133,9,2025-04-15,2025-05-15,8378.48,GBP
100134,9,2025-06-22,2025-07-22,7308.35,GBP
100135,9,2025-08-27,2025-09-26,17765.62,GBP
100136,9,2025-08-10,2025-09-09,8553.10,GBP
100137,9,2025-08-15,2025-09-14,4080.69,GBP
100138,9,2025-09-09,2025-10-09,7087.31,GBP
100139,9,2025-11-10,2025-12-10,4328.01,GBP
100140,9,2025-12-13,2026-01-12,8795.13,GBP
100141,9,2025-12-09,2026-01-08,5610.44,GBP
100142,9,2026-01-30,2026-03-01,5231.52,GBP
100143,9,2026-01-31,2026-03-02,10607.86,GBP
100144,9,2026-02-20,2026-03-22,4214.77,GBP
100145,9,2026-04-26,2026-05-26,6808.30,GBP
100146,9,2026-04-27,2026-05-27,4426.57,GBP
100147,9,2026-05-04,2026-06-03,8683.66,GBP
100148,9,2026-05-18,2026-06-17,19389.55,GBP
100149,9,2026-05-24,2026-06-23,8284.14,GBP
100150,9,2026-08-21,2026-09-20,3856.77,GBP
100151,9,2026-09-09,2026-10-09,12019.02,GBP
100152,9,2026-09-09,2026-10-09,4344.04,GBP
100153,10,2025-02-26,2025-04-12,2415.06,EUR
100154,10,2025-03-01,2025-04-15,287.53,GBP
100155,10,2025-08-13,2025-09-27,1067.52,GBP
100156,10,2025-08-12,2025-09-26,1926.96,GBP
100157,10,2025-09-19,2025-11-03,1540.55,GBP
100158,10,2026-01-29,2026-03-15,3721.16,GBP
100159,10,2026-05-23,2026-07-07,1492.01,EUR
100160,11,2024-11-13,2025-01-12,11637.99,GBP
100161,11,2024-12-10,2025-02-08,5087.01,EUR
100162,11,2024-12-01,2025-01-30,1633.07,EUR
100163,11,2025-01-28,2025-03-29,6543.62,EUR
100164,11,2025-03-16,2025-05-15,12886.68,EUR
100165,11,2025-04-25,2025-06-24,19865.71,EUR
100166,11,2025-04-13,2025-06-12,8016.76,GBP
100167,11,2025-05-27,2025-07-26,8416.16,EUR
100168,11,2025-06-11,2025-08-10,10714.94,EUR
100169,11,2025-11-11,2026-01-10,9912.24,EUR
100170,11,2025-11-23,2026-01-22,5910.71,GBP
100171,11,2026-01-13,2026-03-14,13774.47,EUR
100172,11,2026-01-06,2026-03-07,9003.13,EUR
100173,11,2026-02-15,2026-04-16,7643.05,GBP
100174,11,2026-02-16,2026-04-17,14260.17,EUR
100175,11,2026-02-26,2026-04-27,5450.29,EUR
100176,11,2026-03-31,2026-05-30,11375.94,EUR
100177,11,2026-05-04,2026-07-03,6137.47,GBP
100178,11,2026-06-06,2026-08-05,4582.71,EUR
100179,11,2026-06-08,2026-08-07,5668.65,EUR
100180,11,2026-07-24,2026-09-22,9150.62,EUR
100181,11,2026-08-13,2026-10-12,6355.40,EUR
100182,12,2025-09-14,2025-10-14,1695.39,GBP
100183,12,2026-02-10,2026-03-12,3088.63,GBP
100184,12,2026-04-03,2026-05-03,2708.46,GBP
100185,12,2026-08-12,2026-09-11,3041.21,GBP
100186,13,2025-01-17,2025-02-16,3036.49,GBP
100187,13,2025-01-02,2025-02-01,6841.71,EUR
100188,13,2025-02-23,2025-03-25,2811.77,EUR
100189,13,2025-03-30,2025-04-29,6731.91,EUR
100190,13,2025-04-28,2025-05-28,9791.10,EUR
100191,13,2025-06-26,2025-07-26,8519.58,EUR
100192,13,2025-06-02,2025-07-02,5293.79,EUR
100193,13,2025-06-27,2025-07-27,4804.26,GBP
100194,13,2025-09-14,2025-10-14,3587.16,EUR
100195,13,2025-12-24,2026-01-23,5161.82,GBP
100196,13,2026-01-20,2026-02-19,7225.81,EUR
100197,13,2026-01-17,2026-02-16,16120.08,EUR
100198,13,2026-01-01,2026-01-31,7246.53,GBP
100199,13,2026-01-11,2026-02-10,6138.87,EUR
100200,13,2026-02-01,2026-03-03,6492.69,EUR
100201,13,2026-04-17,2026-05-17,19631.25,EUR
100202,13,2026-05-17,2026-06-16,12034.05,GBP
100203,13,2026-07-26,2026-08-25,10293.51,EUR
100204,13,2026-08-20,2026-09-19,5574.70,GBP
100205,14,2024-10-21,2024-11-20,1207.93,GBP
100206,14,2024-10-18,2024-11-17,2840.32,GBP
100207,14,2025-02-04,2025-03-06,1055.53,GBP
100208,14,2025-03-29,2025-04-28,1807.16,GBP
100209,14,2025-10-27,2025-11-26,712.02,GBP
100210,14,2025-10-04,2025-11-03,713.99,GBP
100211,14,2026-01-26,2026-02-25,1924.78,GBP
100212,14,2026-01-21,2026-02-20,1167.64,GBP
100213,14,2026-08-17,2026-09-16,1515.50,GBP
100214,15,2024-12-16,2025-03-16,1488.39,EUR
100215,15,2025-01-19,2025-04-19,682.08,EUR
100216,15,2025-08-29,2025-11-27,1508.45,EUR
100217,15,2025-11-22,2026-02-20,1138.99,EUR
100218,15,2025-12-23,2026-03-23,1261.06,EUR
100219,15,2026-01-06,2026-04-06,4382.05,EUR
100220,15,2026-02-24,2026-05-25,732.49,EUR
100221,15,2026-07-29,2026-10-27,2434.39,EUR
100222,15,2026-08-13,2026-11-11,1971.17,EUR
100223,16,2025-05-03,2025-06-02,796.50,EUR
100224,16,2025-09-11,2025-10-11,735.10,GBP
100225,16,2025-11-02,2025-12-02,2378.45,EUR
100226,16,2026-01-28,2026-02-27,1055.43,EUR
100227,16,2026-02-01,2026-03-03,670.78,EUR
100228,16,2026-04-12,2026-05-12,881.74,GBP
100229,16,2026-05-10,2026-06-09,1322.90,EUR
100230,16,2026-08-08,2026-09-07,678.41,GBP
100231,16,2026-09-21,2026-10-21,974.23,EUR
100232,17,2024-10-13,2024-11-12,944.21,EUR
100233,17,2025-10-07,2025-11-06,2180.82,EUR
100234,17,2026-04-23,2026-05-23,646.04,EUR
100235,17,2026-05-17,2026-06-16,1309.57,GBP
100236,17,2026-05-21,2026-06-20,715.43,GBP
100237,17,2026-08-03,2026-09-02,1525.78,EUR
100238,18,2024-10-21,2024-11-20,1147.36,GBP
100239,18,2024-10-21,2024-11-20,1249.64,GBP
100240,18,2025-05-21,2025-06-20,960.69,EUR
100241,18,2025-07-15,2025-08-14,549.45,EUR
100242,18,2025-11-23,2025-12-23,5244.96,EUR
100243,18,2026-05-29,2026-06-28,1085.73,EUR
100244,18,2026-06-05,2026-07-05,947.56,EUR
100245,19,2024-10-21,2024-11-20,2024.87,GBP
100246,19,2024-11-21,2024-12-21,866.86,GBP
100247,19,2024-11-25,2024-12-25,402.33,GBP
100248,19,2024-11-25,2024-12-25,3434.63,GBP
100249,19,2025-02-10,2025-03-12,1087.70,GBP
100250,19,2025-06-20,2025-07-20,654.29,GBP
100251,19,2025-12-20,2026-01-19,849.00,GBP
100252,19,2026-01-12,2026-02-11,1124.34,GBP
100253,19,2026-02-27,2026-03-29,1799.82,GBP
100254,20,2024-11-13,2025-01-12,3380.42,EUR
100255,20,2026-03-22,2026-05-21,1119.14,EUR
100256,20,2026-06-04,2026-08-03,2161.33,GBP
100257,21,2024-10-14,2024-11-13,1255.53,GBP
100258,21,2024-11-30,2024-12-30,1861.55,GBP
100259,21,2024-11-12,2024-12-12,640.93,GBP
100260,21,2025-02-16,2025-03-18,1093.35,GBP
100261,21,2025-04-09,2025-05-09,3088.07,GBP
100262,21,2025-10-22,2025-11-21,7523.57,GBP
100263,21,2025-11-18,2025-12-18,3003.89,GBP
100264,21,2025-12-07,2026-01-06,397.00,GBP
100265,21,2026-05-05,2026-06-04,728.73,GBP
100266,21,2026-09-25,2026-10-25,1631.06,GBP
100267,21,2026-09-06,2026-10-06,945.54,GBP
100268,21,2026-09-05,2026-10-05,983.00,GBP
100269,22,2024-10-11,2024-11-25,21010.08,GBP
100270,22,2024-10-08,2024-11-22,20775.54,GBP
100271,22,2024-11-28,2025-01-12,40287.89,GBP
100272,22,2024-11-17,2025-01-01,21758.46,GBP
100273,22,2024-11-05,2024-12-20,44334.12,GBP
100274,22,2024-12-18,2025-02-01,46822.77,GBP
100275,22,2024-12-29,2025-02-12,16323.43,GBP
100276,22,2025-01-16,2025-03-02,56904.17,GBP
100277,22,2025-01-06,2025-02-20,17695.54,GBP
100278,22,2025-01-03,2025-02-17,42210.67,GBP
100279,22,2025-01-30,2025-03-16,30973.58,GBP
100280,22,2025-01-18,2025-03-04,15789.99,GBP
100281,22,2025-01-19,2025-03-05,20653.68,GBP
100282,22,2025-02-23,2025-04-09,20014.40,GBP
100283,22,2025-02-24,2025-04-10,47578.82,GBP
100284,22,2025-02-28,2025-04-14,45041.22,GBP
100285,22,2025-02-18,2025-04-04,8161.39,GBP
100286,22,2025-03-19,2025-05-03,49477.92,GBP
100287,22,2025-03-24,2025-05-08,24536.78,GBP
100288,22,2025-03-24,2025-05-08,26384.03,GBP
100289,22,2025-03-16,2025-04-30,57525.35,GBP
100290,22,2025-04-23,2025-06-07,39326.25,GBP
100291,22,2025-04-14,2025-05-29,24156.44,GBP
100292,22,2025-04-08,2025-05-23,9024.67,GBP
100293,22,2025-05-13,2025-06-27,67365.23,GBP
100294,22,2025-05-09,2025-06-23,15817.46,GBP
100295,22,2025-05-20,2025-07-04,32111.06,GBP
100296,22,2025-06-12,2025-07-27,13629.37,GBP
100297,22,2025-07-10,2025-08-24,27336.37,GBP
100298,22,2025-07-06,2025-08-20,27615.29,GBP
100299,22,2025-07-08,2025-08-22,29541.92,GBP
100300,22,2025-08-29,2025-10-13,26891.91,GBP
100301,22,2025-08-16,2025-09-30,25640.53,GBP
100302,22,2025-08-04,2025-09-18,31465.26,GBP
100303,22,2025-08-19,2025-10-03,22897.37,GBP
100304,22,2025-08-20,2025-10-04,30782.46,GBP
100305,22,2025-08-27,2025-10-11,30941.45,GBP
100306,22,2025-09-07,2025-10-22,19832.00,GBP
100307,22,2025-09-20,2025-11-04,79931.15,GBP
100308,22,2025-09-06,2025-10-21,40485.99,GBP
100309,22,2025-09-10,2025-10-25,49119.92,GBP
100310,22,2025-09-01,2025-10-16,38155.35,GBP
100311,22,2025-10-07,2025-11-21,23884.86,GBP
100312,22,2025-10-04,2025-11-18,23166.00,GBP
100313,22,2025-10-26,2025-12-10,43661.46,GBP
100314,22,2025-10-24,2025-12-08,21697.21,GBP
100315,22,2025-10-15,2025-11-29,45057.51,GBP
100316,22,2025-10-15,2025-11-29,33201.41,GBP
100317,22,2025-10-13,2025-11-27,22045.28,GBP
100318,22,2025-11-27,2026-01-11,25933.10,GBP
100319,22,2025-11-19,2026-01-03,21913.23,GBP
100320,22,2025-11-08,2025-12-23,38989.19,GBP
100321,22,2025-11-07,2025-12-22,19178.26,GBP
100322,22,2025-12-07,2026-01-21,34857.66,GBP
100323,22,2025-12-09,2026-01-23,26817.56,GBP
100324,22,2025-12-10,2026-01-24,19230.96,GBP
100325,22,2025-12-19,2026-02-02,49356.63,GBP
100326,22,2025-12-21,2026-02-04,26539.70,GBP
100327,22,2026-01-31,2026-03-17,34833.90,GBP
100328,22,2026-01-09,2026-02-23,35427.35,GBP
100329,22,2026-02-20,2026-04-06,18645.67,GBP
100330,22,2026-02-06,2026-03-23,27061.37,GBP
100331,22,2026-03-09,2026-04-23,30626.38,GBP
100332,22,2026-03-23,2026-05-07,85158.87,GBP
100333,22,2026-03-18,2026-05-02,24573.65,GBP
100334,22,2026-03-02,2026-04-16,28052.12,GBP
100335,22,2026-03-01,2026-04-15,34058.13,GBP
100336,22,2026-04-10,2026-05-25,39607.52,GBP
100337,22,2026-04-05,2026-05-20,19038.73,GBP
100338,22,2026-04-26,2026-06-10,27887.66,GBP
100339,22,2026-04-05,2026-05-20,15890.82,GBP
100340,22,2026-05-19,2026-07-03,17000.51,GBP
100341,22,2026-06-24,2026-08-08,39052.28,GBP
100342,22,2026-07-29,2026-09-12,20757.90,GBP
100343,22,2026-07-08,2026-08-22,19674.84,GBP
100344,22,2026-07-03,2026-08-17,63688.16,GBP
100345,22,2026-07-25,2026-09-08,50907.99,GBP
100346,22,2026-08-19,2026-10-03,39794.79,GBP
100347,22,2026-08-23,2026-10-07,27123.01,GBP
100348,22,2026-08-12,2026-09-26,28568.39,GBP
100349,22,2026-08-20,2026-10-04,29710.89,GBP
100350,22,2026-09-29,2026-11-13,48384.12,GBP
100351,22,2026-09-29,2026-11-13,39765.22,GBP
100352,23,2025-03-23,2025-05-07,1341.29,GBP
100353,23,2025-07-10,2025-08-24,776.18,GBP
100354,23,2025-09-28,2025-11-12,1237.91,GBP
100355,23,2026-02-28,2026-04-14,1071.19,GBP
100356,23,2026-03-19,2026-05-03,1046.87,GBP
100357,23,2026-07-09,2026-08-23,1385.15,GBP
100358,23,2026-08-22,2026-10-06,1542.53,GBP
100359,23,2026-09-06,2026-10-21,5961.84,GBP
100360,24,2024-10-14,2024-12-13,4584.55,GBP
100361,24,2024-12-08,2025-02-06,4708.51,GBP
100362,24,2025-01-12,2025-03-13,3588.05,GBP
100363,24,2025-01-28,2025-03-29,9171.57,GBP
100364,24,2025-01-18,2025-03-19,10592.38,GBP
100365,24,2025-02-12,2025-04-13,8893.82,GBP
100366,24,2025-02-08,2025-04-09,7860.21,GBP
100367,24,2025-02-08,2025-04-09,3073.39,GBP
100368,24,2025-03-25,2025-05-24,9178.35,GBP
100369,24,2025-05-01,2025-06-30,3289.64,GBP
100370,24,2025-08-15,2025-10-14,11035.07,GBP
100371,24,2025-08-10,2025-10-09,5862.52,GBP
100372,24,2025-09-18,2025-11-17,5577.28,GBP
100373,24,2025-09-05,2025-11-04,8054.93,GBP
100374,24,2025-09-10,2025-11-09,5476.03,GBP
100375,24,2025-11-05,2026-01-04,6635.31,GBP
100376,24,2025-12-06,2026-02-04,3893.13,GBP
100377,24,2026-01-20,2026-03-21,11892.80,GBP
100378,24,2026-02-21,2026-04-22,13267.20,GBP
100379,24,2026-03-05,2026-05-04,4834.67,GBP
100380,24,2026-03-01,2026-04-30,4114.49,GBP
100381,24,2026-05-29,2026-07-28,5193.27,GBP
100382,24,2026-05-02,2026-07-01,13828.58,GBP
100383,24,2026-07-14,2026-09-12,10240.82,GBP
100384,24,2026-07-10,2026-09-08,3654.67,GBP
100385,24,2026-07-27,2026-09-25,4243.79,GBP
100386,25,2024-10-04,2024-11-03,43248.51,GBP
100387,25,2024-10-15,2024-11-14,32658.53,GBP
100388,25,2024-10-09,2024-11-08,20922.97,GBP
100389,25,2024-10-14,2024-11-13,18873.34,GBP
100390,25,2024-10-12,2024-11-11,24055.44,GBP
100391,25,2024-10-18,2024-11-17,17128.14,GBP
100392,25,2024-10-28,2024-11-27,32490.19,GBP
100393,25,2024-10-06,2024-11-05,22454.62,GBP
100394,25,2024-11-11,2024-12-11,24320.89,GBP
100395,25,2024-11-25,2024-12-25,45552.12,GBP
100396,25,2024-12-25,2025-01-24,11818.16,GBP
100397,25,2024-12-28,2025-01-27,43150.61,GBP
100398,25,2025-01-02,2025-02-01,21790.58,GBP
100399,25,2025-01-27,2025-02-26,20064.91,GBP
100400,25,2025-01-10,2025-02-09,44092.93,GBP
100401,25,2025-01-27,2025-02-26,45384.50,GBP
100402,25,2025-02-17,2025-03-19,22411.35,GBP
100403,25,2025-02-01,2025-03-03,21538.83,GBP
100404,25,2025-02-25,2025-03-27,37016.81,GBP
100405,25,2025-03-21,2025-04-20,70810.98,GBP
100406,25,2025-03-29,2025-04-28,42731.81,GBP
100407,25,2025-03-02,2025-04-01,112396.75,GBP
100408,25,2025-04-09,2025-05-09,25889.20,GBP
100409,25,2025-04-27,2025-05-27,45675.36,GBP
100410,25,2025-04-05,2025-05-05,41290.08,GBP
100411,25,2025-04-20,2025-05-20,20711.86,GBP
100412,25,2025-04-01,2025-05-01,46668.91,GBP
100413,25,2025-04-26,2025-05-26,13590.74,GBP
100414,25,2025-05-03,2025-06-02,31815.77,GBP
100415,25,2025-05-16,2025-06-15,28819.90,GBP
100416,25,2025-05-29,2025-06-28,20675.95,GBP
100417,25,2025-06-24,2025-07-24,28717.22,GBP
100418,25,2025-06-20,2025-07-20,24670.00,GBP
100419,25,2025-06-17,2025-07-17,34876.06,GBP
100420,25,2025-07-02,2025-08-01,59835.75,GBP
100421,25,2025-07-09,2025-08-08,14461.44,GBP
100422,25,2025-07-27,2025-08-26,25220.05,GBP
100423,25,2025-08-11,2025-09-10,18532.62,GBP
100424,25,2025-09-16,2025-10-16,22114.15,GBP
100425,25,2025-09-30,2025-10-30,30166.44,GBP
100426,25,2025-09-10,2025-10-10,27303.89,GBP
100427,25,2025-09-18,2025-10-18,30851.43,GBP
100428,25,2025-09-18,2025-10-18,18438.83,GBP
100429,25,2025-09-02,2025-10-02,15726.88,GBP
100430,25,2025-09-02,2025-10-02,28380.65,GBP
100431,25,2025-10-01,2025-10-31,37097.51,GBP
100432,25,2025-10-02,2025-11-01,24693.87,GBP
100433,25,2025-10-10,2025-11-09,24706.37,GBP
100434,25,2025-10-30,2025-11-29,30995.48,GBP
100435,25,2025-10-03,2025-11-02,65201.02,GBP
100436,25,2025-10-25,2025-11-24,20721.99,GBP
100437,25,2025-10-11,2025-11-10,33918.49,GBP
100438,25,2025-11-01,2025-12-01,17479.23,GBP
100439,25,2025-11-24,2025-12-24,36697.03,GBP
100440,25,2025-11-17,2025-12-17,18642.78,GBP
100441,25,2025-11-21,2025-12-21,12133.80,GBP
100442,25,2025-11-13,2025-12-13,22415.47,GBP
100443,25,2025-11-06,2025-12-06,40586.14,GBP
100444,25,2025-12-29,2026-01-28,59394.94,GBP
100445,25,2025-12-25,2026-01-24,27496.27,GBP
100446,25,2025-12-07,2026-01-06,10426.72,GBP
100447,25,2025-12-17,2026-01-16,29678.97,GBP
100448,25,2025-12-19,2026-01-18,23833.12,GBP
100449,25,2025-12-08,2026-01-07,28838.01,GBP
100450,25,2026-01-23,2026-02-22,26583.85,GBP
100451,25,2026-01-31,2026-03-02,18027.64,GBP
100452,25,2026-01-23,2026-02-22,99355.65,GBP
100453,25,2026-01-14,2026-02-13,33234.14,GBP
100454,25,2026-02-23,2026-03-25,20886.15,GBP
100455,25,2026-02-23,2026-03-25,24639.72,GBP
100456,25,2026-02-22,2026-03-24,66583.73,GBP
100457,25,2026-02-24,2026-03-26,28592.24,GBP
100458,25,2026-02-04,2026-03-06,28817.84,GBP
100459,25,2026-02-28,2026-03-30,46058.27,GBP
100460,25,2026-02-13,2026-03-15,24147.73,GBP
100461,25,2026-02-11,2026-03-13,43491.75,GBP
100462,25,2026-03-26,2026-04-25,13744.17,GBP
100463,25,2026-04-22,2026-05-22,31141.78,GBP
100464,25,2026-04-18,2026-05-18,18316.14,GBP
100465,25,2026-04-11,2026-05-11,39634.49,GBP
100466,25,2026-05-28,2026-06-27,70877.78,GBP
100467,25,2026-05-06,2026-06-05,11929.46,GBP
100468,25,2026-05-04,2026-06-03,53074.08,GBP
100469,25,2026-05-21,2026-06-20,13968.71,GBP
100470,25,2026-06-17,2026-07-17,25328.61,GBP
100471,25,2026-06-16,2026-07-16,28232.73,GBP
100472,25,2026-06-22,2026-07-22,22369.15,GBP
100473,25,2026-06-27,2026-07-27,43416.64,GBP
100474,25,2026-06-06,2026-07-06,50487.33,GBP
100475,25,2026-07-31,2026-08-30,16226.39,GBP
100476,25,2026-07-05,2026-08-04,18216.26,GBP
100477,25,2026-07-09,2026-08-08,31213.73,GBP
100478,25,2026-07-10,2026-08-09,53547.56,GBP
100479,25,2026-08-02,2026-09-01,36591.47,GBP
100480,25,2026-08-24,2026-09-23,25093.70,GBP
100481,25,2026-09-02,2026-10-02,35234.41,GBP
100482,25,2026-09-10,2026-10-10,14954.00,GBP
100483,25,2026-09-08,2026-10-08,45434.87,GBP
100484,25,2026-09-02,2026-10-02,32876.06,GBP
100485,25,2026-09-08,2026-10-08,34230.33,GBP
100486,25,2026-09-14,2026-10-14,27252.98,GBP
100487,25,2026-09-01,2026-10-01,37628.92,GBP
100488,26,2024-10-16,2024-12-15,994.97,GBP
100489,26,2025-05-18,2025-07-17,2628.78,GBP
100490,26,2025-08-22,2025-10-21,981.53,GBP
100491,26,2025-10-11,2025-12-10,1094.07,GBP
100492,26,2025-11-17,2026-01-16,812.93,GBP
100493,26,2026-01-24,2026-03-25,768.52,GBP
100494,26,2026-03-13,2026-05-12,2092.66,GBP
100495,26,2026-07-14,2026-09-12,1284.47,GBP
100496,27,2024-10-02,2024-12-01,9304.30,GBP
100497,27,2025-02-15,2025-04-16,6268.87,GBP
100498,27,2025-05-05,2025-07-04,8973.81,GBP
100499,27,2025-05-11,2025-07-10,6760.03,GBP
100500,27,2025-05-07,2025-07-06,6302.65,GBP
100501,27,2025-06-26,2025-08-25,7195.14,GBP
100502,27,2025-08-19,2025-10-18,15995.34,GBP
100503,27,2025-08-10,2025-10-09,5384.39,GBP
100504,27,2025-09-09,2025-11-08,4885.32,GBP
100505,27,2025-10-24,2025-12-23,21773.75,GBP
100506,27,2025-11-03,2026-01-02,9726.48,GBP
100507,27,2025-11-08,2026-01-07,13542.64,GBP
100508,27,2025-12-19,2026-02-17,4432.90,GBP
100509,27,2025-12-19,2026-02-17,5155.58,GBP
100510,27,2026-01-02,2026-03-03,10000.96,GBP
100511,27,2026-01-31,2026-04-01,4577.40,GBP
100512,27,2026-03-22,2026-05-21,4749.38,GBP
100513,27,2026-04-12,2026-06-11,9348.71,GBP
100514,27,2026-04-22,2026-06-21,11788.24,GBP
100515,27,2026-04-18,2026-06-17,6099.31,GBP
100516,27,2026-04-15,2026-06-14,5966.00,GBP
100517,27,2026-04-21,2026-06-20,5697.38,GBP
100518,27,2026-04-26,2026-06-25,12679.57,GBP
100519,27,2026-05-18,2026-07-17,6212.99,GBP
100520,27,2026-05-22,2026-07-21,4702.51,GBP
100521,27,2026-06-28,2026-08-27,12877.77,GBP
100522,27,2026-06-06,2026-08-05,6670.05,GBP
100523,27,2026-07-21,2026-09-19,8876.86,GBP
100524,27,2026-07-07,2026-09-05,7735.11,GBP
100525,27,2026-08-04,2026-10-03,6514.01,GBP
100526,27,2026-09-22,2026-11-21,7607.81,GBP
100527,27,2026-09-23,2026-11-22,2947.11,GBP
100528,28,2024-10-16,2024-11-15,6960.41,GBP
100529,28,2024-10-01,2024-10-31,8631.23,EUR
100530,28,2024-11-28,2024-12-28,3850.48,GBP
100531,28,2024-12-07,2025-01-06,6960.07,EUR
100532,28,2024-12-21,2025-01-20,3844.78,EUR
100533,28,2025-01-16,2025-02-15,9308.95,EUR
100534,28,2025-01-22,2025-02-21,2465.58,GBP
100535,28,2025-02-10,2025-03-12,3822.02,EUR
100536,28,2025-02-15,2025-03-17,6338.01,GBP
100537,28,2025-03-22,2025-04-21,5787.73,GBP
100538,28,2025-04-10,2025-05-10,8223.76,EUR
100539,28,2025-04-01,2025-05-01,6767.33,GBP
100540,28,2025-05-09,2025-06-08,8119.54,GBP
100541,28,2025-06-29,2025-07-29,6180.59,EUR
100542,28,2025-06-18,2025-07-18,7286.57,EUR
100543,28,2025-06-10,2025-07-10,7354.45,GBP
100544,28,2025-07-13,2025-08-12,5200.21,GBP
100545,28,2025-07-17,2025-08-16,4642.80,GBP
100546,28,2025-07-23,2025-08-22,2938.96,EUR
100547,28,2025-08-14,2025-09-13,5411.16,EUR
100548,28,2025-09-19,2025-10-19,12446.95,GBP
100549,28,2025-10-12,2025-11-11,5801.36,EUR
100550,28,2025-11-21,2025-12-21,7927.34,GBP
100551,28,2025-11-03,2025-12-03,9501.93,GBP
100552,28,2025-11-09,2025-12-09,8731.72,GBP
100553,28,2025-12-12,2026-01-11,10335.40,EUR
100554,28,2026-02-23,2026-03-25,8540.73,GBP
100555,28,2026-03-01,2026-03-31,2531.78,EUR
100556,28,2026-03-08,2026-04-07,2574.33,GBP
100557,28,2026-06-05,2026-07-05,5080.29,EUR
100558,28,2026-06-29,2026-07-29,14099.86,EUR
100559,28,2026-07-09,2026-08-08,8862.61,EUR
100560,28,2026-08-31,2026-09-30,5541.41,EUR
100561,28,2026-08-15,2026-09-14,7556.13,EUR
100562,28,2026-09-16,2026-10-16,7038.18,GBP
100563,29,2024-12-04,2025-02-02,5258.67,EUR
100564,29,2024-12-12,2025-02-10,6299.05,GBP
100565,29,2025-01-26,2025-03-27,6296.07,GBP
100566,29,2025-01-27,2025-03-28,5513.92,GBP
100567,29,2025-02-14,2025-04-15,4007.06,GBP
100568,29,2025-02-07,2025-04-08,5947.01,GBP
100569,29,2025-03-04,2025-05-03,5542.61,GBP
100570,29,2025-03-05,2025-05-04,3255.78,GBP
100571,29,2025-05-14,2025-07-13,6201.61,GBP
100572,29,2025-10-11,2025-12-10,6804.37,GBP
100573,29,2025-12-04,2026-02-02,3541.21,EUR
100574,29,2026-01-14,2026-03-15,2756.39,EUR
100575,29,2026-02-02,2026-04-03,8612.64,GBP
100576,29,2026-03-13,2026-05-12,3546.10,GBP
100577,29,2026-04-06,2026-06-05,7626.12,EUR
100578,29,2026-06-13,2026-08-12,7642.02,GBP
100579,29,2026-09-18,2026-11-17,3539.73,GBP
100580,29,2026-09-14,2026-11-13,2017.64,GBP
100581,30,2024-12-23,2025-02-21,1785.75,GBP
100582,30,2024-12-03,2025-02-01,481.40,GBP
100583,30,2024-12-08,2025-02-06,454.47,GBP
100584,30,2025-04-01,2025-05-31,2701.69,GBP
100585,30,2026-02-12,2026-04-13,1789.29,GBP
100586,30,2026-06-17,2026-08-16,762.61,GBP
100587,30,2026-08-08,2026-10-07,1522.29,GBP
100588,30,2026-09-29,2026-11-28,1590.67,GBP
100589,31,2025-05-02,2025-06-01,367.99,GBP
100590,31,2025-06-25,2025-07-25,775.79,GBP
100591,31,2026-01-06,2026-02-05,729.79,GBP
100592,31,2026-02-16,2026-03-18,913.25,GBP
100593,31,2026-02-04,2026-03-06,740.69,GBP
100594,31,2026-03-13,2026-04-12,645.00,GBP
100595,31,2026-03-07,2026-04-06,1368.84,GBP
100596,31,2026-05-04,2026-06-03,1433.30,GBP
100597,32,2025-06-15,2025-09-13,645.23,GBP
100598,32,2025-12-17,2026-03-17,565.72,GBP
100599,32,2026-05-14,2026-08-12,1590.64,GBP
100600,32,2026-08-10,2026-11-08,1812.11,GBP
100601,32,2026-09-10,2026-12-09,2144.38,GBP
100602,32,2026-09-10,2026-12-09,989.79,GBP
100603,33,2024-11-27,2025-01-11,475.60,GBP
100604,33,2025-01-19,2025-03-05,1350.07,EUR
100605,33,2025-01-19,2025-03-05,1706.90,EUR
100606,33,2025-02-05,2025-03-22,1187.40,EUR
100607,33,2025-02-04,2025-03-21,1268.24,GBP
100608,33,2025-04-16,2025-05-31,1097.15,GBP
100609,33,2025-11-03,2025-12-18,2017.40,EUR
100610,33,2026-02-12,2026-03-29,811.46,GBP
100611,33,2026-05-06,2026-06-20,317.64,GBP
100612,33,2026-09-20,2026-11-04,946.42,EUR
100613,33,2026-09-11,2026-10-26,2011.12,EUR
100614,33,2026-09-19,2026-11-03,960.74,EUR
100615,34,2024-10-29,2024-12-28,19841.87,GBP
100616,34,2024-10-05,2024-12-04,16427.72,GBP
100617,34,2024-10-08,2024-12-07,12655.95,GBP
100618,34,2024-10-03,2024-12-02,35868.51,GBP
100619,34,2024-10-19,2024-12-18,34073.85,GBP
100620,34,2024-11-26,2025-01-25,64385.60,GBP
100621,34,2024-11-21,2025-01-20,39697.69,GBP
100622,34,2024-11-07,2025-01-06,9429.36,GBP
100623,34,2024-12-17,2025-02-15,35816.53,GBP
100624,34,2024-12-14,2025-02-12,19459.22,GBP
100625,34,2024-12-08,2025-02-06,46494.26,GBP
100626,34,2024-12-12,2025-02-10,43414.80,GBP
100627,34,2025-01-06,2025-03-07,32875.42,GBP
100628,34,2025-01-31,2025-04-01,39184.67,GBP
100629,34,2025-01-10,2025-03-11,44112.06,GBP
100630,34,2025-02-01,2025-04-02,44253.49,GBP
100631,34,2025-02-25,2025-04-26,32772.90,GBP
100632,34,2025-03-06,2025-05-05,52169.45,GBP
100633,34,2025-03-13,2025-05-12,17780.22,GBP
100634,34,2025-04-24,2025-06-23,23592.37,GBP
100635,34,2025-04-30,2025-06-29,12228.12,GBP
100636,34,2025-04-25,2025-06-24,29214.02,GBP
100637,34,2025-04-16,2025-06-15,26573.51,GBP
100638,34,2025-05-23,2025-07-22,53878.83,GBP
100639,34,2025-06-14,2025-08-13,51131.09,GBP
100640,34,2025-06-16,2025-08-15,44960.97,GBP
100641,34,2025-06-26,2025-08-25,15378.41,GBP
100642,34,2025-07-01,2025-08-30,16781.67,GBP
100643,34,2025-07-29,2025-09-27,26838.84,GBP
100644,34,2025-07-22,2025-09-20,35122.68,GBP
100645,34,2025-07-16,2025-09-14,36795.61,GBP
100646,34,2025-08-26,2025-10-25,33672.30,GBP
100647,34,2025-08-16,2025-10-15,10883.51,GBP
100648,34,2025-08-13,2025-10-12,19661.25,GBP
100649,34,2025-08-19,2025-10-18,29016.11,GBP
100650,34,2025-08-22,2025-10-21,14798.87,GBP
100651,34,2025-09-28,2025-11-27,20182.11,GBP
100652,34,2025-09-28,2025-11-27,72744.86,GBP
100653,34,2025-09-28,2025-11-27,40531.37,GBP
100654,34,2025-10-19,2025-12-18,49754.11,GBP
100655,34,2025-11-08,2026-01-07,72692.69,GBP
100656,34,2025-11-22,2026-01-21,52326.69,GBP
100657,34,2025-11-22,2026-01-21,28111.67,GBP
100658,34,2025-11-01,2025-12-31,41748.87,GBP
100659,34,2025-11-06,2026-01-05,23989.43,GBP
100660,34,2025-11-11,2026-01-10,28433.97,GBP
100661,34,2025-12-14,2026-02-12,48254.49,GBP
100662,34,2025-12-20,2026-02-18,34710.40,GBP
100663,34,2025-12-01,2026-01-30,23530.65,GBP
100664,34,2025-12-27,2026-02-25,58121.90,GBP
100665,34,2026-01-26,2026-03-27,33806.85,GBP
100666,34,2026-01-07,2026-03-08,33480.39,GBP
100667,34,2026-02-25,2026-04-26,48686.45,GBP
100668,34,2026-02-14,2026-04-15,36672.15,GBP
100669,34,2026-02-08,2026-04-09,30998.94,GBP
100670,34,2026-02-01,2026-04-02,27025.30,GBP
100671,34,2026-02-17,2026-04-18,28395.06,GBP
100672,34,2026-03-26,2026-05-25,17467.43,GBP
100673,34,2026-03-11,2026-05-10,30943.53,GBP
100674,34,2026-04-29,2026-06-28,24822.11,GBP
100675,34,2026-04-18,2026-06-17,34788.20,GBP
100676,34,2026-04-02,2026-06-01,12253.05,GBP
100677,34,2026-04-26,2026-06-25,43540.31,GBP
100678,34,2026-05-30,2026-07-29,18665.28,GBP
100679,34,2026-05-12,2026-07-11,20701.11,GBP
100680,34,2026-05-15,2026-07-14,22584.94,GBP
100681,34,2026-05-23,2026-07-22,32667.99,GBP
100682,34,2026-05-14,2026-07-13,47147.95,GBP
100683,34,2026-05-13,2026-07-12,15802.09,GBP
100684,34,2026-06-16,2026-08-15,23525.88,GBP
100685,34,2026-06-07,2026-08-06,25139.24,GBP
100686,34,2026-06-01,2026-07-31,23617.22,GBP
100687,34,2026-07-16,2026-09-14,23278.99,GBP
100688,34,2026-07-10,2026-09-08,59964.12,GBP
100689,34,2026-07-05,2026-09-03,20618.18,GBP
100690,34,2026-08-19,2026-10-18,49839.35,GBP
100691,34,2026-08-14,2026-10-13,34301.66,GBP
100692,34,2026-08-24,2026-10-23,24892.46,GBP
100693,34,2026-08-22,2026-10-21,59567.54,GBP
100694,35,2024-10-25,2025-01-23,71769.21,GBP
100695,35,2024-10-21,2025-01-19,9603.04,GBP
100696,35,2024-10-02,2024-12-31,32428.54,GBP
100697,35,2024-10-20,2025-01-18,28552.86,GBP
100698,35,2024-10-08,2025-01-06,31276.93,GBP
100699,35,2024-10-09,2025-01-07,27344.87,GBP
100700,35,2024-11-01,2025-01-30,20288.79,GBP
100701,35,2024-11-08,2025-02-06,14284.25,GBP
100702,35,2024-11-12,2025-02-10,29506.64,GBP
100703,35,2024-12-30,2025-03-30,34626.14,GBP
100704,35,2025-01-10,2025-04-10,36306.77,GBP
100705,35,2025-01-11,2025-04-11,29976.69,GBP
100706,35,2025-01-10,2025-04-10,22652.95,GBP
100707,35,2025-01-05,2025-04-05,25022.16,GBP
100708,35,2025-01-28,2025-04-28,11187.87,GBP
100709,35,2025-02-04,2025-05-05,10149.00,GBP
100710,35,2025-02-24,2025-05-25,33629.81,GBP
100711,35,2025-02-26,2025-05-27,25594.31,GBP
100712,35,2025-02-19,2025-05-20,16704.00,GBP
100713,35,2025-03-22,2025-06-20,40934.66,GBP
100714,35,2025-03-26,2025-06-24,23784.39,GBP
100715,35,2025-04-18,2025-07-17,21409.55,GBP
100716,35,2025-04-05,2025-07-04,10467.99,GBP
100717,35,2025-04-27,2025-07-26,34258.81,GBP
100718,35,2025-05-08,2025-08-06,13909.68,GBP
100719,35,2025-05-04,2025-08-02,16791.42,GBP
100720,35,2025-06-20,2025-09-18,67178.11,GBP
100721,35,2025-06-19,2025-09-17,34669.90,GBP
100722,35,2025-06-09,2025-09-07,20507.65,GBP
100723,35,2025-06-23,2025-09-21,23594.41,GBP
100724,35,2025-06-09,2025-09-07,24648.11,GBP
100725,35,2025-06-27,2025-09-25,13452.37,GBP
100726,35,2025-07-27,2025-10-25,49830.61,GBP
100727,35,2025-08-21,2025-11-19,17740.91,GBP
100728,35,2025-08-15,2025-11-13,15835.21,GBP
100729,35,2025-08-01,2025-10-30,22707.39,GBP
100730,35,2025-08-05,2025-11-03,20566.87,GBP
100731,35,2025-09-26,2025-12-25,13043.30,GBP
100732,35,2025-09-27,2025-12-26,53247.81,GBP
100733,35,2025-09-07,2025-12-06,39177.11,GBP
100734,35,2025-09-10,2025-12-09,19961.22,GBP
100735,35,2025-10-30,2026-01-28,51593.07,GBP
100736,35,2025-10-24,2026-01-22,47113.43,GBP
100737,35,2025-10-01,2025-12-30,14767.48,GBP
100738,35,2025-11-17,2026-02-15,14294.20,GBP
100739,35,2025-11-16,2026-02-14,13293.66,GBP
100740,35,2025-11-16,2026-02-14,35522.88,GBP
100741,35,2025-11-13,2026-02-11,30371.38,GBP
100742,35,2025-11-26,2026-02-24,66074.40,GBP
100743,35,2026-02-04,2026-05-05,29306.01,GBP
100744,35,2026-02-21,2026-05-22,17239.84,GBP
100745,35,2026-02-14,2026-05-15,28244.59,GBP
100746,35,2026-02-20,2026-05-21,52581.75,GBP
100747,35,2026-02-10,2026-05-11,19812.54,GBP
100748,35,2026-03-08,2026-06-06,36511.86,GBP
100749,35,2026-03-21,2026-06-19,21165.62,GBP
100750,35,2026-04-30,2026-07-29,27335.49,GBP
100751,35,2026-04-07,2026-07-06,21211.93,GBP
100752,35,2026-04-02,2026-07-01,43640.38,GBP
100753,35,2026-05-14,2026-08-12,32017.24,GBP
100754,35,2026-05-27,2026-08-25,19977.49,GBP
100755,35,2026-05-29,2026-08-27,41732.34,GBP
100756,35,2026-06-03,2026-09-01,39384.74,GBP
100757,35,2026-06-21,2026-09-19,30854.08,GBP
100758,35,2026-06-21,2026-09-19,27476.76,GBP
100759,35,2026-07-31,2026-10-29,33941.58,GBP
100760,35,2026-07-23,2026-10-21,24242.23,GBP
100761,35,2026-07-05,2026-10-03,18646.11,GBP
100762,35,2026-07-31,2026-10-29,20112.39,GBP
100763,35,2026-08-11,2026-11-09,10629.57,GBP
100764,35,2026-08-29,2026-11-27,31199.25,GBP
100765,35,2026-09-04,2026-12-03,57564.82,GBP
100766,35,2026-09-30,2026-12-29,39232.37,GBP
100767,35,2026-09-03,2026-12-02,18532.34,GBP
100768,35,2026-09-21,2026-12-20,36770.31,GBP
100769,36,2025-04-28,2025-05-28,422.75,GBP
100770,36,2025-06-27,2025-07-27,1452.57,GBP
100771,36,2026-03-31,2026-04-30,488.21,GBP
100772,36,2026-08-07,2026-09-06,1413.01,GBP
100773,36,2026-08-27,2026-09-26,671.83,GBP
100774,36,2026-09-14,2026-10-14,238.33,GBP
100775,37,2024-10-31,2024-12-30,4632.20,GBP
100776,37,2024-10-18,2024-12-17,4607.00,GBP
100777,37,2024-11-14,2025-01-13,8190.66,GBP
100778,37,2024-11-18,2025-01-17,9655.73,GBP
100779,37,2025-01-22,2025-03-23,4503.10,GBP
100780,37,2025-03-05,2025-05-04,6895.40,GBP
100781,37,2025-07-11,2025-09-09,14774.21,GBP
100782,37,2025-07-24,2025-09-22,7594.99,GBP
100783,37,2025-08-24,2025-10-23,4148.69,GBP
100784,37,2025-10-23,2025-12-22,7001.79,GBP
100785,37,2025-10-06,2025-12-05,5608.00,GBP
100786,37,2025-10-15,2025-12-14,8212.11,GBP
100787,37,2025-11-27,2026-01-26,5940.79,GBP
100788,37,2025-11-12,2026-01-11,9934.96,GBP
100789,37,2026-01-03,2026-03-04,7795.77,GBP
100790,37,2026-03-11,2026-05-10,16727.13,GBP
100791,37,2026-03-14,2026-05-13,6645.05,GBP
100792,37,2026-03-19,2026-05-18,6326.61,GBP
100793,37,2026-04-23,2026-06-22,3830.00,GBP
100794,37,2026-06-09,2026-08-08,6825.04,GBP
100795,37,2026-07-05,2026-09-03,4935.20,GBP
100796,38,2024-10-10,2024-11-09,618.00,GBP
100797,38,2024-10-11,2024-11-10,1249.56,GBP
100798,38,2025-01-05,2025-02-04,1924.32,GBP
100799,38,2025-05-29,2025-06-28,1448.12,GBP
100800,38,2025-08-07,2025-09-06,834.48,GBP
100801,38,2025-09-28,2025-10-28,1186.41,GBP
100802,38,2025-11-28,2025-12-28,758.25,GBP
100803,38,2026-04-08,2026-05-08,1141.14,GBP
100804,39,2024-10-13,2024-12-12,8845.18,EUR
100805,39,2024-10-15,2024-12-14,29975.70,GBP
100806,39,2024-10-16,2024-12-15,50734.90,GBP
100807,39,2024-10-08,2024-12-07,18345.81,EUR
100808,39,2024-10-06,2024-12-05,57890.64,EUR
100809,39,2024-10-18,2024-12-17,21169.83,GBP
100810,39,2024-10-14,2024-12-13,20351.87,EUR
100811,39,2024-10-30,2024-12-29,25647.67,EUR
100812,39,2024-11-22,2025-01-21,45504.45,EUR
100813,39,2024-11-30,2025-01-29,22460.79,EUR
100814,39,2024-11-17,2025-01-16,31593.96,EUR
100815,39,2024-11-12,2025-01-11,33858.45,EUR
100816,39,2024-11-22,2025-01-21,19475.72,EUR
100817,39,2024-11-26,2025-01-25,21754.05,EUR
100818,39,2024-11-24,2025-01-23,18819.90,EUR
100819,39,2024-12-13,2025-02-11,8139.09,GBP
100820,39,2024-12-01,2025-01-30,27366.61,EUR
100821,39,2024-12-21,2025-02-19,46547.42,GBP
100822,39,2025-01-09,2025-03-10,24172.70,GBP
100823,39,2025-02-25,2025-04-26,41977.18,EUR
100824,39,2025-02-03,2025-04-04,27404.71,GBP
100825,39,2025-02-16,2025-04-17,26710.33,EUR
100826,39,2025-02-08,2025-04-09,25728.64,EUR
100827,39,2025-03-07,2025-05-06,31338.58,EUR
100828,39,2025-03-14,2025-05-13,14715.93,EUR
100829,39,2025-03-08,2025-05-07,30201.67,EUR
100830,39,2025-04-18,2025-06-17,32063.25,EUR
100831,39,2025-04-23,2025-06-22,33042.98,EUR
100832,39,2025-04-19,2025-06-18,45109.53,GBP
100833,39,2025-05-15,2025-07-14,25167.26,EUR
100834,39,2025-05-14,2025-07-13,19100.10,GBP
100835,39,2025-05-31,2025-07-30,28400.57,EUR
100836,39,2025-05-16,2025-07-15,48641.91,GBP
100837,39,2025-06-08,2025-08-07,12879.91,GBP
100838,39,2025-06-21,2025-08-20,38942.21,GBP
100839,39,2025-06-28,2025-08-27,18838.10,EUR
100840,39,2025-06-29,2025-08-28,40975.84,EUR
100841,39,2025-06-04,2025-08-03,28320.13,GBP
100842,39,2025-07-13,2025-09-11,68159.01,EUR
100843,39,2025-07-12,2025-09-10,27183.03,EUR
100844,39,2025-07-09,2025-09-07,23528.13,GBP
100845,39,2025-08-28,2025-10-27,26204.33,GBP
100846,39,2025-08-23,2025-10-22,15060.25,GBP
100847,39,2025-09-09,2025-11-08,11657.12,EUR
100848,39,2025-09-23,2025-11-22,19433.23,GBP
100849,39,2025-09-13,2025-11-12,11308.82,GBP
100850,39,2025-09-26,2025-11-25,48057.28,GBP
100851,39,2025-09-22,2025-11-21,17831.28,GBP
100852,39,2025-09-05,2025-11-04,16769.88,GBP
100853,39,2025-09-01,2025-10-31,42025.22,GBP
100854,39,2025-09-12,2025-11-11,20091.64,EUR
100855,39,2025-10-13,2025-12-12,48302.90,GBP
100856,39,2025-10-13,2025-12-12,20957.95,EUR
100857,39,2025-10-04,2025-12-03,13653.88,GBP
100858,39,2025-11-28,2026-01-27,18680.06,EUR
100859,39,2025-11-08,2026-01-07,29232.10,EUR
100860,39,2025-11-04,2026-01-03,30366.97,GBP
100861,39,2025-12-30,2026-02-28,36324.18,EUR
100862,39,2025-12-15,2026-02-13,17076.25,EUR
100863,39,2026-01-21,2026-03-22,23932.97,EUR
100864,39,2026-01-14,2026-03-15,57336.21,EUR
100865,39,2026-02-28,2026-04-29,19241.83,GBP
100866,39,2026-02-21,2026-04-22,26885.15,EUR
100867,39,2026-03-14,2026-05-13,18160.88,GBP
100868,39,2026-03-10,2026-05-09,26830.10,EUR
100869,39,2026-03-03,2026-05-02,32878.32,EUR
100870,39,2026-03-02,2026-05-01,47979.41,EUR
100871,39,2026-03-24,2026-05-23,27360.50,EUR
100872,39,2026-03-06,2026-05-05,43378.38,GBP
100873,39,2026-03-06,2026-05-05,30460.12,GBP
100874,39,2026-03-10,2026-05-09,14811.14,GBP
100875,39,2026-04-27,2026-06-26,18580.53,GBP
100876,39,2026-04-13,2026-06-12,35642.55,GBP
100877,39,2026-04-02,2026-06-01,31429.82,EUR
100878,39,2026-05-18,2026-07-17,33081.63,GBP
100879,39,2026-06-12,2026-08-11,27683.10,GBP
100880,39,2026-06-09,2026-08-08,46557.64,EUR
100881,39,2026-06-29,2026-08-28,12333.55,GBP
100882,39,2026-06-16,2026-08-15,70913.83,GBP
100883,39,2026-07-13,2026-09-11,37120.30,GBP
100884,39,2026-07-19,2026-09-17,22478.42,EUR
100885,39,2026-08-01,2026-09-30,14822.19,GBP
100886,39,2026-08-24,2026-10-23,8164.04,EUR
100887,39,2026-08-01,2026-09-30,29930.71,EUR
100888,39,2026-08-22,2026-10-21,46490.53,EUR
100889,39,2026-09-27,2026-11-26,65854.49,EUR
100890,40,2025-01-20,2025-03-21,470.53,EUR
100891,40,2025-02-01,2025-04-02,2290.59,EUR
100892,40,2026-01-29,2026-03-30,1917.23,GBP
100893,40,2026-01-11,2026-03-12,3277.17,GBP
100894,40,2026-04-15,2026-06-14,2038.82,GBP
100895,40,2026-05-10,2026-07-09,929.17,EUR
100896,40,2026-06-26,2026-08-25,1968.29,GBP
100897,41,2024-11-27,2024-12-27,33163.09,EUR
100898,41,2024-11-13,2024-12-13,10751.13,EUR
100899,41,2024-11-08,2024-12-08,17778.83,EUR
100900,41,2024-11-04,2024-12-04,27962.23,EUR
100901,41,2024-11-29,2024-12-29,29931.30,GBP
100902,41,2024-11-02,2024-12-02,20153.62,GBP
100903,41,2024-12-08,2025-01-07,40165.67,EUR
100904,41,2024-12-21,2025-01-20,25380.96,GBP
100905,41,2024-12-14,2025-01-13,10789.87,GBP
100906,41,2024-12-28,2025-01-27,20646.77,GBP
100907,41,2025-01-31,2025-03-02,41006.79,GBP
100908,41,2025-01-08,2025-02-07,17982.21,GBP
100909,41,2025-01-20,2025-02-19,25351.45,EUR
100910,41,2025-01-01,2025-01-31,50366.88,GBP
100911,41,2025-01-28,2025-02-27,14671.35,EUR
100912,41,2025-01-14,2025-02-13,32114.44,GBP
100913,41,2025-02-10,2025-03-12,45434.51,GBP
100914,41,2025-02-09,2025-03-11,18284.00,GBP
100915,41,2025-03-02,2025-04-01,19390.05,GBP
100916,41,2025-03-01,2025-03-31,23600.05,EUR
100917,41,2025-03-07,2025-04-06,25728.69,EUR
100918,41,2025-04-13,2025-05-13,36440.23,GBP
100919,41,2025-04-09,2025-05-09,20362.51,GBP
100920,41,2025-05-05,2025-06-04,54542.79,EUR
100921,41,2025-05-03,2025-06-02,31523.90,GBP
100922,41,2025-05-15,2025-06-14,18370.30,EUR
100923,41,2025-05-19,2025-06-18,15134.90,GBP
100924,41,2025-06-27,2025-07-27,34577.25,EUR
100925,41,2025-06-26,2025-07-26,22512.90,GBP
100926,41,2025-06-12,2025-07-12,13136.46,EUR
100927,41,2025-07-29,2025-08-28,37707.91,GBP
100928,41,2025-07-18,2025-08-17,20924.68,EUR
100929,41,2025-07-11,2025-08-10,10798.91,GBP
100930,41,2025-07-10,2025-08-09,14383.89,GBP
100931,41,2025-07-06,2025-08-05,18631.91,GBP
100932,41,2025-07-25,2025-08-24,11964.88,GBP
100933,41,2025-08-10,2025-09-09,72547.24,GBP
100934,41,2025-08-09,2025-09-08,12792.33,EUR
100935,41,2025-08-17,2025-09-16,27011.80,GBP
100936,41,2025-08-11,2025-09-10,107825.28,GBP
100937,41,2025-08-30,2025-09-29,36952.49,GBP
100938,41,2025-08-09,2025-09-08,39289.02,GBP
100939,41,2025-09-03,2025-10-03,36190.44,GBP
100940,41,2025-09-28,2025-10-28,42684.65,GBP
100941,41,2025-10-17,2025-11-16,22577.52,EUR
100942,41,2025-10-05,2025-11-04,16403.83,GBP
100943,41,2025-11-09,2025-12-09,39068.05,GBP
100944,41,2025-11-24,2025-12-24,23001.10,GBP
100945,41,2025-11-27,2025-12-27,19687.31,EUR
100946,41,2025-11-11,2025-12-11,41682.82,GBP
100947,41,2025-12-24,2026-01-23,33402.56,GBP
100948,41,2026-01-24,2026-02-23,21125.24,GBP
100949,41,2026-01-01,2026-01-31,32568.16,EUR
100950,41,2026-01-03,2026-02-02,25756.31,EUR
100951,41,2026-01-08,2026-02-07,39928.07,EUR
100952,41,2026-01-14,2026-02-13,45012.25,GBP
100953,41,2026-01-16,2026-02-15,25240.83,GBP
100954,41,2026-01-31,2026-03-02,32407.81,GBP
100955,41,2026-01-10,2026-02-09,53199.64,GBP
100956,41,2026-02-08,2026-03-10,14336.98,EUR
100957,41,2026-02-19,2026-03-21,42044.32,GBP
100958,41,2026-02-03,2026-03-05,35567.00,GBP
100959,41,2026-02-13,2026-03-15,14210.80,GBP
100960,41,2026-03-13,2026-04-12,21189.63,GBP
100961,41,2026-03-17,2026-04-16,12201.50,GBP
100962,41,2026-03-22,2026-04-21,22653.43,GBP
100963,41,2026-04-16,2026-05-16,32024.41,EUR
100964,41,2026-04-25,2026-05-25,18301.89,GBP
100965,41,2026-04-22,2026-05-22,62119.72,GBP
100966,41,2026-05-23,2026-06-22,54056.67,EUR
100967,41,2026-05-01,2026-05-31,37003.36,GBP
100968,41,2026-05-01,2026-05-31,19832.65,EUR
100969,41,2026-06-12,2026-07-12,38593.57,EUR
100970,41,2026-06-22,2026-07-22,17585.39,EUR
100971,41,2026-06-23,2026-07-23,27668.96,EUR
100972,41,2026-06-05,2026-07-05,39400.21,EUR
100973,41,2026-06-09,2026-07-09,31381.97,EUR
100974,41,2026-07-30,2026-08-29,28274.74,GBP
100975,41,2026-07-16,2026-08-15,19409.74,EUR
100976,41,2026-08-24,2026-09-23,32101.05,GBP
100977,41,2026-08-20,2026-09-19,17376.79,GBP
100978,41,2026-09-21,2026-10-21,29570.07,GBP
100979,41,2026-09-12,2026-10-12,20728.13,EUR
100980,41,2026-09-19,2026-10-19,53384.09,GBP
100981,41,2026-09-02,2026-10-02,21715.86,GBP
100982,42,2024-10-04,2024-11-03,6484.33,GBP
100983,42,2024-10-29,2024-11-28,6315.57,EUR
100984,42,2024-11-11,2024-12-11,6963.03,EUR
100985,42,2025-01-26,2025-02-25,16105.16,GBP
100986,42,2025-02-10,2025-03-12,7578.81,GBP
100987,42,2025-04-14,2025-05-14,5548.30,GBP
100988,42,2025-05-20,2025-06-19,4652.98,GBP
100989,42,2025-05-23,2025-06-22,11528.21,EUR
100990,42,2025-09-10,2025-10-10,2893.22,GBP
100991,42,2025-10-05,2025-11-04,8708.17,EUR
100992,42,2025-10-07,2025-11-06,2691.93,EUR
100993,42,2025-11-13,2025-12-13,6516.13,GBP
100994,42,2025-12-27,2026-01-26,6600.72,EUR
100995,42,2026-01-14,2026-02-13,4974.31,GBP
100996,42,2026-02-17,2026-03-19,5711.26,GBP
100997,42,2026-02-10,2026-03-12,3568.15,GBP
100998,42,2026-02-10,2026-03-12,6370.90,GBP
100999,42,2026-03-10,2026-04-09,10750.99,GBP
101000,42,2026-06-05,2026-07-05,4065.47,GBP
101001,42,2026-08-26,2026-09-25,6481.28,EUR
101002,42,2026-09-01,2026-10-01,11619.32,GBP
101003,43,2024-10-17,2024-11-16,1064.52,EUR
101004,43,2024-10-12,2024-11-11,3445.20,EUR
101005,43,2025-04-18,2025-05-18,634.09,GBP
101006,43,2025-05-01,2025-05-31,1947.19,GBP
101007,43,2025-08-14,2025-09-13,1410.34,GBP
101008,43,2025-08-18,2025-09-17,707.05,EUR
101009,43,2025-10-29,2025-11-28,1211.94,GBP
101010,43,2025-12-21,2026-01-20,786.62,GBP
101011,43,2026-06-03,2026-07-03,1709.67,GBP
101012,44,2024-11-02,2024-12-02,680.51,GBP
101013,44,2025-03-02,2025-04-01,476.01,GBP
101014,44,2025-07-12,2025-08-11,1953.42,GBP
101015,44,2025-11-24,2025-12-24,1576.87,GBP
101016,44,2025-11-23,2025-12-23,1366.84,GBP
101017,44,2026-03-19,2026-04-18,1486.77,GBP
101018,44,2026-04-27,2026-05-27,318.66,GBP
101019,44,2026-08-31,2026-09-30,1153.99,GBP
101020,45,2024-10-18,2024-11-17,3932.40,GBP
101021,45,2024-10-27,2024-11-26,6006.20,GBP
101022,45,2025-01-14,2025-02-13,4865.67,GBP
101023,45,2025-01-17,2025-02-16,14646.40,GBP
101024,45,2025-01-27,2025-02-26,22565.66,GBP
101025,45,2025-02-10,2025-03-12,12709.63,GBP
101026,45,2025-02-24,2025-03-26,3544.36,GBP
101027,45,2025-03-26,2025-04-25,2973.96,GBP
101028,45,2025-03-29,2025-04-28,8867.57,GBP
101029,45,2025-04-10,2025-05-10,4258.49,GBP
101030,45,2025-04-30,2025-05-30,10859.23,GBP
101031,45,2025-06-30,2025-07-30,7034.09,GBP
101032,45,2025-06-04,2025-07-04,4902.01,GBP
101033,45,2025-08-31,2025-09-30,7911.94,GBP
101034,45,2025-08-10,2025-09-09,8185.59,GBP
101035,45,2025-08-05,2025-09-04,5916.18,GBP
101036,45,2025-09-09,2025-10-09,15130.51,GBP
101037,45,2025-09-28,2025-10-28,8919.34,GBP
101038,45,2025-10-19,2025-11-18,6838.05,GBP
101039,45,2025-10-10,2025-11-09,8220.00,GBP
101040,45,2025-10-28,2025-11-27,10303.33,GBP
101041,45,2025-12-24,2026-01-23,6174.61,GBP
101042,45,2025-12-12,2026-01-11,6603.43,GBP
101043,45,2025-12-07,2026-01-06,23087.67,GBP
101044,45,2026-02-03,2026-03-05,5100.57,GBP
101045,45,2026-04-21,2026-05-21,16960.45,GBP
101046,45,2026-04-13,2026-05-13,2396.11,GBP
101047,45,2026-04-20,2026-05-20,1625.51,GBP
101048,45,2026-05-11,2026-06-10,8124.39,GBP
101049,45,2026-05-10,2026-06-09,7797.05,GBP
101050,45,2026-06-07,2026-07-07,9186.49,GBP
101051,45,2026-06-12,2026-07-12,11434.01,GBP
101052,45,2026-07-31,2026-08-30,4258.08,GBP
101053,45,2026-08-31,2026-09-30,8778.93,GBP
101054,45,2026-08-15,2026-09-14,4941.77,GBP
101055,45,2026-08-11,2026-09-10,2451.99,GBP
101056,45,2026-09-04,2026-10-04,7855.71,GBP
101057,45,2026-09-16,2026-10-16,5695.24,GBP
101058,46,2024-12-21,2025-01-20,1073.17,EUR
101059,46,2025-01-12,2025-02-11,1220.52,EUR
101060,46,2025-03-02,2025-04-01,1509.92,EUR
101061,46,2025-09-04,2025-10-04,2731.80,GBP
101062,46,2025-10-06,2025-11-05,971.70,EUR
101063,46,2025-11-25,2025-12-25,1393.13,EUR
101064,46,2026-01-11,2026-02-10,2384.71,GBP
101065,46,2026-07-22,2026-08-21,1509.88,EUR
101066,46,2026-07-04,2026-08-03,485.44,GBP
101067,47,2024-10-21,2024-11-20,1936.12,GBP
101068,47,2025-03-16,2025-04-15,2388.70,GBP
101069,47,2025-04-04,2025-05-04,2731.27,GBP
101070,47,2026-01-04,2026-02-03,1776.30,GBP
101071,47,2026-03-12,2026-04-11,1110.08,GBP
101072,47,2026-03-02,2026-04-01,1514.68,GBP
101073,47,2026-04-04,2026-05-04,710.98,GBP
101074,47,2026-06-29,2026-07-29,1455.57,GBP
101075,47,2026-08-30,2026-09-29,3814.25,GBP
101076,48,2024-10-02,2024-11-01,27323.52,EUR
101077,48,2024-10-18,2024-11-17,32299.10,GBP
101078,48,2024-10-04,2024-11-03,30234.59,GBP
101079,48,2024-10-21,2024-11-20,24703.91,EUR
101080,48,2024-10-25,2024-11-24,16435.83,GBP
101081,48,2024-10-22,2024-11-21,62071.81,GBP
101082,48,2024-11-01,2024-12-01,46452.22,GBP
101083,48,2024-11-26,2024-12-26,77859.12,GBP
101084,48,2024-11-10,2024-12-10,19750.53,GBP
101085,48,2024-11-20,2024-12-20,14952.11,GBP
101086,48,2024-11-20,2024-12-20,46304.08,GBP
101087,48,2024-12-15,2025-01-14,21739.67,GBP
101088,48,2025-01-09,2025-02-08,39613.53,GBP
101089,48,2025-01-17,2025-02-16,24807.37,GBP
101090,48,2025-01-14,2025-02-13,32653.94,GBP
101091,48,2025-02-03,2025-03-05,11959.63,GBP
101092,48,2025-03-05,2025-04-04,30668.86,GBP
101093,48,2025-03-23,2025-04-22,11493.77,EUR
101094,48,2025-03-17,2025-04-16,19794.40,EUR
101095,48,2025-03-12,2025-04-11,21545.03,GBP
101096,48,2025-03-11,2025-04-10,27858.10,GBP
101097,48,2025-04-13,2025-05-13,44093.17,GBP
101098,48,2025-04-12,2025-05-12,37489.43,GBP
101099,48,2025-04-21,2025-05-21,24742.44,GBP
101100,48,2025-04-29,2025-05-29,27732.32,GBP
101101,48,2025-05-18,2025-06-17,21302.33,GBP
101102,48,2025-05-05,2025-06-04,24602.36,EUR
101103,48,2025-05-12,2025-06-11,69423.03,EUR
101104,48,2025-05-25,2025-06-24,84243.87,GBP
101105,48,2025-05-06,2025-06-05,15744.31,GBP
101106,48,2025-06-19,2025-07-19,27255.90,EUR
101107,48,2025-06-04,2025-07-04,33045.01,GBP
101108,48,2025-06-27,2025-07-27,41927.50,GBP
101109,48,2025-06-13,2025-07-13,60332.90,GBP
101110,48,2025-06-12,2025-07-12,25007.10,EUR
101111,48,2025-06-12,2025-07-12,25398.56,GBP
101112,48,2025-07-28,2025-08-27,28655.16,EUR
101113,48,2025-07-26,2025-08-25,21827.65,GBP
101114,48,2025-08-31,2025-09-30,25136.81,GBP
101115,48,2025-09-11,2025-10-11,26130.60,GBP
101116,48,2025-09-02,2025-10-02,32249.06,EUR
101117,48,2025-09-23,2025-10-23,34314.55,GBP
101118,48,2025-09-20,2025-10-20,25105.35,GBP
101119,48,2025-10-11,2025-11-10,36534.91,GBP
101120,48,2025-10-29,2025-11-28,35524.60,EUR
101121,48,2025-10-04,2025-11-03,27747.95,GBP
101122,48,2025-10-17,2025-11-16,16603.52,EUR
101123,48,2025-11-04,2025-12-04,12235.72,GBP
101124,48,2025-12-18,2026-01-17,40923.71,GBP
101125,48,2025-12-02,2026-01-01,118614.28,GBP
101126,48,2025-12-04,2026-01-03,38287.53,GBP
101127,48,2026-01-01,2026-01-31,29683.95,GBP
101128,48,2026-02-18,2026-03-20,66065.11,GBP
101129,48,2026-02-18,2026-03-20,26949.35,GBP
101130,48,2026-02-03,2026-03-05,55647.71,GBP
101131,48,2026-02-03,2026-03-05,25591.46,GBP
101132,48,2026-02-22,2026-03-24,50363.71,GBP
101133,48,2026-02-07,2026-03-09,21718.76,GBP
101134,48,2026-03-02,2026-04-01,25514.19,GBP
101135,48,2026-03-02,2026-04-01,36159.68,GBP
101136,48,2026-04-04,2026-05-04,42402.87,GBP
101137,48,2026-04-27,2026-05-27,18127.34,GBP
101138,48,2026-04-06,2026-05-06,30968.06,GBP
101139,48,2026-05-07,2026-06-06,25723.15,GBP
101140,48,2026-05-12,2026-06-11,13381.51,GBP
101141,48,2026-05-16,2026-06-15,28598.20,EUR
101142,48,2026-05-02,2026-06-01,18020.04,GBP
101143,48,2026-05-29,2026-06-28,45205.39,EUR
101144,48,2026-05-11,2026-06-10,26818.15,GBP
101145,48,2026-05-23,2026-06-22,15574.37,GBP
101146,48,2026-05-15,2026-06-14,15345.46,GBP
101147,48,2026-06-30,2026-07-30,33368.67,GBP
101148,48,2026-06-12,2026-07-12,21033.02,EUR
101149,48,2026-06-19,2026-07-19,19471.36,EUR
101150,48,2026-06-20,2026-07-20,73121.81,GBP
101151,48,2026-06-22,2026-07-22,15288.02,EUR
101152,48,2026-07-20,2026-08-19,22022.60,GBP
101153,48,2026-08-31,2026-09-30,68539.92,GBP
101154,48,2026-08-15,2026-09-14,37421.14,GBP
101155,48,2026-09-05,2026-10-05,30029.00,EUR
101156,48,2026-09-26,2026-10-26,29157.96,GBP
101157,48,2026-09-28,2026-10-28,32831.62,GBP
101158,49,2024-10-08,2024-12-07,673.22,GBP
101159,49,2025-09-29,2025-11-28,619.75,GBP
101160,49,2026-02-23,2026-04-24,1368.36,GBP
101161,49,2026-05-16,2026-07-15,2174.85,GBP
101162,49,2026-06-03,2026-08-02,1168.67,GBP
101163,49,2026-07-15,2026-09-13,3413.40,GBP
101164,49,2026-08-14,2026-10-13,5206.50,GBP
101165,49,2026-08-30,2026-10-29,778.55,GBP
101166,49,2026-09-15,2026-11-14,1309.76,GBP
101167,50,2024-10-12,2024-12-11,545.61,EUR
101168,50,2025-06-26,2025-08-25,1611.16,EUR
101169,50,2025-08-24,2025-10-23,2049.22,EUR
101170,50,2025-11-12,2026-01-11,1105.65,EUR
101171,50,2025-12-04,2026-02-02,915.38,EUR
101172,50,2025-12-25,2026-02-23,799.17,EUR
101173,50,2025-12-26,2026-02-24,816.56,EUR
101174,50,2026-02-06,2026-04-07,4214.74,EUR
101175,50,2026-04-05,2026-06-04,1253.41,EUR
101176,50,2026-04-21,2026-06-20,3160.94,EUR
101177,50,2026-08-19,2026-10-18,994.28,EUR
101178,51,2025-01-19,2025-03-20,251.05,GBP
101179,51,2025-02-08,2025-04-09,374.39,GBP
101180,51,2025-04-13,2025-06-12,1376.90,GBP
101181,51,2025-05-13,2025-07-12,1082.60,GBP
101182,51,2025-06-09,2025-08-08,1651.57,GBP
101183,51,2025-06-28,2025-08-27,912.91,GBP
101184,51,2025-07-24,2025-09-22,1673.33,GBP
101185,51,2025-10-26,2025-12-25,728.70,GBP
101186,51,2025-11-15,2026-01-14,1155.48,GBP
101187,51,2025-12-20,2026-02-18,2221.02,GBP
101188,51,2026-02-13,2026-04-14,824.50,GBP
101189,51,2026-03-20,2026-05-19,1009.23,GBP
101190,51,2026-03-07,2026-05-06,1193.99,GBP
101191,51,2026-06-11,2026-08-10,1214.86,GBP
101192,51,2026-08-21,2026-10-20,1178.58,GBP
101193,51,2026-09-13,2026-11-12,1207.43,GBP
101194,52,2025-01-05,2025-02-04,1082.96,EUR
101195,52,2025-02-09,2025-03-11,1176.38,EUR
101196,52,2025-04-07,2025-05-07,891.52,GBP
101197,52,2025-04-13,2025-05-13,1021.98,EUR
101198,52,2025-05-01,2025-05-31,1368.87,EUR
101199,52,2025-07-04,2025-08-03,855.95,EUR
101200,52,2025-08-11,2025-09-10,1237.70,GBP
101201,52,2026-03-20,2026-04-19,1117.22,GBP
101202,52,2026-04-12,2026-05-12,329.22,EUR
101203,52,2026-05-01,2026-05-31,556.50,EUR
101204,52,2026-05-05,2026-06-04,676.24,EUR
101205,53,2024-10-05,2024-12-04,20273.80,GBP
101206,53,2024-10-23,2024-12-22,17225.57,EUR
101207,53,2024-10-12,2024-12-11,13518.73,EUR
101208,53,2024-10-08,2024-12-07,12671.90,EUR
101209,53,2024-10-02,2024-12-01,14600.84,EUR
101210,53,2024-10-19,2024-12-18,48514.71,GBP
101211,53,2024-11-30,2025-01-29,43459.89,EUR
101212,53,2024-11-27,2025-01-26,24991.76,GBP
101213,53,2024-11-01,2024-12-31,31757.33,EUR
101214,53,2024-11-20,2025-01-19,26509.02,EUR
101215,53,2024-11-10,2025-01-09,31187.49,EUR
101216,53,2025-01-27,2025-03-28,15168.07,EUR
101217,53,2025-01-17,2025-03-18,25086.26,GBP
101218,53,2025-01-28,2025-03-29,37048.24,GBP
101219,53,2025-01-22,2025-03-23,47796.96,EUR
101220,53,2025-02-17,2025-04-18,28112.77,GBP
101221,53,2025-03-03,2025-05-02,38962.71,GBP
101222,53,2025-03-31,2025-05-30,19181.07,GBP
101223,53,2025-03-05,2025-05-04,32740.27,GBP
101224,53,2025-03-31,2025-05-30,28440.73,GBP
101225,53,2025-04-16,2025-06-15,37086.44,GBP
101226,53,2025-04-14,2025-06-13,22862.71,EUR
101227,53,2025-04-28,2025-06-27,29865.08,GBP
101228,53,2025-05-24,2025-07-23,38848.73,EUR
101229,53,2025-05-30,2025-07-29,71215.30,GBP
101230,53,2025-05-09,2025-07-08,14223.52,GBP
101231,53,2025-05-25,2025-07-24,27128.30,EUR
101232,53,2025-06-05,2025-08-04,24984.40,GBP
101233,53,2025-06-04,2025-08-03,17629.97,EUR
101234,53,2025-07-04,2025-09-02,23022.53,EUR
101235,53,2025-07-09,2025-09-07,20914.51,EUR
101236,53,2025-07-19,2025-09-17,42031.96,EUR
101237,53,2025-07-13,2025-09-11,24301.96,EUR
101238,53,2025-07-31,2025-09-29,17740.19,EUR
101239,53,2025-08-24,2025-10-23,27550.32,EUR
101240,53,2025-09-08,2025-11-07,48967.99,GBP
101241,53,2025-09-13,2025-11-12,30596.97,GBP
101242,53,2025-09-03,2025-11-02,55953.10,GBP
101243,53,2025-09-12,2025-11-11,41992.70,GBP
101244,53,2025-09-05,2025-11-04,39838.22,GBP
101245,53,2025-09-17,2025-11-16,30194.13,EUR
101246,53,2025-09-04,2025-11-03,26877.82,EUR
101247,53,2025-10-10,2025-12-09,54089.09,GBP
101248,53,2025-10-13,2025-12-12,32272.52,EUR
101249,53,2025-11-01,2025-12-31,29674.07,EUR
101250,53,2025-12-14,2026-02-12,24726.93,GBP
101251,53,2025-12-20,2026-02-18,16056.58,EUR
101252,53,2025-12-28,2026-02-26,29903.15,GBP
101253,53,2026-01-22,2026-03-23,12802.75,GBP
101254,53,2026-01-26,2026-03-27,27405.17,GBP
101255,53,2026-01-01,2026-03-02,25047.62,EUR
101256,53,2026-02-03,2026-04-04,19818.67,EUR
101257,53,2026-02-16,2026-04-17,23180.27,GBP
101258,53,2026-02-23,2026-04-24,27461.67,GBP
101259,53,2026-02-24,2026-04-25,27491.27,EUR
101260,53,2026-02-24,2026-04-25,34303.85,EUR
101261,53,2026-02-03,2026-04-04,53743.61,GBP
101262,53,2026-03-06,2026-05-05,20920.45,EUR
101263,53,2026-03-21,2026-05-20,20554.64,EUR
101264,53,2026-03-02,2026-05-01,26317.51,EUR
101265,53,2026-03-02,2026-05-01,16708.78,GBP
101266,53,2026-04-25,2026-06-24,30770.62,EUR
101267,53,2026-04-12,2026-06-11,33163.42,GBP
101268,53,2026-04-14,2026-06-13,9743.49,EUR
101269,53,2026-04-18,2026-06-17,47035.93,EUR
101270,53,2026-04-17,2026-06-16,14579.61,GBP
101271,53,2026-05-19,2026-07-18,37511.58,GBP
101272,53,2026-05-19,2026-07-18,44993.73,GBP
101273,53,2026-05-03,2026-07-02,27619.23,EUR
101274,53,2026-06-19,2026-08-18,20826.91,GBP
101275,53,2026-06-10,2026-08-09,25175.84,GBP
101276,53,2026-06-13,2026-08-12,25987.36,EUR
101277,53,2026-06-03,2026-08-02,34463.60,EUR
101278,53,2026-06-18,2026-08-17,49397.28,EUR
101279,53,2026-07-29,2026-09-27,20386.41,GBP
101280,53,2026-07-19,2026-09-17,54684.22,GBP
101281,54,2025-03-14,2025-04-28,1102.18,EUR
101282,54,2025-06-09,2025-07-24,3364.45,GBP
101283,54,2025-06-08,2025-07-23,831.90,EUR
101284,54,2025-09-18,2025-11-02,2038.74,GBP
101285,54,2026-01-17,2026-03-03,1744.57,EUR
101286,54,2026-03-12,2026-04-26,1246.89,EUR
101287,54,2026-09-11,2026-10-26,5095.95,EUR
101288,55,2024-11-12,2024-12-12,1032.40,GBP
101289,55,2025-03-27,2025-04-26,1076.36,EUR
101290,55,2025-05-12,2025-06-11,1671.90,GBP
101291,55,2025-11-04,2025-12-04,1962.00,EUR
101292,55,2025-12-04,2026-01-03,1546.73,EUR
101293,55,2026-03-03,2026-04-02,5200.64,EUR
101294,55,2026-05-24,2026-06-23,933.60,GBP
101295,55,2026-07-16,2026-08-15,446.90,GBP
101296,55,2026-07-31,2026-08-30,816.17,GBP
101297,56,2024-11-18,2024-12-18,944.54,GBP
101298,56,2024-11-22,2024-12-22,1021.61,GBP
101299,56,2025-06-03,2025-07-03,889.95,GBP
101300,56,2025-10-11,2025-11-10,749.11,GBP
101301,56,2026-09-03,2026-10-03,661.92,GBP
101302,57,2024-10-25,2024-12-24,21517.61,GBP
101303,57,2024-10-24,2024-12-23,34436.88,GBP
101304,57,2024-10-07,2024-12-06,9868.64,GBP
101305,57,2024-10-26,2024-12-25,25434.08,GBP
101306,57,2024-10-29,2024-12-28,63834.24,GBP
101307,57,2024-10-17,2024-12-16,42324.68,GBP
101308,57,2024-11-29,2025-01-28,15125.52,GBP
101309,57,2024-11-08,2025-01-07,19727.75,GBP
101310,57,2024-11-19,2025-01-18,54505.85,GBP
101311,57,2024-11-03,2025-01-02,26461.17,GBP
101312,57,2024-11-23,2025-01-22,35462.89,GBP
101313,57,2024-11-02,2025-01-01,24388.55,GBP
101314,57,2024-11-20,2025-01-19,37694.24,GBP
101315,57,2024-11-19,2025-01-18,23713.83,GBP
101316,57,2024-12-24,2025-02-22,27205.28,GBP
101317,57,2024-12-17,2025-02-15,22827.54,GBP
101318,57,2024-12-29,2025-02-27,16250.11,GBP
101319,57,2025-01-01,2025-03-02,21063.77,GBP
101320,57,2025-01-29,2025-03-30,65020.99,GBP
101321,57,2025-01-28,2025-03-29,62053.44,GBP
101322,57,2025-01-09,2025-03-10,14923.37,GBP
101323,57,2025-01-16,2025-03-17,71107.42,GBP
101324,57,2025-02-16,2025-04-17,27604.85,GBP
101325,57,2025-02-12,2025-04-13,55888.73,GBP
101326,57,2025-02-21,2025-04-22,23748.88,GBP
101327,57,2025-02-28,2025-04-29,12670.18,GBP
101328,57,2025-02-16,2025-04-17,20937.05,GBP
101329,57,2025-02-09,2025-04-10,21156.24,GBP
101330,57,2025-02-10,2025-04-11,39141.70,GBP
101331,57,2025-02-13,2025-04-14,32860.34,GBP
101332,57,2025-03-13,2025-05-12,33288.03,GBP
101333,57,2025-03-28,2025-05-27,55492.74,GBP
101334,57,2025-03-12,2025-05-11,22588.97,GBP
101335,57,2025-03-10,2025-05-09,26490.16,GBP
101336,57,2025-04-17,2025-06-16,32769.74,GBP
101337,57,2025-04-30,2025-06-29,28636.83,GBP
101338,57,2025-04-10,2025-06-09,17263.46,GBP
101339,57,2025-04-25,2025-06-24,28562.34,GBP
101340,57,2025-04-02,2025-06-01,21958.09,GBP
101341,57,2025-04-28,2025-06-27,29740.40,GBP
101342,57,2025-05-04,2025-07-03,25171.99,GBP
101343,57,2025-05-01,2025-06-30,42367.90,GBP
101344,57,2025-05-28,2025-07-27,16776.61,GBP
101345,57,2025-05-04,2025-07-03,28181.90,GBP
101346,57,2025-05-02,2025-07-01,32739.55,GBP
101347,57,2025-05-17,2025-07-16,52175.62,GBP
101348,57,2025-05-03,2025-07-02,26725.70,GBP
101349,57,2025-05-13,2025-07-12,19619.61,GBP
101350,57,2025-05-23,2025-07-22,39113.86,GBP
101351,57,2025-05-16,2025-07-15,24160.53,GBP
101352,57,2025-07-12,2025-09-10,24441.21,GBP
101353,57,2025-07-09,2025-09-07,27780.01,GBP
101354,57,2025-07-19,2025-09-17,15650.75,GBP
101355,57,2025-07-31,2025-09-29,28144.32,GBP
101356,57,2025-07-28,2025-09-26,17797.13,GBP
101357,57,2025-08-17,2025-10-16,27863.45,GBP
101358,57,2025-09-05,2025-11-04,29913.15,GBP
101359,57,2025-09-03,2025-11-02,45667.81,GBP
101360,57,2025-09-29,2025-11-28,26714.85,GBP
101361,57,2025-09-10,2025-11-09,25576.99,GBP
101362,57,2025-09-10,2025-11-09,26335.42,GBP
101363,57,2025-10-03,2025-12-02,12993.65,GBP
101364,57,2025-10-12,2025-12-11,25237.77,GBP
101365,57,2025-10-30,2025-12-29,23616.66,GBP
101366,57,2025-10-19,2025-12-18,25306.85,GBP
101367,57,2025-12-12,2026-02-10,43795.78,GBP
101368,57,2026-01-12,2026-03-13,29187.02,GBP
101369,57,2026-01-08,2026-03-09,17586.50,GBP
101370,57,2026-01-25,2026-03-26,14514.45,GBP
101371,57,2026-01-15,2026-03-16,51573.42,GBP
101372,57,2026-01-31,2026-04-01,20131.81,GBP
101373,57,2026-02-04,2026-04-05,38109.99,GBP
101374,57,2026-02-06,2026-04-07,73286.98,GBP
101375,57,2026-02-20,2026-04-21,19165.04,GBP
101376,57,2026-02-17,2026-04-18,25168.69,GBP
101377,57,2026-02-26,2026-04-27,24106.08,GBP
101378,57,2026-02-19,2026-04-20,15569.28,GBP
101379,57,2026-02-08,2026-04-09,14761.62,GBP
101380,57,2026-04-11,2026-06-10,25246.94,GBP
101381,57,2026-04-11,2026-06-10,30709.08,GBP
101382,57,2026-04-02,2026-06-01,14902.84,GBP
101383,57,2026-05-22,2026-07-21,20198.07,GBP
101384,57,2026-05-22,2026-07-21,21883.02,GBP
101385,57,2026-05-19,2026-07-18,26876.98,GBP
101386,57,2026-06-27,2026-08-26,48038.56,GBP
101387,57,2026-06-18,2026-08-17,39405.47,GBP
101388,57,2026-06-27,2026-08-26,52161.19,GBP
101389,57,2026-06-27,2026-08-26,60440.49,GBP
101390,57,2026-07-10,2026-09-08,27483.96,GBP
101391,57,2026-07-31,2026-09-29,37031.46,GBP
101392,57,2026-07-14,2026-09-12,20247.84,GBP
101393,57,2026-08-09,2026-10-08,25355.38,GBP
101394,57,2026-09-22,2026-11-21,82353.75,GBP
101395,57,2026-09-05,2026-11-04,30764.01,GBP
101396,57,2026-09-11,2026-11-10,53169.78,GBP
101397,57,2026-09-10,2026-11-09,24589.70,GBP
101398,58,2024-10-19,2024-11-18,1651.41,GBP
101399,58,2024-10-05,2024-11-04,464.19,GBP
101400,58,2024-11-23,2024-12-23,917.70,GBP
101401,58,2025-03-11,2025-04-10,874.27,GBP
101402,58,2025-03-23,2025-04-22,1468.65,GBP
101403,58,2025-12-14,2026-01-13,760.10,GBP
101404,58,2025-12-09,2026-01-08,1834.09,GBP
101405,59,2024-10-10,2024-11-24,6814.54,GBP
101406,59,2024-10-30,2024-12-14,6915.81,GBP
101407,59,2024-11-11,2024-12-26,6637.46,GBP
101408,59,2024-11-11,2024-12-26,13702.60,GBP
101409,59,2024-12-19,2025-02-02,8373.78,GBP
101410,59,2025-02-16,2025-04-02,5165.46,GBP
101411,59,2025-02-28,2025-04-14,8585.56,GBP
101412,59,2025-04-19,2025-06-03,11552.64,GBP
101413,59,2025-04-08,2025-05-23,17830.94,GBP
101414,59,2025-05-07,2025-06-21,8649.72,GBP
101415,59,2025-10-24,2025-12-08,2635.12,GBP
101416,59,2025-10-07,2025-11-21,23983.20,GBP
101417,59,2025-11-25,2026-01-09,4606.93,GBP
101418,59,2025-11-15,2025-12-30,8887.75,GBP
101419,59,2026-01-22,2026-03-08,6227.75,GBP
101420,59,2026-01-31,2026-03-17,7981.11,GBP
101421,59,2026-02-15,2026-04-01,11733.12,GBP
101422,59,2026-02-15,2026-04-01,2080.19,GBP
101423,59,2026-03-10,2026-04-24,7691.18,GBP
101424,59,2026-04-14,2026-05-29,6075.39,GBP
101425,59,2026-05-24,2026-07-08,4731.23,GBP
101426,59,2026-05-18,2026-07-02,9882.14,GBP
101427,59,2026-06-08,2026-07-23,4945.18,GBP
101428,59,2026-06-26,2026-08-10,7667.54,GBP
101429,59,2026-08-12,2026-09-26,12077.96,GBP
101430,59,2026-08-21,2026-10-05,3343.69,GBP
101431,59,2026-09-22,2026-11-06,6068.30,GBP
101432,60,2024-10-05,2025-01-03,3978.15,GBP
101433,60,2024-10-27,2025-01-25,11648.69,GBP
101434,60,2024-10-06,2025-01-04,7133.80,GBP
101435,60,2024-11-17,2025-02-15,3667.47,GBP
101436,60,2024-12-21,2025-03-21,8806.13,GBP
101437,60,2025-01-24,2025-04-24,6318.92,GBP
101438,60,2025-02-19,2025-05-20,4353.86,GBP
101439,60,2025-04-06,2025-07-05,5908.80,GBP
101440,60,2025-06-12,2025-09-10,4421.33,GBP
101441,60,2025-08-21,2025-11-19,4123.83,GBP
101442,60,2025-08-11,2025-11-09,10240.32,GBP
101443,60,2025-09-17,2025-12-16,10572.93,GBP
101444,60,2025-09-11,2025-12-10,8078.95,GBP
101445,60,2025-10-19,2026-01-17,6952.99,GBP
101446,60,2025-11-07,2026-02-05,7370.94,GBP
101447,60,2025-11-06,2026-02-04,3477.04,GBP
101448,60,2026-01-20,2026-04-20,6569.62,GBP
101449,60,2026-01-08,2026-04-08,9055.37,GBP
101450,60,2026-02-02,2026-05-03,15913.43,GBP
101451,60,2026-07-28,2026-10-26,8858.36,GBP
101452,60,2026-07-12,2026-10-10,6744.32,GBP
101453,60,2026-09-22,2026-12-21,8786.97,GBP
101454,60,2026-09-27,2026-12-26,4769.46,GBP
101455,61,2024-12-02,2025-01-01,4582.96,GBP
101456,61,2024-12-27,2025-01-26,12176.48,GBP
101457,61,2024-12-10,2025-01-09,5916.42,GBP
101458,61,2025-02-16,2025-03-18,8504.26,GBP
101459,61,2025-02-18,2025-03-20,5000.88,GBP
101460,61,2025-05-12,2025-06-11,5594.28,GBP
101461,61,2025-05-16,2025-06-15,7103.79,GBP
101462,61,2025-08-07,2025-09-06,4196.08,GBP
101463,61,2025-08-19,2025-09-18,6917.09,GBP
101464,61,2025-08-31,2025-09-30,8999.53,GBP
101465,61,2025-10-07,2025-11-06,6881.67,GBP
101466,61,2025-11-17,2025-12-17,5488.06,GBP
101467,61,2025-11-09,2025-12-09,3707.99,GBP
101468,61,2025-11-23,2025-12-23,4631.67,GBP
101469,61,2025-12-04,2026-01-03,16292.01,GBP
101470,61,2025-12-28,2026-01-27,5623.59,GBP
101471,61,2026-03-05,2026-04-04,8208.26,GBP
101472,61,2026-04-23,2026-05-23,10227.00,GBP
101473,61,2026-05-28,2026-06-27,5577.81,GBP
101474,61,2026-05-01,2026-05-31,15013.98,GBP
101475,61,2026-05-15,2026-06-14,13033.45,GBP
101476,61,2026-05-12,2026-06-11,3861.99,GBP
101477,61,2026-06-22,2026-07-22,8023.64,GBP
101478,61,2026-06-02,2026-07-02,4962.12,GBP
101479,61,2026-06-12,2026-07-12,4808.00,GBP
101480,61,2026-07-12,2026-08-11,8228.90,GBP
101481,61,2026-09-19,2026-10-19,19159.01,GBP
101482,61,2026-09-25,2026-10-25,5726.88,GBP
101483,61,2026-09-17,2026-10-17,11566.27,GBP
101484,62,2024-10-15,2024-11-14,13866.64,GBP
101485,62,2024-10-29,2024-11-28,55988.02,GBP
101486,62,2024-10-25,2024-11-24,44936.76,GBP
101487,62,2024-11-11,2024-12-11,25076.32,EUR
101488,62,2024-11-13,2024-12-13,28912.49,EUR
101489,62,2024-11-12,2024-12-12,21810.19,GBP
101490,62,2024-11-09,2024-12-09,27441.69,GBP
101491,62,2025-01-23,2025-02-22,30318.28,GBP
101492,62,2025-01-16,2025-02-15,27801.89,EUR
101493,62,2025-01-18,2025-02-17,18366.91,EUR
101494,62,2025-01-06,2025-02-05,8848.45,EUR
101495,62,2025-01-21,2025-02-20,40685.98,EUR
101496,62,2025-01-27,2025-02-26,52283.41,EUR
101497,62,2025-02-22,2025-03-24,86014.40,EUR
101498,62,2025-02-15,2025-03-17,68034.00,GBP
101499,62,2025-03-02,2025-04-01,22509.90,GBP
101500,62,2025-04-14,2025-05-14,12138.48,GBP
101501,62,2025-04-07,2025-05-07,35580.05,GBP
101502,62,2025-04-12,2025-05-12,51886.72,EUR
101503,62,2025-04-11,2025-05-11,28729.14,GBP
101504,62,2025-05-26,2025-06-25,22738.15,GBP
101505,62,2025-05-21,2025-06-20,29014.61,EUR
101506,62,2025-05-01,2025-05-31,34483.97,GBP
101507,62,2025-05-20,2025-06-19,38141.18,GBP
101508,62,2025-05-22,2025-06-21,15045.75,EUR
101509,62,2025-05-08,2025-06-07,20197.64,GBP
101510,62,2025-06-27,2025-07-27,27138.75,GBP
101511,62,2025-06-20,2025-07-20,23034.18,EUR
101512,62,2025-07-20,2025-08-19,14898.68,GBP
101513,62,2025-07-29,2025-08-28,26670.29,GBP
101514,62,2025-09-30,2025-10-30,42124.21,EUR
101515,62,2025-09-29,2025-10-29,30419.10,EUR
101516,62,2025-09-12,2025-10-12,14376.66,EUR
101517,62,2025-10-13,2025-11-12,12738.23,EUR
101518,62,2025-10-19,2025-11-18,25268.35,EUR
101519,62,2025-10-14,2025-11-13,15855.51,EUR
101520,62,2025-10-28,2025-11-27,26181.41,GBP
101521,62,2025-10-25,2025-11-24,30729.25,EUR
101522,62,2025-10-28,2025-11-27,34948.33,EUR
101523,62,2025-10-09,2025-11-08,44876.91,GBP
101524,62,2025-10-13,2025-11-12,51430.81,EUR
101525,62,2025-11-30,2025-12-30,47479.95,EUR
101526,62,2025-11-13,2025-12-13,23134.72,GBP
101527,62,2025-11-12,2025-12-12,26653.97,EUR
101528,62,2025-11-26,2025-12-26,30790.44,EUR
101529,62,2025-12-22,2026-01-21,17023.71,EUR
101530,62,2026-01-16,2026-02-15,32606.80,GBP
101531,62,2026-02-10,2026-03-12,44897.19,EUR
101532,62,2026-02-11,2026-03-13,29555.71,EUR
101533,62,2026-02-28,2026-03-30,40856.83,EUR
101534,62,2026-03-02,2026-04-01,48578.59,EUR
101535,62,2026-03-22,2026-04-21,30374.18,EUR
101536,62,2026-03-29,2026-04-28,21626.76,GBP
101537,62,2026-03-14,2026-04-13,29525.82,EUR
101538,62,2026-04-19,2026-05-19,25988.64,EUR
101539,62,2026-04-07,2026-05-07,15871.03,EUR
101540,62,2026-04-28,2026-05-28,17182.20,EUR
101541,62,2026-04-16,2026-05-16,30912.15,EUR
101542,62,2026-05-27,2026-06-26,21279.71,EUR
101543,62,2026-05-30,2026-06-29,12245.05,EUR
101544,62,2026-05-07,2026-06-06,19990.63,EUR
101545,62,2026-05-07,2026-06-06,16217.38,GBP
101546,62,2026-06-04,2026-07-04,14237.52,GBP
101547,62,2026-06-11,2026-07-11,33995.80,EUR
101548,62,2026-06-20,2026-07-20,22109.00,GBP
101549,62,2026-06-07,2026-07-07,33838.53,EUR
101550,62,2026-06-09,2026-07-09,60681.42,EUR
101551,62,2026-07-18,2026-08-17,33846.63,GBP
101552,62,2026-08-27,2026-09-26,25637.29,EUR
101553,62,2026-08-12,2026-09-11,23360.33,EUR
101554,62,2026-09-05,2026-10-05,34611.46,GBP
101555,62,2026-09-02,2026-10-02,29739.47,EUR
101556,62,2026-09-14,2026-10-14,39295.30,EUR
101557,62,2026-09-07,2026-10-07,55750.34,EUR
101558,63,2024-10-25,2025-01-23,4792.36,GBP
101559,63,2024-11-06,2025-02-04,3135.34,GBP
101560,63,2024-12-28,2025-03-28,8576.26,GBP
101561,63,2024-12-09,2025-03-09,8957.17,GBP
101562,63,2025-01-11,2025-04-11,6454.22,GBP
101563,63,2025-03-26,2025-06-24,6436.42,GBP
101564,63,2025-04-22,2025-07-21,2660.44,GBP
101565,63,2025-04-24,2025-07-23,5169.89,GBP
101566,63,2025-05-03,2025-08-01,3594.00,GBP
101567,63,2025-06-16,2025-09-14,6896.49,GBP
101568,63,2025-08-22,2025-11-20,6455.45,GBP
101569,63,2025-09-11,2025-12-10,6476.97,GBP
101570,63,2025-09-22,2025-12-21,4956.55,GBP
101571,63,2025-09-25,2025-12-24,5978.67,GBP
101572,63,2025-09-13,2025-12-12,3629.05,GBP
101573,63,2025-10-02,2025-12-31,5308.18,GBP
101574,63,2025-12-12,2026-03-12,4629.57,GBP
101575,63,2026-02-09,2026-05-10,5688.85,GBP
101576,63,2026-02-27,2026-05-28,5982.55,GBP
101577,63,2026-03-26,2026-06-24,2796.36,GBP
101578,63,2026-03-18,2026-06-16,5912.93,GBP
101579,63,2026-04-22,2026-07-21,5108.60,GBP
101580,63,2026-04-20,2026-07-19,10504.86,GBP
101581,63,2026-06-28,2026-09-26,7327.48,GBP
101582,63,2026-07-25,2026-10-23,3339.11,GBP
101583,63,2026-08-13,2026-11-11,2161.53,GBP
101584,63,2026-09-21,2026-12-20,2534.17,GBP
101585,64,2024-10-15,2024-11-29,17006.34,GBP
101586,64,2024-10-19,2024-12-03,23250.24,GBP
101587,64,2024-10-04,2024-11-18,31064.08,GBP
101588,64,2024-10-16,2024-11-30,19630.42,GBP
101589,64,2024-11-09,2024-12-24,30770.66,GBP
101590,64,2024-11-08,2024-12-23,48785.52,GBP
101591,64,2024-11-23,2025-01-07,21320.45,GBP
101592,64,2024-11-19,2025-01-03,28337.61,GBP
101593,64,2024-11-27,2025-01-11,119408.96,GBP
101594,64,2024-11-15,2024-12-30,15721.98,GBP
101595,64,2024-11-10,2024-12-25,21124.19,GBP
101596,64,2024-12-01,2025-01-15,35577.35,GBP
101597,64,2024-12-31,2025-02-14,12100.38,GBP
101598,64,2025-01-09,2025-02-23,31426.49,GBP
101599,64,2025-01-17,2025-03-03,31289.69,GBP
101600,64,2025-01-30,2025-03-16,22661.17,GBP
101601,64,2025-02-19,2025-04-05,21294.47,GBP
101602,64,2025-02-11,2025-03-28,47604.04,GBP
101603,64,2025-03-29,2025-05-13,23282.04,GBP
101604,64,2025-03-12,2025-04-26,61712.66,GBP
101605,64,2025-03-06,2025-04-20,21727.81,GBP
101606,64,2025-03-03,2025-04-17,18634.45,GBP
101607,64,2025-03-12,2025-04-26,44537.89,GBP
101608,64,2025-04-11,2025-05-26,14938.77,GBP
101609,64,2025-04-29,2025-06-13,30234.62,GBP
101610,64,2025-04-30,2025-06-14,35852.26,GBP
101611,64,2025-04-13,2025-05-28,24230.57,GBP
101612,64,2025-04-27,2025-06-11,57999.69,GBP
101613,64,2025-04-22,2025-06-06,54737.10,GBP
101614,64,2025-05-28,2025-07-12,45490.37,GBP
101615,64,2025-05-23,2025-07-07,27678.80,GBP
101616,64,2025-05-14,2025-06-28,36054.60,GBP
101617,64,2025-05-25,2025-07-09,36153.05,GBP
101618,64,2025-05-10,2025-06-24,11148.57,GBP
101619,64,2025-05-25,2025-07-09,9219.92,GBP
101620,64,2025-05-06,2025-06-20,25282.78,GBP
101621,64,2025-06-03,2025-07-18,20538.52,GBP
101622,64,2025-06-19,2025-08-03,30447.43,GBP
101623,64,2025-07-28,2025-09-11,30965.71,GBP
101624,64,2025-07-09,2025-08-23,21943.26,GBP
101625,64,2025-07-22,2025-09-05,29732.49,GBP
101626,64,2025-09-19,2025-11-03,14617.05,GBP
101627,64,2025-09-22,2025-11-06,27255.27,GBP
101628,64,2025-09-05,2025-10-20,48684.32,GBP
101629,64,2025-09-27,2025-11-11,25115.06,GBP
101630,64,2025-10-23,2025-12-07,27196.53,GBP
101631,64,2025-10-07,2025-11-21,31583.42,GBP
101632,64,2025-10-05,2025-11-19,25708.45,GBP
101633,64,2025-10-08,2025-11-22,25190.96,GBP
101634,64,2025-11-24,2026-01-08,21595.57,GBP
101635,64,2025-11-15,2025-12-30,37062.46,GBP
101636,64,2025-11-26,2026-01-10,18688.46,GBP
101637,64,2025-11-09,2025-12-24,18934.22,GBP
101638,64,2025-11-03,2025-12-18,36061.99,GBP
101639,64,2025-11-04,2025-12-19,26218.08,GBP
101640,64,2025-11-11,2025-12-26,15069.00,GBP
101641,64,2025-11-06,2025-12-21,41227.20,GBP
101642,64,2025-11-07,2025-12-22,15878.04,GBP
101643,64,2025-11-02,2025-12-17,29478.51,GBP
101644,64,2025-11-27,2026-01-11,33178.90,GBP
101645,64,2025-12-04,2026-01-18,28212.01,GBP
101646,64,2025-12-12,2026-01-26,43829.15,GBP
101647,64,2025-12-16,2026-01-30,57199.65,GBP
101648,64,2025-12-24,2026-02-07,17361.52,GBP
101649,64,2025-12-18,2026-02-01,37906.68,GBP
101650,64,2025-12-20,2026-02-03,25700.73,GBP
101651,64,2025-12-09,2026-01-23,23052.79,GBP
101652,64,2025-12-30,2026-02-13,71052.68,GBP
101653,64,2026-01-05,2026-02-19,25286.66,GBP
101654,64,2026-01-18,2026-03-04,28140.50,GBP
101655,64,2026-01-22,2026-03-08,25698.98,GBP
101656,64,2026-01-27,2026-03-13,19952.08,GBP
101657,64,2026-01-30,2026-03-16,43814.66,GBP
101658,64,2026-01-03,2026-02-17,36296.11,GBP
101659,64,2026-02-07,2026-03-24,23509.16,GBP
101660,64,2026-02-28,2026-04-14,20049.11,GBP
101661,64,2026-02-26,2026-04-12,28169.37,GBP
101662,64,2026-02-12,2026-03-29,25200.59,GBP
101663,64,2026-02-22,2026-04-08,17057.13,GBP
101664,64,2026-03-22,2026-05-06,41487.80,GBP
101665,64,2026-03-20,2026-05-04,45168.31,GBP
101666,64,2026-03-24,2026-05-08,25647.14,GBP
101667,64,2026-03-02,2026-04-16,21735.62,GBP
101668,64,2026-03-04,2026-04-18,27911.35,GBP
101669,64,2026-03-09,2026-04-23,23268.58,GBP
101670,64,2026-04-30,2026-06-14,28778.94,GBP
101671,64,2026-04-25,2026-06-09,16657.72,GBP
101672,64,2026-04-08,2026-05-23,14410.04,GBP
101673,64,2026-04-19,2026-06-03,15016.20,GBP
101674,64,2026-05-07,2026-06-21,22563.83,GBP
101675,64,2026-05-28,2026-07-12,21401.21,GBP
101676,64,2026-06-29,2026-08-13,40061.96,GBP
101677,64,2026-06-04,2026-07-19,70081.07,GBP
101678,64,2026-08-09,2026-09-23,22144.82,GBP
101679,64,2026-09-14,2026-10-29,8942.46,GBP
101680,64,2026-09-23,2026-11-07,36602.94,GBP
101681,64,2026-09-15,2026-10-30,26029.66,GBP
101682,65,2024-10-01,2024-10-31,900.82,GBP
101683,65,2025-01-29,2025-02-28,2343.31,GBP
101684,65,2025-05-04,2025-06-03,751.30,GBP
101685,65,2025-06-29,2025-07-29,449.22,GBP
101686,65,2025-11-29,2025-12-29,1713.01,GBP
101687,65,2025-12-03,2026-01-02,1877.04,GBP
101688,65,2026-02-12,2026-03-14,1719.14,GBP
101689,66,2024-10-19,2024-12-18,7684.26,GBP
101690,66,2024-11-16,2025-01-15,13267.63,GBP
101691,66,2024-11-08,2025-01-07,5933.26,GBP
101692,66,2024-11-11,2025-01-10,8885.37,GBP
101693,66,2024-11-06,2025-01-05,14409.82,GBP
101694,66,2024-11-07,2025-01-06,6750.84,GBP
101695,66,2024-12-05,2025-02-03,15435.32,GBP
101696,66,2024-12-13,2025-02-11,4787.48,GBP
101697,66,2024-12-08,2025-02-06,8300.86,GBP
101698,66,2025-02-17,2025-04-18,6993.26,GBP
101699,66,2025-02-24,2025-04-25,6280.90,GBP
101700,66,2025-02-08,2025-04-09,6213.95,GBP
101701,66,2025-04-21,2025-06-20,3212.78,GBP
101702,66,2025-04-13,2025-06-12,4852.21,GBP
101703,66,2025-05-20,2025-07-19,7359.55,GBP
101704,66,2025-05-29,2025-07-28,7679.88,GBP
101705,66,2025-06-14,2025-08-13,5187.87,GBP
101706,66,2025-08-14,2025-10-13,4370.19,GBP
101707,66,2025-09-22,2025-11-21,2782.97,GBP
101708,66,2025-10-13,2025-12-12,11546.75,GBP
101709,66,2025-10-08,2025-12-07,4416.66,GBP
101710,66,2025-10-08,2025-12-07,13753.43,GBP
101711,66,2025-10-06,2025-12-05,9439.02,GBP
101712,66,2025-11-18,2026-01-17,10425.74,GBP
101713,66,2025-11-04,2026-01-03,7237.18,GBP
101714,66,2026-01-29,2026-03-30,8520.54,GBP
101715,66,2026-02-16,2026-04-17,6087.06,GBP
101716,66,2026-03-07,2026-05-06,5128.23,GBP
101717,66,2026-03-10,2026-05-09,9488.17,GBP
101718,66,2026-04-16,2026-06-15,7799.50,GBP
101719,66,2026-05-15,2026-07-14,10103.69,GBP
101720,66,2026-05-05,2026-07-04,7238.07,GBP
101721,66,2026-05-02,2026-07-01,5550.98,GBP
101722,66,2026-07-02,2026-08-31,12958.59,GBP
101723,66,2026-07-17,2026-09-15,4034.63,GBP
101724,67,2024-10-24,2024-12-23,625.72,GBP
101725,67,2024-10-19,2024-12-18,2744.65,GBP
101726,67,2024-11-29,2025-01-28,523.67,GBP
101727,67,2025-01-21,2025-03-22,1737.77,GBP
101728,67,2025-01-12,2025-03-13,5314.37,GBP
101729,67,2025-02-15,2025-04-16,585.55,GBP
101730,67,2025-08-15,2025-10-14,13434.37,GBP
101731,67,2025-11-26,2026-01-25,870.72,GBP
101732,67,2026-02-19,2026-04-20,581.21,GBP
101733,67,2026-04-14,2026-06-13,2220.50,GBP
101734,67,2026-06-21,2026-08-20,880.62,GBP
101735,67,2026-06-06,2026-08-05,1856.37,GBP
101736,67,2026-08-10,2026-10-09,1887.93,GBP
101737,67,2026-08-31,2026-10-30,2087.14,GBP
101738,68,2024-10-02,2024-11-16,2542.63,GBP
101739,68,2024-10-01,2024-11-15,2010.48,GBP
101740,68,2025-05-18,2025-07-02,1800.37,GBP
101741,68,2025-10-18,2025-12-02,1115.47,GBP
101742,68,2025-11-25,2026-01-09,1566.20,GBP
101743,68,2026-01-23,2026-03-09,1480.18,GBP
101744,68,2026-01-07,2026-02-21,651.26,GBP
101745,68,2026-02-12,2026-03-29,1626.75,GBP
101746,68,2026-04-27,2026-06-11,599.67,GBP
101747,68,2026-06-10,2026-07-25,607.67,GBP
101748,69,2024-11-23,2025-01-22,3500.49,GBP
101749,69,2024-11-06,2025-01-05,6001.24,GBP
101750,69,2024-12-26,2025-02-24,7300.37,GBP
101751,69,2025-02-10,2025-04-11,3543.46,GBP
101752,69,2025-03-12,2025-05-11,9044.78,GBP
101753,69,2025-04-11,2025-06-10,8607.39,GBP
101754,69,2025-06-14,2025-08-13,7053.90,GBP
101755,69,2025-07-20,2025-09-18,2774.88,GBP
101756,69,2025-07-06,2025-09-04,8334.85,GBP
101757,69,2025-08-10,2025-10-09,6751.09,GBP
101758,69,2025-08-23,2025-10-22,4111.08,GBP
101759,69,2025-09-20,2025-11-19,3932.71,GBP
101760,69,2025-09-09,2025-11-08,3411.75,GBP
101761,69,2025-10-08,2025-12-07,3472.54,GBP
101762,69,2025-10-09,2025-12-08,4769.47,GBP
101763,69,2025-10-21,2025-12-20,15799.24,GBP
101764,69,2025-11-30,2026-01-29,3299.30,GBP
101765,69,2025-11-18,2026-01-17,6849.90,GBP
101766,69,2026-01-19,2026-03-20,5252.32,GBP
101767,69,2026-01-13,2026-03-14,7982.17,GBP
101768,69,2026-01-30,2026-03-31,7177.72,GBP
101769,69,2026-01-22,2026-03-23,3944.56,GBP
101770,69,2026-02-09,2026-04-10,5290.79,GBP
101771,69,2026-02-18,2026-04-19,3681.76,GBP
101772,69,2026-05-22,2026-07-21,4994.23,GBP
101773,69,2026-06-02,2026-08-01,7161.05,GBP
101774,69,2026-06-28,2026-08-27,7456.01,GBP
101775,69,2026-06-11,2026-08-10,7375.40,GBP
101776,69,2026-07-27,2026-09-25,6616.83,GBP
101777,69,2026-08-10,2026-10-09,5477.92,GBP
101778,69,2026-09-14,2026-11-13,8178.47,GBP
101779,70,2024-10-26,2024-11-25,33625.24,GBP
101780,70,2024-10-06,2024-11-05,33571.17,GBP
101781,70,2024-10-12,2024-11-11,23664.91,GBP
101782,70,2024-10-24,2024-11-23,25823.08,GBP
101783,70,2024-10-24,2024-11-23,40875.54,GBP
101784,70,2024-11-02,2024-12-02,36787.99,GBP
101785,70,2024-11-02,2024-12-02,27096.89,GBP
101786,70,2024-11-17,2024-12-17,24834.69,GBP
101787,70,2024-11-26,2024-12-26,22973.22,GBP
101788,70,2024-11-24,2024-12-24,46182.97,GBP
101789,70,2024-11-13,2024-12-13,36128.72,GBP
101790,70,2024-11-21,2024-12-21,32258.20,GBP
101791,70,2024-12-09,2025-01-08,28105.63,GBP
101792,70,2024-12-17,2025-01-16,15639.17,GBP
101793,70,2024-12-18,2025-01-17,42492.70,GBP
101794,70,2025-01-13,2025-02-12,9363.54,GBP
101795,70,2025-01-08,2025-02-07,35518.50,GBP
101796,70,2025-01-12,2025-02-11,38314.10,GBP
101797,70,2025-02-17,2025-03-19,31165.83,GBP
101798,70,2025-02-18,2025-03-20,19755.98,GBP
101799,70,2025-02-28,2025-03-30,16402.50,GBP
101800,70,2025-02-27,2025-03-29,76915.76,GBP
101801,70,2025-02-23,2025-03-25,58376.85,GBP
101802,70,2025-03-04,2025-04-03,26814.03,GBP
101803,70,2025-03-09,2025-04-08,55072.21,GBP
101804,70,2025-04-10,2025-05-10,31857.68,GBP
101805,70,2025-04-08,2025-05-08,14734.45,GBP
101806,70,2025-04-24,2025-05-24,31170.26,GBP
101807,70,2025-04-25,2025-05-25,40828.88,GBP
101808,70,2025-04-05,2025-05-05,15828.03,GBP
101809,70,2025-04-15,2025-05-15,9561.70,GBP
101810,70,2025-05-10,2025-06-09,19326.58,GBP
101811,70,2025-05-21,2025-06-20,41484.21,GBP
101812,70,2025-05-28,2025-06-27,22214.15,GBP
101813,70,2025-06-20,2025-07-20,52195.05,GBP
101814,70,2025-06-08,2025-07-08,25958.99,GBP
101815,70,2025-06-14,2025-07-14,12500.76,GBP
101816,70,2025-06-18,2025-07-18,22658.64,GBP
101817,70,2025-06-10,2025-07-10,66533.35,GBP
101818,70,2025-06-01,2025-07-01,11590.97,GBP
101819,70,2025-06-15,2025-07-15,53931.49,GBP
101820,70,2025-07-05,2025-08-04,56644.86,GBP
101821,70,2025-07-12,2025-08-11,50891.83,GBP
101822,70,2025-07-15,2025-08-14,23812.26,GBP
101823,70,2025-08-27,2025-09-26,20695.15,GBP
101824,70,2025-08-17,2025-09-16,35043.87,GBP
101825,70,2025-08-12,2025-09-11,39604.02,GBP
101826,70,2025-09-30,2025-10-30,37209.49,GBP
101827,70,2025-09-08,2025-10-08,39132.78,GBP
101828,70,2025-09-05,2025-10-05,29420.17,GBP
101829,70,2025-10-30,2025-11-29,39944.33,GBP
101830,70,2025-11-20,2025-12-20,25842.34,GBP
101831,70,2025-11-21,2025-12-21,33875.48,GBP
101832,70,2025-11-11,2025-12-11,31874.08,GBP
101833,70,2025-11-19,2025-12-19,31087.22,GBP
101834,70,2025-11-28,2025-12-28,47893.90,GBP
101835,70,2025-12-29,2026-01-28,60809.09,GBP
101836,70,2025-12-20,2026-01-19,48085.61,GBP
101837,70,2026-01-05,2026-02-04,41057.79,GBP
101838,70,2026-01-09,2026-02-08,39226.55,GBP
101839,70,2026-01-06,2026-02-05,43460.25,GBP
101840,70,2026-02-09,2026-03-11,31528.46,GBP
101841,70,2026-02-09,2026-03-11,39549.64,GBP
101842,70,2026-02-10,2026-03-12,52473.17,GBP
101843,70,2026-03-05,2026-04-04,22262.83,GBP
101844,70,2026-03-06,2026-04-05,17617.16,GBP
101845,70,2026-04-26,2026-05-26,33308.84,GBP
101846,70,2026-04-03,2026-05-03,22025.04,GBP
101847,70,2026-04-15,2026-05-15,15297.78,GBP
101848,70,2026-04-21,2026-05-21,24996.16,GBP
101849,70,2026-05-19,2026-06-18,16551.65,GBP
101850,70,2026-06-30,2026-07-30,30707.89,GBP
101851,70,2026-06-12,2026-07-12,30681.03,GBP
101852,70,2026-06-19,2026-07-19,70244.72,GBP
101853,70,2026-06-14,2026-07-14,28377.05,GBP
101854,70,2026-06-08,2026-07-08,25288.60,GBP
101855,70,2026-07-03,2026-08-02,29088.91,GBP
101856,70,2026-08-26,2026-09-25,23918.28,GBP
101857,70,2026-09-17,2026-10-17,38139.13,GBP
101858,70,2026-09-05,2026-10-05,23250.82,GBP
101859,70,2026-09-07,2026-10-07,43610.29,GBP
101860,71,2024-10-18,2024-11-17,9722.32,GBP
101861,71,2025-01-15,2025-02-14,5617.05,EUR
101862,71,2025-06-04,2025-07-04,10330.88,EUR
101863,71,2025-07-14,2025-08-13,4964.51,GBP
101864,71,2025-07-29,2025-08-28,6476.27,GBP
101865,71,2025-09-23,2025-10-23,5896.87,GBP
101866,71,2025-10-15,2025-11-14,7512.33,EUR
101867,71,2025-12-23,2026-01-22,11907.20,EUR
101868,71,2026-01-23,2026-02-22,13672.49,EUR
101869,71,2026-01-25,2026-02-24,19346.09,GBP
101870,71,2026-01-25,2026-02-24,16175.26,GBP
101871,71,2026-03-29,2026-04-28,3874.05,GBP
101872,71,2026-04-18,2026-05-18,5078.97,EUR
101873,71,2026-05-30,2026-06-29,4153.96,EUR
101874,71,2026-05-04,2026-06-03,6602.88,EUR
101875,71,2026-07-10,2026-08-09,3919.69,EUR
101876,71,2026-09-26,2026-10-26,14754.74,GBP
101877,72,2024-11-26,2025-01-10,1121.02,GBP
101878,72,2024-12-26,2025-02-09,781.33,GBP
101879,72,2025-11-24,2026-01-08,1969.93,GBP
101880,72,2025-12-01,2026-01-15,619.20,GBP
101881,72,2025-12-11,2026-01-25,537.31,GBP
101882,72,2026-01-19,2026-03-05,4459.68,GBP
101883,72,2026-02-21,2026-04-07,1270.85,GBP
101884,72,2026-05-28,2026-07-12,1212.89,GBP
101885,72,2026-06-22,2026-08-06,619.64,GBP
101886,72,2026-06-29,2026-08-13,1901.66,GBP
101887,73,2024-11-29,2024-12-29,2250.23,GBP
101888,73,2025-04-06,2025-05-06,2035.02,GBP
101889,73,2025-06-06,2025-07-06,1109.22,GBP
101890,73,2025-06-05,2025-07-05,1675.36,GBP
101891,73,2025-09-10,2025-10-10,585.55,GBP
101892,73,2025-09-07,2025-10-07,1304.55,GBP
101893,73,2025-10-01,2025-10-31,1809.45,GBP
101894,73,2026-04-03,2026-05-03,1038.75,GBP
101895,73,2026-07-19,2026-08-18,550.81,GBP
101896,73,2026-09-06,2026-10-06,1065.55,GBP
101897,74,2025-02-09,2025-04-10,2774.09,EUR
101898,74,2025-11-24,2026-01-23,1763.17,GBP
101899,74,2025-11-28,2026-01-27,2469.06,EUR
101900,74,2026-09-13,2026-11-12,2432.21,GBP
101901,74,2026-09-03,2026-11-02,2519.37,EUR
101902,75,2024-10-11,2024-12-10,488.31,GBP
101903,75,2024-10-28,2024-12-27,1513.90,GBP
101904,75,2024-12-19,2025-02-17,1452.67,GBP
101905,75,2024-12-19,2025-02-17,1789.83,GBP
101906,75,2024-12-14,2025-02-12,1183.59,GBP
101907,75,2025-02-14,2025-04-15,1928.19,GBP
101908,75,2025-03-22,2025-05-21,1672.71,GBP
101909,75,2025-07-23,2025-09-21,2793.07,GBP
101910,75,2026-01-12,2026-03-13,2014.96,GBP
101911,75,2026-05-15,2026-07-14,1233.25,GBP
101912,75,2026-06-26,2026-08-25,2790.79,GBP
101913,75,2026-09-24,2026-11-23,2134.11,GBP
101914,75,2026-09-16,2026-11-15,1062.35,GBP
101915,76,2024-10-31,2024-11-30,1738.64,GBP
101916,76,2024-11-23,2024-12-23,1302.47,GBP
101917,76,2024-12-26,2025-01-25,236.10,GBP
101918,76,2025-02-04,2025-03-06,529.63,GBP
101919,76,2025-02-23,2025-03-25,468.91,GBP
101920,76,2025-10-20,2025-11-19,1901.41,GBP
101921,76,2025-11-02,2025-12-02,2368.62,GBP
101922,76,2025-12-10,2026-01-09,1024.59,GBP
101923,76,2026-01-17,2026-02-16,3715.21,GBP
101924,76,2026-02-09,2026-03-11,3447.51,GBP
101925,76,2026-04-28,2026-05-28,491.14,GBP
101926,76,2026-06-01,2026-07-01,1129.83,GBP
101927,76,2026-09-27,2026-10-27,1809.92,GBP
101928,77,2025-06-11,2025-07-26,363.28,EUR
101929,77,2025-07-09,2025-08-23,2325.63,EUR
101930,77,2025-08-26,2025-10-10,2899.87,EUR
101931,77,2025-09-06,2025-10-21,3829.02,EUR
101932,77,2026-05-25,2026-07-09,1182.52,EUR
101933,77,2026-06-28,2026-08-12,2857.97,GBP
101934,78,2024-12-11,2025-01-10,743.22,EUR
101935,78,2025-09-30,2025-10-30,1848.45,EUR
101936,78,2025-10-17,2025-11-16,2570.03,EUR
101937,78,2025-11-21,2025-12-21,4255.93,EUR
101938,78,2026-02-28,2026-03-30,2185.63,EUR
101939,78,2026-03-08,2026-04-07,474.25,GBP
101940,78,2026-04-29,2026-05-29,1689.49,GBP
101941,78,2026-04-07,2026-05-07,622.19,EUR
101942,79,2024-10-21,2024-12-20,5609.63,GBP
101943,79,2024-11-02,2025-01-01,5514.69,GBP
101944,79,2024-11-21,2025-01-20,14565.82,GBP
101945,79,2025-01-07,2025-03-08,3613.94,GBP
101946,79,2025-02-04,2025-04-05,11393.17,GBP
101947,79,2025-03-06,2025-05-05,5407.45,GBP
101948,79,2025-03-04,2025-05-03,5276.15,GBP
101949,79,2025-04-01,2025-05-31,3308.61,GBP
101950,79,2025-05-22,2025-07-21,2818.44,GBP
101951,79,2025-10-09,2025-12-08,6236.23,GBP
101952,79,2025-11-05,2026-01-04,5608.34,GBP
101953,79,2025-11-14,2026-01-13,3695.04,GBP
101954,79,2025-11-13,2026-01-12,7638.04,GBP
101955,79,2025-12-12,2026-02-10,7210.26,GBP
101956,79,2025-12-24,2026-02-22,2377.65,GBP
101957,79,2025-12-04,2026-02-02,8185.86,GBP
101958,79,2025-12-10,2026-02-08,7162.58,GBP
101959,79,2026-01-13,2026-03-14,12350.33,GBP
101960,79,2026-03-18,2026-05-17,3755.68,GBP
101961,79,2026-04-01,2026-05-31,13259.31,GBP
101962,79,2026-05-01,2026-06-30,2860.23,GBP
101963,79,2026-06-22,2026-08-21,3716.29,GBP
101964,79,2026-06-05,2026-08-04,6835.93,GBP
101965,79,2026-07-05,2026-09-03,2799.86,GBP
101966,79,2026-07-31,2026-09-29,14143.19,GBP
101967,79,2026-07-01,2026-08-30,5399.92,GBP
101968,79,2026-07-22,2026-09-20,9020.19,GBP
101969,79,2026-08-29,2026-10-28,4878.77,GBP
101970,79,2026-08-03,2026-10-02,7986.42,GBP
101971,79,2026-08-24,2026-10-23,18870.59,GBP
101972,79,2026-09-28,2026-11-27,3804.40,GBP
101973,80,2024-10-28,2024-11-27,1236.45,GBP
101974,80,2024-10-16,2024-11-15,5087.15,GBP
101975,80,2025-03-01,2025-03-31,855.32,GBP
101976,80,2025-04-11,2025-05-11,600.60,GBP
101977,80,2025-06-19,2025-07-19,9429.83,GBP
101978,80,2025-09-13,2025-10-13,682.61,GBP
101979,80,2025-11-22,2025-12-22,1760.89,GBP
101980,80,2025-11-23,2025-12-23,2049.42,GBP
101981,80,2025-11-22,2025-12-22,1551.81,GBP
101982,80,2025-12-19,2026-01-18,2081.67,GBP
101983,80,2026-01-02,2026-02-01,244.51,GBP
101984,80,2026-01-06,2026-02-05,1612.08,GBP
101985,80,2026-01-19,2026-02-18,849.16,GBP
101986,80,2026-05-28,2026-06-27,770.83,GBP
101987,80,2026-09-16,2026-10-16,842.45,GBP
101988,81,2024-10-03,2024-12-02,45444.08,EUR
101989,81,2024-10-18,2024-12-17,15136.42,GBP
101990,81,2024-10-29,2024-12-28,45435.82,GBP
101991,81,2024-11-29,2025-01-28,35307.93,EUR
101992,81,2024-11-24,2025-01-23,30296.18,GBP
101993,81,2024-11-10,2025-01-09,40703.36,GBP
101994,81,2024-11-21,2025-01-20,24428.92,GBP
101995,81,2024-11-16,2025-01-15,15455.57,GBP
101996,81,2025-01-02,2025-03-03,17615.48,GBP
101997,81,2025-01-06,2025-03-07,27589.65,EUR
101998,81,2025-01-02,2025-03-03,42989.81,GBP
101999,81,2025-01-01,2025-03-02,22784.65,EUR
102000,81,2025-01-18,2025-03-19,17683.65,GBP
102001,81,2025-02-22,2025-04-23,33056.60,GBP
102002,81,2025-02-28,2025-04-29,36611.58,GBP
102003,81,2025-02-05,2025-04-06,29039.14,GBP
102004,81,2025-02-13,2025-04-14,29233.58,GBP
102005,81,2025-02-12,2025-04-13,33866.09,EUR
102006,81,2025-03-22,2025-05-21,48775.10,GBP
102007,81,2025-03-05,2025-05-04,34579.83,GBP
102008,81,2025-03-11,2025-05-10,23661.14,GBP
102009,81,2025-03-15,2025-05-14,17393.32,GBP
102010,81,2025-03-29,2025-05-28,30685.49,EUR
102011,81,2025-03-08,2025-05-07,31104.52,GBP
102012,81,2025-04-08,2025-06-07,56757.82,EUR
102013,81,2025-04-29,2025-06-28,36145.61,GBP
102014,81,2025-04-21,2025-06-20,24812.42,GBP
102015,81,2025-04-24,2025-06-23,11562.45,GBP
102016,81,2025-04-22,2025-06-21,28125.72,EUR
102017,81,2025-05-19,2025-07-18,17222.06,GBP
102018,81,2025-05-30,2025-07-29,31429.47,EUR
102019,81,2025-05-20,2025-07-19,63039.76,GBP
102020,81,2025-07-17,2025-09-15,22941.46,GBP
102021,81,2025-07-08,2025-09-06,41297.42,EUR
102022,81,2025-08-14,2025-10-13,50003.27,EUR
102023,81,2025-08-06,2025-10-05,23289.19,EUR
102024,81,2025-09-17,2025-11-16,16688.43,GBP
102025,81,2025-09-05,2025-11-04,29563.02,GBP
102026,81,2025-09-17,2025-11-16,10355.32,EUR
102027,81,2025-09-10,2025-11-09,40417.23,GBP
102028,81,2025-09-08,2025-11-07,25996.40,GBP
102029,81,2025-10-04,2025-12-03,26064.29,EUR
102030,81,2025-10-09,2025-12-08,119974.19,GBP
102031,81,2025-10-26,2025-12-25,37173.88,GBP
102032,81,2025-10-20,2025-12-19,18465.09,GBP
102033,81,2025-10-05,2025-12-04,40272.66,GBP
102034,81,2025-11-01,2025-12-31,27086.28,GBP
102035,81,2025-11-05,2026-01-04,34018.34,GBP
102036,81,2025-11-29,2026-01-28,46009.77,EUR
102037,81,2025-11-13,2026-01-12,13101.61,GBP
102038,81,2025-11-18,2026-01-17,15816.64,GBP
102039,81,2025-11-24,2026-01-23,12581.82,GBP
102040,81,2025-11-30,2026-01-29,30086.51,GBP
102041,81,2025-11-07,2026-01-06,39494.92,GBP
102042,81,2025-11-07,2026-01-06,20562.34,GBP
102043,81,2025-11-14,2026-01-13,13414.11,GBP
102044,81,2025-12-23,2026-02-21,36263.26,EUR
102045,81,2025-12-13,2026-02-11,33301.18,GBP
102046,81,2025-12-12,2026-02-10,21096.37,GBP
102047,81,2026-02-03,2026-04-04,19511.09,EUR
102048,81,2026-02-15,2026-04-16,25125.66,GBP
102049,81,2026-03-08,2026-05-07,22215.38,EUR
102050,81,2026-03-22,2026-05-21,59563.51,GBP
102051,81,2026-03-16,2026-05-15,12111.80,GBP
102052,81,2026-03-17,2026-05-16,21868.67,GBP
102053,81,2026-03-14,2026-05-13,22651.02,EUR
102054,81,2026-03-17,2026-05-16,11716.81,GBP
102055,81,2026-04-03,2026-06-02,16935.57,GBP
102056,81,2026-05-01,2026-06-30,28089.53,GBP
102057,81,2026-05-31,2026-07-30,57261.79,EUR
102058,81,2026-05-18,2026-07-17,23570.22,GBP
102059,81,2026-05-21,2026-07-20,23003.75,GBP
102060,81,2026-06-04,2026-08-03,23860.98,GBP
102061,81,2026-06-14,2026-08-13,20780.76,EUR
102062,81,2026-08-04,2026-10-03,25711.50,EUR
102063,81,2026-08-31,2026-10-30,41556.74,GBP
102064,81,2026-08-05,2026-10-04,20648.46,GBP
102065,81,2026-08-30,2026-10-29,31351.14,GBP
102066,81,2026-09-15,2026-11-14,20491.52,EUR
102067,81,2026-09-14,2026-11-13,24373.33,EUR
102068,81,2026-09-16,2026-11-15,14008.04,EUR
102069,81,2026-09-08,2026-11-07,29702.83,GBP
102070,81,2026-09-21,2026-11-20,18158.49,GBP
102071,82,2024-12-23,2025-02-06,3344.13,EUR
102072,82,2024-12-23,2025-02-06,5796.82,EUR
102073,82,2025-02-28,2025-04-14,3042.28,GBP
102074,82,2025-02-23,2025-04-09,3939.23,GBP
102075,82,2025-04-24,2025-06-08,4299.08,GBP
102076,82,2025-04-09,2025-05-24,5802.80,GBP
102077,82,2025-05-01,2025-06-15,3639.36,GBP
102078,82,2025-05-16,2025-06-30,4197.91,EUR
102079,82,2025-07-15,2025-08-29,4157.42,GBP
102080,82,2025-07-02,2025-08-16,10678.39,EUR
102081,82,2025-07-19,2025-09-02,3174.91,GBP
102082,82,2025-08-09,2025-09-23,4302.33,EUR
102083,82,2025-08-18,2025-10-02,5629.58,GBP
102084,82,2025-08-17,2025-10-01,12145.78,EUR
102085,82,2025-08-15,2025-09-29,5261.80,GBP
102086,82,2025-08-13,2025-09-27,5459.66,EUR
102087,82,2025-09-28,2025-11-12,15516.99,EUR
102088,82,2025-12-01,2026-01-15,2847.38,GBP
102089,82,2026-01-27,2026-03-13,4645.01,GBP
102090,82,2026-05-15,2026-06-29,4787.26,GBP
102091,82,2026-06-16,2026-07-31,3623.65,EUR
102092,82,2026-06-13,2026-07-28,6453.75,GBP
102093,82,2026-06-08,2026-07-23,2798.91,EUR
102094,82,2026-06-08,2026-07-23,5739.92,EUR
102095,82,2026-07-10,2026-08-24,3529.56,GBP
102096,82,2026-07-19,2026-09-02,6466.56,GBP
102097,82,2026-08-06,2026-09-20,11303.04,GBP
102098,83,2025-07-12,2025-08-11,1760.84,GBP
102099,83,2025-08-20,2025-09-19,886.73,GBP
102100,83,2025-09-04,2025-10-04,1379.82,GBP
102101,83,2025-12-27,2026-01-26,3152.20,GBP
102102,83,2026-01-03,2026-02-02,4921.98,GBP
102103,84,2024-10-12,2024-12-11,1719.06,GBP
102104,84,2025-02-16,2025-04-17,1102.68,GBP
102105,84,2025-09-26,2025-11-25,1757.03,GBP
102106,84,2026-06-04,2026-08-03,641.34,EUR
102107,85,2024-10-14,2024-12-13,1241.04,GBP
102108,85,2024-12-12,2025-02-10,1595.17,GBP
102109,85,2025-03-22,2025-05-21,1169.89,GBP
102110,85,2025-03-14,2025-05-13,1779.71,GBP
102111,85,2025-03-27,2025-05-26,1280.50,GBP
102112,85,2025-04-28,2025-06-27,2339.86,GBP
102113,85,2025-05-13,2025-07-12,541.23,GBP
102114,85,2025-07-01,2025-08-30,3855.90,GBP
102115,85,2025-07-29,2025-09-27,1376.59,GBP
102116,85,2025-10-06,2025-12-05,1239.90,GBP
102117,85,2026-01-24,2026-03-25,2469.01,GBP
102118,85,2026-03-05,2026-05-04,1328.01,GBP
102119,85,2026-08-30,2026-10-29,1208.23,GBP
102120,85,2026-09-13,2026-11-12,857.81,GBP
102121,86,2024-10-23,2024-12-07,15685.65,GBP
102122,86,2024-10-07,2024-11-21,43022.96,GBP
102123,86,2024-10-21,2024-12-05,35822.41,GBP
102124,86,2024-11-26,2025-01-10,31296.02,GBP
102125,86,2024-11-13,2024-12-28,38519.66,GBP
102126,86,2024-12-11,2025-01-25,24056.98,GBP
102127,86,2024-12-05,2025-01-19,27508.50,GBP
102128,86,2024-12-18,2025-02-01,29710.17,GBP
102129,86,2025-01-11,2025-02-25,13032.42,GBP
102130,86,2025-01-07,2025-02-21,27947.31,GBP
102131,86,2025-01-20,2025-03-06,49501.28,GBP
102132,86,2025-01-19,2025-03-05,21817.31,GBP
102133,86,2025-01-31,2025-03-17,38846.52,GBP
102134,86,2025-01-25,2025-03-11,15126.22,GBP
102135,86,2025-01-12,2025-02-26,25967.96,GBP
102136,86,2025-02-04,2025-03-21,12988.55,GBP
102137,86,2025-02-09,2025-03-26,11162.48,GBP
102138,86,2025-02-12,2025-03-29,24451.90,GBP
102139,86,2025-03-04,2025-04-18,21488.04,GBP
102140,86,2025-03-03,2025-04-17,33493.91,GBP
102141,86,2025-03-22,2025-05-06,43067.35,GBP
102142,86,2025-04-02,2025-05-17,52741.97,GBP
102143,86,2025-04-03,2025-05-18,27593.96,GBP
102144,86,2025-05-07,2025-06-21,25511.07,GBP
102145,86,2025-05-12,2025-06-26,24080.98,GBP
102146,86,2025-06-22,2025-08-06,37480.65,GBP
102147,86,2025-06-23,2025-08-07,12598.92,GBP
102148,86,2025-06-25,2025-08-09,26866.30,GBP
102149,86,2025-07-18,2025-09-01,19344.18,GBP
102150,86,2025-08-31,2025-10-15,48713.47,GBP
102151,86,2025-08-04,2025-09-18,80110.16,GBP
102152,86,2025-08-11,2025-09-25,19204.75,GBP
102153,86,2025-08-18,2025-10-02,16177.07,GBP
102154,86,2025-11-05,2025-12-20,46483.67,GBP
102155,86,2025-11-18,2026-01-02,30829.24,GBP
102156,86,2025-11-11,2025-12-26,12008.17,GBP
102157,86,2025-11-16,2025-12-31,13414.95,GBP
102158,86,2025-11-22,2026-01-06,19506.82,GBP
102159,86,2025-12-22,2026-02-05,55467.22,GBP
102160,86,2026-01-01,2026-02-15,35265.32,GBP
102161,86,2026-01-16,2026-03-02,6992.87,GBP
102162,86,2026-01-11,2026-02-25,25647.69,GBP
102163,86,2026-01-12,2026-02-26,42446.06,GBP
102164,86,2026-01-12,2026-02-26,16172.77,GBP
102165,86,2026-01-23,2026-03-09,8942.72,GBP
102166,86,2026-02-05,2026-03-22,35402.37,GBP
102167,86,2026-02-11,2026-03-28,31220.14,GBP
102168,86,2026-02-05,2026-03-22,16708.84,GBP
102169,86,2026-02-08,2026-03-25,13378.80,GBP
102170,86,2026-03-06,2026-04-20,31650.07,GBP
102171,86,2026-03-11,2026-04-25,65415.93,GBP
102172,86,2026-04-29,2026-06-13,34161.95,GBP
102173,86,2026-04-25,2026-06-09,12318.82,GBP
102174,86,2026-04-10,2026-05-25,12529.97,GBP
102175,86,2026-04-01,2026-05-16,25616.87,GBP
102176,86,2026-05-05,2026-06-19,33324.42,GBP
102177,86,2026-05-21,2026-07-05,41828.68,GBP
102178,86,2026-05-31,2026-07-15,32751.35,GBP
102179,86,2026-05-30,2026-07-14,23561.57,GBP
102180,86,2026-05-20,2026-07-04,41884.76,GBP
102181,86,2026-07-22,2026-09-05,29522.51,GBP
102182,86,2026-07-15,2026-08-29,36029.53,GBP
102183,86,2026-07-30,2026-09-13,36722.39,GBP
102184,86,2026-09-29,2026-11-13,22969.53,GBP
102185,87,2024-10-21,2024-12-20,1118.11,EUR
102186,87,2024-11-01,2024-12-31,950.90,GBP
102187,87,2024-11-09,2025-01-08,916.24,GBP
102188,87,2024-12-18,2025-02-16,811.44,EUR
102189,87,2025-01-12,2025-03-13,1031.50,EUR
102190,87,2025-04-25,2025-06-24,1072.05,GBP
102191,87,2025-06-16,2025-08-15,1682.77,EUR
102192,87,2025-09-25,2025-11-24,1364.69,EUR
102193,87,2025-10-24,2025-12-23,1758.77,GBP
102194,87,2025-12-02,2026-01-31,748.01,EUR
102195,87,2025-12-03,2026-02-01,895.43,EUR
102196,87,2026-01-09,2026-03-10,347.74,GBP
102197,87,2026-03-01,2026-04-30,1050.57,EUR
102198,88,2025-01-14,2025-04-14,1112.46,GBP
102199,88,2025-02-14,2025-05-15,542.11,GBP
102200,88,2025-05-15,2025-08-13,6314.05,GBP
102201,88,2025-08-28,2025-11-26,951.07,GBP
102202,88,2025-09-05,2025-12-04,1565.66,GBP
102203,88,2025-11-24,2026-02-22,885.83,GBP
102204,88,2026-04-27,2026-07-26,1891.43,GBP
102205,89,2024-10-26,2024-11-25,14546.72,GBP
102206,89,2024-10-28,2024-11-27,36170.16,GBP
102207,89,2024-10-23,2024-11-22,15429.58,GBP
102208,89,2024-10-22,2024-11-21,17675.77,GBP
102209,89,2024-10-15,2024-11-14,26809.90,GBP
102210,89,2024-10-09,2024-11-08,10724.14,GBP
102211,89,2024-11-12,2024-12-12,44770.55,GBP
102212,89,2024-11-02,2024-12-02,40051.84,GBP
102213,89,2024-12-04,2025-01-03,84763.83,GBP
102214,89,2024-12-30,2025-01-29,19690.92,GBP
102215,89,2025-01-12,2025-02-11,37575.54,GBP
102216,89,2025-02-26,2025-03-28,45603.72,GBP
102217,89,2025-02-02,2025-03-04,10689.90,GBP
102218,89,2025-02-15,2025-03-17,26193.51,GBP
102219,89,2025-02-02,2025-03-04,26412.26,GBP
102220,89,2025-02-11,2025-03-13,20701.65,GBP
102221,89,2025-02-25,2025-03-27,17540.82,GBP
102222,89,2025-02-01,2025-03-03,15734.91,GBP
102223,89,2025-03-09,2025-04-08,42251.56,GBP
102224,89,2025-03-02,2025-04-01,40040.29,GBP
102225,89,2025-04-14,2025-05-14,58046.96,GBP
102226,89,2025-04-02,2025-05-02,27215.14,GBP
102227,89,2025-04-28,2025-05-28,46448.28,GBP
102228,89,2025-04-23,2025-05-23,25788.33,GBP
102229,89,2025-04-27,2025-05-27,41963.91,GBP
102230,89,2025-04-24,2025-05-24,14435.39,GBP
102231,89,2025-05-08,2025-06-07,13777.53,GBP
102232,89,2025-05-08,2025-06-07,13088.10,GBP
102233,89,2025-06-25,2025-07-25,39155.76,GBP
102234,89,2025-06-02,2025-07-02,19413.45,GBP
102235,89,2025-07-04,2025-08-03,33794.10,GBP
102236,89,2025-07-28,2025-08-27,27890.61,GBP
102237,89,2025-07-25,2025-08-24,49109.82,GBP
102238,89,2025-07-29,2025-08-28,21966.94,GBP
102239,89,2025-09-07,2025-10-07,35878.80,GBP
102240,89,2025-09-09,2025-10-09,71641.59,GBP
102241,89,2025-09-22,2025-10-22,13510.45,GBP
102242,89,2025-10-22,2025-11-21,49200.28,GBP
102243,89,2025-10-04,2025-11-03,35133.09,GBP
102244,89,2025-10-15,2025-11-14,73389.22,GBP
102245,89,2025-11-10,2025-12-10,25694.47,GBP
102246,89,2025-11-27,2025-12-27,16458.61,GBP
102247,89,2025-11-16,2025-12-16,43985.17,GBP
102248,89,2025-11-04,2025-12-04,28252.73,GBP
102249,89,2025-11-17,2025-12-17,15971.60,GBP
102250,89,2025-12-27,2026-01-26,32682.03,GBP
102251,89,2026-01-12,2026-02-11,17951.06,GBP
102252,89,2026-01-27,2026-02-26,29998.03,GBP
102253,89,2026-01-14,2026-02-13,39223.18,GBP
102254,89,2026-01-04,2026-02-03,29770.06,GBP
102255,89,2026-01-02,2026-02-01,12733.07,GBP
102256,89,2026-02-01,2026-03-03,62726.30,GBP
102257,89,2026-02-22,2026-03-24,21717.40,GBP
102258,89,2026-02-15,2026-03-17,12693.28,GBP
102259,89,2026-02-10,2026-03-12,27130.72,GBP
102260,89,2026-02-07,2026-03-09,12700.92,GBP
102261,89,2026-02-11,2026-03-13,15757.44,GBP
102262,89,2026-02-06,2026-03-08,26388.28,GBP
102263,89,2026-03-15,2026-04-14,23842.44,GBP
102264,89,2026-03-06,2026-04-05,110233.52,GBP
102265,89,2026-03-21,2026-04-20,18647.39,GBP
102266,89,2026-04-28,2026-05-28,11879.54,GBP
102267,89,2026-04-02,2026-05-02,15243.32,GBP
102268,89,2026-04-12,2026-05-12,23585.27,GBP
102269,89,2026-05-09,2026-06-08,20296.87,GBP
102270,89,2026-05-18,2026-06-17,40570.23,GBP
102271,89,2026-05-17,2026-06-16,77045.43,GBP
102272,89,2026-05-22,2026-06-21,33764.00,GBP
102273,89,2026-06-16,2026-07-16,15314.14,GBP
102274,89,2026-06-03,2026-07-03,21456.10,GBP
102275,89,2026-06-11,2026-07-11,48768.35,GBP
102276,89,2026-06-14,2026-07-14,52114.77,GBP
102277,89,2026-06-20,2026-07-20,26974.83,GBP
102278,89,2026-07-08,2026-08-07,12208.21,GBP
102279,89,2026-08-18,2026-09-17,42700.50,GBP
102280,89,2026-08-01,2026-08-31,40716.70,GBP
102281,89,2026-08-26,2026-09-25,22949.53,GBP
102282,89,2026-09-01,2026-10-01,34288.66,GBP
102283,89,2026-09-16,2026-10-16,44311.20,GBP
102284,89,2026-09-21,2026-10-21,39422.12,GBP
102285,89,2026-09-13,2026-10-13,30842.87,GBP
102286,90,2024-10-18,2024-12-02,26592.49,GBP
102287,90,2024-10-22,2024-12-06,18640.71,GBP
102288,90,2024-11-25,2025-01-09,18154.04,GBP
102289,90,2024-11-30,2025-01-14,25437.61,GBP
102290,90,2024-11-20,2025-01-04,28499.42,GBP
102291,90,2025-01-19,2025-03-05,45552.60,GBP
102292,90,2025-01-30,2025-03-16,10861.47,GBP
102293,90,2025-03-18,2025-05-02,45319.51,GBP
102294,90,2025-03-09,2025-04-23,32514.55,GBP
102295,90,2025-03-15,2025-04-29,22484.81,GBP
102296,90,2025-04-04,2025-05-19,27885.32,GBP
102297,90,2025-04-19,2025-06-03,94188.00,GBP
102298,90,2025-05-09,2025-06-23,21490.71,GBP
102299,90,2025-05-17,2025-07-01,18715.06,GBP
102300,90,2025-05-12,2025-06-26,16730.32,GBP
102301,90,2025-05-30,2025-07-14,21821.68,GBP
102302,90,2025-05-17,2025-07-01,9450.61,GBP
102303,90,2025-06-28,2025-08-12,58592.84,GBP
102304,90,2025-07-09,2025-08-23,25980.10,GBP
102305,90,2025-07-27,2025-09-10,32126.81,GBP
102306,90,2025-07-17,2025-08-31,22547.79,GBP
102307,90,2025-08-17,2025-10-01,28094.40,GBP
102308,90,2025-08-22,2025-10-06,18320.18,GBP
102309,90,2025-08-03,2025-09-17,24159.91,GBP
102310,90,2025-09-12,2025-10-27,31516.56,GBP
102311,90,2025-09-21,2025-11-05,29017.85,GBP
102312,90,2025-09-26,2025-11-10,40374.09,GBP
102313,90,2025-10-13,2025-11-27,22738.48,GBP
102314,90,2025-10-25,2025-12-09,25562.98,GBP
102315,90,2025-10-28,2025-12-12,27360.56,GBP
102316,90,2025-10-20,2025-12-04,47360.37,GBP
102317,90,2025-10-09,2025-11-23,28387.44,GBP
102318,90,2025-11-30,2026-01-14,36260.31,GBP
102319,90,2025-11-25,2026-01-09,26000.05,GBP
102320,90,2025-11-20,2026-01-04,68849.59,GBP
102321,90,2025-11-22,2026-01-06,19983.50,GBP
102322,90,2025-11-02,2025-12-17,14911.88,GBP
102323,90,2025-11-26,2026-01-10,27304.82,GBP
102324,90,2025-12-25,2026-02-08,24807.41,GBP
102325,90,2026-01-16,2026-03-02,22036.11,GBP
102326,90,2026-01-29,2026-03-15,46578.68,GBP
102327,90,2026-01-11,2026-02-25,51925.19,GBP
102328,90,2026-01-21,2026-03-07,62475.39,GBP
102329,90,2026-02-21,2026-04-07,24006.32,GBP
102330,90,2026-02-14,2026-03-31,18961.69,GBP
102331,90,2026-03-26,2026-05-10,23489.27,GBP
102332,90,2026-03-11,2026-04-25,36050.78,GBP
102333,90,2026-03-30,2026-05-14,43849.41,GBP
102334,90,2026-03-11,2026-04-25,24891.15,GBP
102335,90,2026-03-03,2026-04-17,36416.53,GBP
102336,90,2026-04-16,2026-05-31,49340.46,GBP
102337,90,2026-04-09,2026-05-24,21400.18,GBP
102338,90,2026-04-18,2026-06-02,23835.27,GBP
102339,90,2026-04-17,2026-06-01,22077.41,GBP
102340,90,2026-05-17,2026-07-01,26038.47,GBP
102341,90,2026-05-18,2026-07-02,24913.84,GBP
102342,90,2026-06-28,2026-08-12,28971.23,GBP
102343,90,2026-06-07,2026-07-22,33548.52,GBP
102344,90,2026-06-25,2026-08-09,27558.31,GBP
102345,90,2026-07-23,2026-09-06,45608.28,GBP
102346,90,2026-08-26,2026-10-10,40699.36,GBP
102347,90,2026-08-18,2026-10-02,24960.15,GBP
102348,90,2026-08-22,2026-10-06,40819.26,GBP
102349,90,2026-08-02,2026-09-16,21636.19,GBP
102350,90,2026-09-08,2026-10-23,14892.52,GBP
102351,90,2026-09-20,2026-11-04,20434.29,GBP
102352,90,2026-09-05,2026-10-20,18052.14,GBP
102353,90,2026-09-06,2026-10-21,62113.29,GBP
102354,90,2026-09-25,2026-11-09,29866.01,GBP
102355,90,2026-09-12,2026-10-27,12296.59,GBP
102356,91,2025-01-25,2025-02-24,1135.77,EUR
102357,91,2025-02-19,2025-03-21,385.06,EUR
102358,91,2025-03-04,2025-04-03,3292.61,EUR
102359,91,2025-03-04,2025-04-03,3120.36,GBP
102360,91,2025-05-05,2025-06-04,832.02,EUR
102361,91,2025-07-31,2025-08-30,531.37,GBP
102362,91,2025-09-15,2025-10-15,915.38,GBP
102363,91,2025-10-14,2025-11-13,2072.48,EUR
102364,91,2025-10-03,2025-11-02,1675.21,GBP
102365,91,2025-11-27,2025-12-27,1505.95,EUR
102366,91,2026-02-23,2026-03-25,504.78,EUR
102367,91,2026-04-19,2026-05-19,1438.11,EUR
102368,91,2026-05-11,2026-06-10,2455.58,GBP
102369,91,2026-06-13,2026-07-13,3523.25,GBP
102370,91,2026-06-07,2026-07-07,819.49,GBP
102371,91,2026-09-03,2026-10-03,1741.59,EUR
102372,92,2024-11-23,2025-01-22,802.30,EUR
102373,92,2024-12-28,2025-02-26,674.82,EUR
102374,92,2025-01-27,2025-03-28,554.15,EUR
102375,92,2025-01-19,2025-03-20,746.36,GBP
102376,92,2025-02-15,2025-04-16,1844.78,EUR
102377,92,2025-03-25,2025-05-24,1038.43,EUR
102378,92,2025-03-13,2025-05-12,2090.31,EUR
102379,92,2025-04-18,2025-06-17,885.53,EUR
102380,92,2025-11-20,2026-01-19,1640.54,GBP
102381,92,2026-03-11,2026-05-10,1439.88,EUR
102382,92,2026-03-25,2026-05-24,748.00,EUR
102383,92,2026-03-30,2026-05-29,1284.92,EUR
102384,92,2026-06-30,2026-08-29,599.29,EUR
102385,92,2026-08-31,2026-10-30,4259.87,EUR
102386,93,2025-03-17,2025-05-01,2569.27,GBP
102387,93,2025-05-30,2025-07-14,467.97,GBP
102388,93,2025-05-22,2025-07-06,356.53,GBP
102389,93,2025-10-14,2025-11-28,1579.79,GBP
102390,93,2025-10-10,2025-11-24,1793.89,GBP
102391,93,2026-01-13,2026-02-27,939.90,GBP
102392,93,2026-06-23,2026-08-07,1090.68,GBP
102393,93,2026-06-03,2026-07-18,796.17,GBP
102394,93,2026-07-01,2026-08-15,1635.45,GBP
102395,93,2026-07-05,2026-08-19,658.49,GBP
102396,94,2024-10-05,2024-11-04,1664.43,EUR
102397,94,2024-10-17,2024-11-16,986.72,GBP
102398,94,2024-12-19,2025-01-18,473.49,GBP
102399,94,2025-01-20,2025-02-19,296.33,EUR
102400,94,2025-04-03,2025-05-03,2262.52,EUR
102401,94,2025-11-05,2025-12-05,1907.45,GBP
102402,94,2026-02-09,2026-03-11,650.63,EUR
102403,94,2026-05-19,2026-06-18,799.87,GBP
102404,94,2026-06-28,2026-07-28,1565.41,EUR
102405,94,2026-09-08,2026-10-08,2015.70,EUR
102406,95,2024-12-20,2025-01-19,423.78,GBP
102407,95,2025-05-28,2025-06-27,847.02,GBP
102408,95,2025-05-05,2025-06-04,1112.39,GBP
102409,95,2025-06-02,2025-07-02,3199.17,GBP
102410,95,2025-08-08,2025-09-07,2258.56,GBP
102411,95,2025-09-03,2025-10-03,7830.49,GBP
102412,95,2026-02-15,2026-03-17,1392.68,GBP
102413,95,2026-03-10,2026-04-09,1425.54,GBP
102414,96,2024-11-23,2025-01-22,1975.63,GBP
102415,96,2024-12-13,2025-02-11,1622.45,GBP
102416,96,2025-02-17,2025-04-18,276.66,GBP
102417,96,2025-02-23,2025-04-24,1216.62,GBP
102418,96,2025-05-25,2025-07-24,795.19,GBP
102419,96,2025-08-05,2025-10-04,1561.60,GBP
102420,96,2025-08-08,2025-10-07,2138.72,GBP
102421,96,2025-12-30,2026-02-28,1847.92,GBP
102422,96,2026-02-11,2026-04-12,909.45,GBP
102423,96,2026-03-08,2026-05-07,1180.31,GBP
102424,96,2026-03-07,2026-05-06,2178.38,GBP
102425,96,2026-03-22,2026-05-21,1286.83,GBP
102426,96,2026-03-12,2026-05-11,1882.33,GBP
102427,96,2026-04-06,2026-06-05,2179.24,GBP
102428,96,2026-04-15,2026-06-14,2363.02,GBP
102429,96,2026-06-24,2026-08-23,1152.91,GBP
102430,96,2026-08-17,2026-10-16,1474.38,GBP
102431,97,2024-10-14,2024-11-13,18134.96,GBP
102432,97,2024-10-17,2024-11-16,19435.70,GBP
102433,97,2024-10-28,2024-11-27,30491.97,GBP
102434,97,2024-10-09,2024-11-08,26501.42,GBP
102435,97,2024-10-12,2024-11-11,16841.24,GBP
102436,97,2024-10-23,2024-11-22,10890.27,GBP
102437,97,2024-11-13,2024-12-13,15514.19,GBP
102438,97,2024-11-26,2024-12-26,16335.52,GBP
102439,97,2024-11-04,2024-12-04,25792.86,GBP
102440,97,2024-11-23,2024-12-23,31372.14,GBP
102441,97,2024-11-06,2024-12-06,24061.38,GBP
102442,97,2024-11-25,2024-12-25,28459.88,GBP
102443,97,2024-12-25,2025-01-24,27216.26,GBP
102444,97,2024-12-11,2025-01-10,15962.38,GBP
102445,97,2024-12-18,2025-01-17,21579.30,GBP
102446,97,2024-12-27,2025-01-26,38049.28,GBP
102447,97,2025-01-27,2025-02-26,15392.36,GBP
102448,97,2025-01-22,2025-02-21,35928.14,GBP
102449,97,2025-01-22,2025-02-21,32768.17,GBP
102450,97,2025-01-30,2025-03-01,42359.79,GBP
102451,97,2025-02-27,2025-03-29,38167.70,GBP
102452,97,2025-03-26,2025-04-25,16261.77,GBP
102453,97,2025-03-06,2025-04-05,53314.82,GBP
102454,97,2025-03-18,2025-04-17,13447.87,GBP
102455,97,2025-03-10,2025-04-09,8939.90,GBP
102456,97,2025-03-11,2025-04-10,23384.55,GBP
102457,97,2025-03-29,2025-04-28,24154.21,GBP
102458,97,2025-03-19,2025-04-18,29156.47,GBP
102459,97,2025-04-02,2025-05-02,16056.62,GBP
102460,97,2025-04-11,2025-05-11,23582.66,GBP
102461,97,2025-04-13,2025-05-13,17579.25,GBP
102462,97,2025-05-10,2025-06-09,21731.27,GBP
102463,97,2025-05-09,2025-06-08,15850.55,GBP
102464,97,2025-05-18,2025-06-17,24922.63,GBP
102465,97,2025-06-09,2025-07-09,26241.55,GBP
102466,97,2025-06-13,2025-07-13,73964.50,GBP
102467,97,2025-06-13,2025-07-13,17424.27,GBP
102468,97,2025-07-04,2025-08-03,31188.76,GBP
102469,97,2025-07-01,2025-07-31,27868.45,GBP
102470,97,2025-07-08,2025-08-07,38475.30,GBP
102471,97,2025-08-28,2025-09-27,21495.67,GBP
102472,97,2025-08-31,2025-09-30,22581.23,GBP
102473,97,2025-08-16,2025-09-15,18472.59,GBP
102474,97,2025-09-27,2025-10-27,39953.23,GBP
102475,97,2025-09-09,2025-10-09,20363.98,GBP
102476,97,2025-09-02,2025-10-02,22779.40,GBP
102477,97,2025-09-28,2025-10-28,54646.49,GBP
102478,97,2025-10-14,2025-11-13,30676.93,GBP
102479,97,2025-10-08,2025-11-07,44738.69,GBP
102480,97,2025-10-14,2025-11-13,82344.12,GBP
102481,97,2025-10-03,2025-11-02,24902.45,GBP
102482,97,2025-11-12,2025-12-12,31258.94,GBP
102483,97,2025-11-29,2025-12-29,32799.93,GBP
102484,97,2025-11-11,2025-12-11,30708.65,GBP
102485,97,2025-12-05,2026-01-04,38721.86,GBP
102486,97,2025-12-30,2026-01-29,7668.89,GBP
102487,97,2025-12-01,2025-12-31,12068.94,GBP
102488,97,2026-01-07,2026-02-06,12138.88,GBP
102489,97,2026-01-11,2026-02-10,22224.35,GBP
102490,97,2026-01-25,2026-02-24,57035.64,GBP
102491,97,2026-02-03,2026-03-05,18522.75,GBP
102492,97,2026-02-09,2026-03-11,24829.26,GBP
102493,97,2026-02-21,2026-03-23,21979.55,GBP
102494,97,2026-03-05,2026-04-04,52318.19,GBP
102495,97,2026-04-11,2026-05-11,28112.05,GBP
102496,97,2026-04-07,2026-05-07,45808.97,GBP
102497,97,2026-05-17,2026-06-16,25547.30,GBP
102498,97,2026-05-06,2026-06-05,41755.34,GBP
102499,97,2026-06-02,2026-07-02,11342.29,GBP
102500,97,2026-06-27,2026-07-27,23666.93,GBP
102501,97,2026-06-20,2026-07-20,61412.28,GBP
102502,97,2026-06-03,2026-07-03,36152.81,GBP
102503,97,2026-06-27,2026-07-27,16250.24,GBP
102504,97,2026-07-30,2026-08-29,31684.58,GBP
102505,97,2026-07-27,2026-08-26,17964.03,GBP
102506,97,2026-07-01,2026-07-31,62247.92,GBP
102507,97,2026-07-17,2026-08-16,32638.15,GBP
102508,97,2026-08-03,2026-09-02,33520.21,GBP
102509,97,2026-08-19,2026-09-18,19689.63,GBP
102510,97,2026-08-04,2026-09-03,14472.29,GBP
102511,97,2026-09-08,2026-10-08,34935.07,GBP
102512,97,2026-09-06,2026-10-06,68331.66,GBP
102513,98,2024-10-27,2024-12-26,1478.47,GBP
102514,98,2025-03-21,2025-05-20,1993.35,GBP
102515,98,2025-04-11,2025-06-10,816.82,GBP
102516,98,2025-06-03,2025-08-02,1273.43,GBP
102517,98,2025-07-12,2025-09-10,529.38,GBP
102518,98,2026-02-19,2026-04-20,291.99,GBP
102519,98,2026-04-06,2026-06-05,2467.57,GBP
102520,98,2026-05-19,2026-07-18,1220.24,GBP
102521,98,2026-06-18,2026-08-17,1076.61,GBP
102522,98,2026-07-16,2026-09-14,3615.43,GBP
102523,99,2024-10-11,2024-11-10,3025.83,GBP
102524,99,2024-10-08,2024-11-07,8196.80,GBP
102525,99,2025-01-02,2025-02-01,9101.04,GBP
102526,99,2025-02-08,2025-03-10,9093.43,GBP
102527,99,2025-02-11,2025-03-13,4183.77,GBP
102528,99,2025-03-05,2025-04-04,4265.59,GBP
102529,99,2025-04-05,2025-05-05,4233.34,GBP
102530,99,2025-06-29,2025-07-29,6598.67,GBP
102531,99,2025-10-22,2025-11-21,9973.75,GBP
102532,99,2025-10-27,2025-11-26,5173.10,GBP
102533,99,2025-11-09,2025-12-09,4100.30,GBP
102534,99,2025-11-26,2025-12-26,8694.42,GBP
102535,99,2025-12-17,2026-01-16,13304.12,GBP
102536,99,2026-01-27,2026-02-26,3828.06,GBP
102537,99,2026-01-18,2026-02-17,10492.98,GBP
102538,99,2026-01-30,2026-03-01,7322.14,GBP
102539,99,2026-02-28,2026-03-30,7246.10,GBP
102540,99,2026-04-27,2026-05-27,4906.90,GBP
102541,100,2024-10-20,2025-01-18,629.50,GBP
102542,100,2024-12-11,2025-03-11,714.65,GBP
102543,100,2025-03-29,2025-06-27,948.60,GBP
102544,100,2025-03-30,2025-06-28,995.86,GBP
102545,100,2026-02-02,2026-05-03,813.54,GBP
102546,100,2026-04-23,2026-07-22,937.99,GBP
102547,101,2024-10-25,2024-11-24,13846.66,GBP
102548,101,2024-11-04,2024-12-04,6558.37,GBP
102549,101,2024-11-21,2024-12-21,9803.81,GBP
102550,101,2024-12-29,2025-01-28,10093.41,GBP
102551,101,2024-12-26,2025-01-25,4283.96,GBP
102552,101,2024-12-04,2025-01-03,4233.46,GBP
102553,101,2025-02-04,2025-03-06,5052.10,GBP
102554,101,2025-03-19,2025-04-18,8074.85,GBP
102555,101,2025-04-24,2025-05-24,7908.53,GBP
102556,101,2025-05-08,2025-06-07,8212.37,GBP
102557,101,2025-06-23,2025-07-23,5273.93,GBP
102558,101,2025-07-22,2025-08-21,5643.47,GBP
102559,101,2025-07-12,2025-08-11,7971.46,GBP
102560,101,2025-07-31,2025-08-30,5408.33,GBP
102561,101,2025-10-18,2025-11-17,6843.85,GBP
102562,101,2025-10-12,2025-11-11,3218.64,GBP
102563,101,2026-01-20,2026-02-19,6941.76,GBP
102564,101,2026-01-24,2026-02-23,3561.64,GBP
102565,101,2026-01-12,2026-02-11,19636.76,GBP
102566,101,2026-03-30,2026-04-29,4113.26,GBP
102567,101,2026-04-08,2026-05-08,7392.31,GBP
102568,101,2026-04-03,2026-05-03,6684.47,GBP
102569,101,2026-06-21,2026-07-21,3096.25,GBP
102570,101,2026-06-17,2026-07-17,4470.92,GBP
102571,101,2026-07-02,2026-08-01,5548.72,GBP
102572,101,2026-07-09,2026-08-08,4201.76,GBP
102573,102,2024-10-14,2024-11-13,4903.44,GBP
102574,102,2024-11-21,2024-12-21,3655.19,GBP
102575,102,2024-11-25,2024-12-25,5213.94,GBP
102576,102,2024-11-07,2024-12-07,4910.84,GBP
102577,102,2025-01-28,2025-02-27,5263.43,GBP
102578,102,2025-02-19,2025-03-21,3922.48,GBP
102579,102,2025-02-06,2025-03-08,6700.09,GBP
102580,102,2025-03-26,2025-04-25,9504.57,GBP
102581,102,2025-08-15,2025-09-14,15739.85,GBP
102582,102,2025-08-20,2025-09-19,4093.92,GBP
102583,102,2025-08-22,2025-09-21,5527.89,GBP
102584,102,2025-09-09,2025-10-09,19212.47,GBP
102585,102,2025-09-27,2025-10-27,8158.08,GBP
102586,102,2025-12-04,2026-01-03,6850.91,GBP
102587,102,2026-01-24,2026-02-23,4934.55,GBP
102588,102,2026-01-17,2026-02-16,3950.56,GBP
102589,102,2026-02-09,2026-03-11,6706.44,GBP
102590,102,2026-02-14,2026-03-16,5608.75,GBP
102591,102,2026-03-06,2026-04-05,6708.92,GBP
102592,102,2026-03-04,2026-04-03,4339.10,GBP
102593,102,2026-04-17,2026-05-17,7667.53,GBP
102594,102,2026-04-18,2026-05-18,7923.82,GBP
102595,102,2026-05-17,2026-06-16,11984.74,GBP
102596,102,2026-07-28,2026-08-27,6079.55,GBP
102597,102,2026-07-07,2026-08-06,2771.45,GBP
102598,103,2024-10-02,2024-12-01,9103.29,GBP
102599,103,2024-11-11,2025-01-10,13378.54,GBP
102600,103,2024-11-13,2025-01-12,15160.85,GBP
102601,103,2024-12-13,2025-02-11,5345.91,GBP
102602,103,2024-12-09,2025-02-07,6093.92,GBP
102603,103,2025-01-30,2025-03-31,8530.48,GBP
102604,103,2025-01-22,2025-03-23,13284.31,GBP
102605,103,2025-02-04,2025-04-05,7276.06,GBP
102606,103,2025-02-13,2025-04-14,5753.96,GBP
102607,103,2025-02-20,2025-04-21,3266.88,GBP
102608,103,2025-02-13,2025-04-14,11451.44,GBP
102609,103,2025-03-07,2025-05-06,1734.56,GBP
102610,103,2025-04-25,2025-06-24,5402.94,GBP
102611,103,2025-06-02,2025-08-01,8351.14,GBP
102612,103,2025-07-21,2025-09-19,3329.82,GBP
102613,103,2025-09-30,2025-11-29,3490.38,GBP
102614,103,2025-09-04,2025-11-03,7244.12,GBP
102615,103,2025-09-08,2025-11-07,7191.42,GBP
102616,103,2025-10-08,2025-12-07,6772.66,GBP
102617,103,2025-10-11,2025-12-10,9336.55,GBP
102618,103,2025-12-15,2026-02-13,5838.31,GBP
102619,103,2026-01-25,2026-03-26,5856.21,GBP
102620,103,2026-02-03,2026-04-04,6406.26,GBP
102621,103,2026-04-26,2026-06-25,4137.16,GBP
102622,103,2026-06-24,2026-08-23,5630.23,GBP
102623,103,2026-08-21,2026-10-20,9017.73,GBP
102624,103,2026-09-15,2026-11-14,3536.24,GBP
102625,104,2024-10-01,2024-12-30,27034.49,EUR
102626,104,2024-10-16,2025-01-14,16387.84,EUR
102627,104,2024-10-09,2025-01-07,15501.52,GBP
102628,104,2024-10-31,2025-01-29,23810.48,EUR
102629,104,2024-10-05,2025-01-03,42259.31,EUR
102630,104,2024-10-19,2025-01-17,54937.12,GBP
102631,104,2024-11-07,2025-02-05,43434.71,EUR
102632,104,2024-11-18,2025-02-16,29840.05,EUR
102633,104,2024-11-27,2025-02-25,18884.03,GBP
102634,104,2024-11-24,2025-02-22,29199.26,EUR
102635,104,2024-11-23,2025-02-21,18423.02,EUR
102636,104,2024-12-21,2025-03-21,34473.25,GBP
102637,104,2024-12-16,2025-03-16,17366.81,EUR
102638,104,2024-12-07,2025-03-07,29077.14,GBP
102639,104,2024-12-30,2025-03-30,21770.11,EUR
102640,104,2025-01-13,2025-04-13,56966.76,EUR
102641,104,2025-01-21,2025-04-21,55724.15,GBP
102642,104,2025-01-07,2025-04-07,31551.02,GBP
102643,104,2025-01-17,2025-04-17,38325.73,EUR
102644,104,2025-02-24,2025-05-25,49124.50,EUR
102645,104,2025-02-04,2025-05-05,39911.15,EUR
102646,104,2025-02-15,2025-05-16,34624.59,EUR
102647,104,2025-02-26,2025-05-27,52198.42,GBP
102648,104,2025-02-02,2025-05-03,41650.44,EUR
102649,104,2025-03-01,2025-05-30,17873.02,GBP
102650,104,2025-03-17,2025-06-15,25100.62,GBP
102651,104,2025-03-21,2025-06-19,36342.10,EUR
102652,104,2025-03-15,2025-06-13,16144.70,EUR
102653,104,2025-04-04,2025-07-03,11150.34,EUR
102654,104,2025-04-25,2025-07-24,18515.69,EUR
102655,104,2025-04-25,2025-07-24,24831.80,EUR
102656,104,2025-04-30,2025-07-29,35211.38,GBP
102657,104,2025-04-05,2025-07-04,31768.69,EUR
102658,104,2025-05-05,2025-08-03,34227.09,EUR
102659,104,2025-05-10,2025-08-08,32686.52,EUR
102660,104,2025-05-11,2025-08-09,35106.79,EUR
102661,104,2025-05-15,2025-08-13,30260.03,EUR
102662,104,2025-06-03,2025-09-01,26564.82,GBP
102663,104,2025-06-23,2025-09-21,28970.07,GBP
102664,104,2025-07-12,2025-10-10,27515.92,GBP
102665,104,2025-07-23,2025-10-21,21418.12,GBP
102666,104,2025-08-12,2025-11-10,28746.62,GBP
102667,104,2025-08-03,2025-11-01,33794.17,EUR
102668,104,2025-08-24,2025-11-22,27873.96,EUR
102669,104,2025-08-27,2025-11-25,19585.95,EUR
102670,104,2025-09-06,2025-12-05,29410.12,EUR
102671,104,2025-09-25,2025-12-24,51014.34,EUR
102672,104,2025-09-22,2025-12-21,18740.82,EUR
102673,104,2025-10-09,2026-01-07,35699.72,GBP
102674,104,2025-10-20,2026-01-18,20055.14,EUR
102675,104,2025-10-02,2025-12-31,25516.80,EUR
102676,104,2025-10-11,2026-01-09,34696.90,GBP
102677,104,2025-10-28,2026-01-26,46930.98,GBP
102678,104,2025-10-15,2026-01-13,23305.59,GBP
102679,104,2025-10-30,2026-01-28,49736.75,EUR
102680,104,2025-10-07,2026-01-05,25125.21,EUR
102681,104,2025-11-19,2026-02-17,39395.94,EUR
102682,104,2025-11-28,2026-02-26,34285.09,EUR
102683,104,2025-11-16,2026-02-14,24642.38,EUR
102684,104,2025-12-15,2026-03-15,28098.77,GBP
102685,104,2026-01-25,2026-04-25,37330.46,EUR
102686,104,2026-01-07,2026-04-07,19600.73,EUR
102687,104,2026-01-31,2026-05-01,39157.00,EUR
102688,104,2026-02-28,2026-05-29,17058.71,GBP
102689,104,2026-02-07,2026-05-08,43435.61,GBP
102690,104,2026-02-18,2026-05-19,29300.09,GBP
102691,104,2026-02-25,2026-05-26,20705.01,GBP
102692,104,2026-03-25,2026-06-23,18008.81,EUR
102693,104,2026-03-04,2026-06-02,45787.17,GBP
102694,104,2026-03-01,2026-05-30,23060.51,GBP
102695,104,2026-03-12,2026-06-10,29044.26,GBP
102696,104,2026-03-11,2026-06-09,15465.39,GBP
102697,104,2026-03-22,2026-06-20,17502.08,GBP
102698,104,2026-03-14,2026-06-12,25302.82,EUR
102699,104,2026-04-11,2026-07-10,38639.33,EUR
102700,104,2026-04-30,2026-07-29,33891.44,EUR
102701,104,2026-04-18,2026-07-17,7679.37,EUR
102702,104,2026-04-14,2026-07-13,34845.53,EUR
102703,104,2026-04-27,2026-07-26,14780.84,GBP
102704,104,2026-04-06,2026-07-05,15981.98,EUR
102705,104,2026-04-03,2026-07-02,21115.38,EUR
102706,104,2026-05-26,2026-08-24,17589.39,EUR
102707,104,2026-05-20,2026-08-18,70919.28,GBP
102708,104,2026-05-15,2026-08-13,23188.70,EUR
102709,104,2026-05-12,2026-08-10,45399.03,EUR
102710,104,2026-05-05,2026-08-03,25195.39,EUR
102711,104,2026-05-29,2026-08-27,52750.79,EUR
102712,104,2026-06-14,2026-09-12,42677.49,GBP
102713,104,2026-06-01,2026-08-30,15802.83,GBP
102714,104,2026-06-23,2026-09-21,11944.36,EUR
102715,104,2026-06-28,2026-09-26,31860.03,GBP
102716,104,2026-06-09,2026-09-07,36218.24,GBP
102717,104,2026-07-31,2026-10-29,19560.41,EUR
102718,104,2026-07-08,2026-10-06,27953.69,EUR
102719,104,2026-08-02,2026-10-31,38133.04,GBP
102720,104,2026-08-07,2026-11-05,13758.39,GBP
102721,104,2026-09-12,2026-12-11,21953.42,EUR
102722,104,2026-09-25,2026-12-24,66215.37,EUR
102723,104,2026-09-28,2026-12-27,16232.70,GBP
102724,104,2026-09-16,2026-12-15,21011.33,GBP
102725,104,2026-09-13,2026-12-12,8816.20,EUR
102726,104,2026-09-08,2026-12-07,26885.15,EUR
102727,105,2024-10-24,2024-11-23,841.13,GBP
102728,105,2025-01-28,2025-02-27,3360.80,GBP
102729,105,2025-01-31,2025-03-02,3078.59,GBP
102730,105,2025-06-09,2025-07-09,452.56,GBP
102731,105,2025-10-11,2025-11-10,2057.58,GBP
102732,105,2026-01-10,2026-02-09,2317.98,GBP
102733,105,2026-02-18,2026-03-20,809.35,GBP
102734,105,2026-02-04,2026-03-06,518.34,GBP
102735,105,2026-05-19,2026-06-18,2260.06,GBP
102736,105,2026-07-05,2026-08-04,606.42,GBP
102737,105,2026-08-16,2026-09-15,2578.24,GBP
102738,105,2026-09-16,2026-10-16,1770.08,GBP
102739,106,2025-01-30,2025-03-16,714.05,GBP
102740,106,2025-06-20,2025-08-04,2581.58,GBP
102741,106,2025-09-01,2025-10-16,1004.47,GBP
102742,106,2025-09-21,2025-11-05,1392.68,GBP
102743,106,2025-10-04,2025-11-18,1788.63,GBP
102744,106,2026-07-03,2026-08-17,1550.53,GBP
102745,107,2025-01-09,2025-03-10,1466.80,GBP
102746,107,2025-04-10,2025-06-09,1129.70,GBP
102747,107,2025-11-22,2026-01-21,733.85,GBP
102748,107,2025-12-30,2026-02-28,927.44,GBP
102749,107,2026-02-03,2026-04-04,2464.37,GBP
102750,107,2026-03-06,2026-05-05,795.08,GBP
102751,107,2026-03-13,2026-05-12,2168.24,GBP
102752,107,2026-04-23,2026-06-22,1357.18,GBP
102753,107,2026-05-30,2026-07-29,2050.45,GBP
102754,107,2026-07-13,2026-09-11,1006.77,GBP
102755,107,2026-09-20,2026-11-19,4025.86,GBP
102756,107,2026-09-22,2026-11-21,2027.26,GBP
102757,108,2024-10-04,2024-12-03,989.44,GBP
102758,108,2024-11-30,2025-01-29,448.00,GBP
102759,108,2025-03-11,2025-05-10,1253.37,GBP
102760,108,2025-04-19,2025-06-18,913.33,GBP
102761,108,2025-05-13,2025-07-12,1025.76,GBP
102762,108,2025-09-14,2025-11-13,4845.43,GBP
102763,108,2025-09-30,2025-11-29,1132.21,GBP
102764,109,2024-10-13,2024-11-12,26282.11,EUR
102765,109,2024-10-15,2024-11-14,18088.60,EUR
102766,109,2024-10-02,2024-11-01,20560.94,GBP
102767,109,2024-10-24,2024-11-23,17974.96,EUR
102768,109,2024-10-14,2024-11-13,22734.45,EUR
102769,109,2024-10-11,2024-11-10,56512.59,EUR
102770,109,2024-10-16,2024-11-15,35445.23,GBP
102771,109,2024-10-15,2024-11-14,28806.14,EUR
102772,109,2024-11-01,2024-12-01,35597.19,EUR
102773,109,2024-11-11,2024-12-11,36119.02,EUR
102774,109,2024-11-21,2024-12-21,30130.49,EUR
102775,109,2024-11-17,2024-12-17,30033.87,EUR
102776,109,2024-12-07,2025-01-06,37243.72,GBP
102777,109,2024-12-28,2025-01-27,31081.76,GBP
102778,109,2024-12-24,2025-01-23,33899.59,EUR
102779,109,2024-12-27,2025-01-26,19387.78,EUR
102780,109,2024-12-01,2024-12-31,39307.13,EUR
102781,109,2025-01-06,2025-02-05,23392.35,GBP
102782,109,2025-01-16,2025-02-15,32126.89,EUR
102783,109,2025-01-16,2025-02-15,24450.28,GBP
102784,109,2025-02-05,2025-03-07,18396.57,EUR
102785,109,2025-02-16,2025-03-18,28769.36,GBP
102786,109,2025-02-08,2025-03-10,14994.98,EUR
102787,109,2025-02-04,2025-03-06,14564.31,EUR
102788,109,2025-02-27,2025-03-29,21070.98,GBP
102789,109,2025-02-26,2025-03-28,31971.54,EUR
102790,109,2025-03-20,2025-04-19,26460.03,GBP
102791,109,2025-03-20,2025-04-19,27332.70,EUR
102792,109,2025-04-14,2025-05-14,23916.06,EUR
102793,109,2025-04-10,2025-05-10,16179.35,EUR
102794,109,2025-04-06,2025-05-06,42006.14,EUR
102795,109,2025-04-23,2025-05-23,37943.49,EUR
102796,109,2025-04-16,2025-05-16,57247.78,EUR
102797,109,2025-05-31,2025-06-30,36221.71,GBP
102798,109,2025-05-06,2025-06-05,33013.81,EUR
102799,109,2025-06-04,2025-07-04,12245.61,GBP
102800,109,2025-06-03,2025-07-03,29388.84,EUR
102801,109,2025-06-04,2025-07-04,7342.83,EUR
102802,109,2025-07-20,2025-08-19,24830.45,EUR
102803,109,2025-07-31,2025-08-30,47804.24,EUR
102804,109,2025-08-08,2025-09-07,21809.81,EUR
102805,109,2025-08-01,2025-08-31,20572.29,EUR
102806,109,2025-09-08,2025-10-08,77995.21,EUR
102807,109,2025-09-07,2025-10-07,18747.63,GBP
102808,109,2025-10-28,2025-11-27,25211.64,GBP
102809,109,2025-10-08,2025-11-07,15829.07,EUR
102810,109,2025-10-06,2025-11-05,30769.10,GBP
102811,109,2025-10-02,2025-11-01,22688.29,EUR
102812,109,2025-11-24,2025-12-24,19746.04,EUR
102813,109,2025-11-16,2025-12-16,15519.88,EUR
102814,109,2025-11-23,2025-12-23,28400.30,GBP
102815,109,2025-12-01,2025-12-31,71313.06,EUR
102816,109,2026-01-07,2026-02-06,31874.44,EUR
102817,109,2026-01-26,2026-02-25,33590.45,EUR
102818,109,2026-01-22,2026-02-21,24744.37,EUR
102819,109,2026-01-29,2026-02-28,29848.02,GBP
102820,109,2026-01-30,2026-03-01,29326.82,GBP
102821,109,2026-01-29,2026-02-28,30756.76,EUR
102822,109,2026-01-10,2026-02-09,26225.25,GBP
102823,109,2026-03-04,2026-04-03,44819.26,EUR
102824,109,2026-03-31,2026-04-30,10086.67,GBP
102825,109,2026-03-25,2026-04-24,21793.73,EUR
102826,109,2026-03-17,2026-04-16,26442.10,EUR
102827,109,2026-03-25,2026-04-24,49631.96,GBP
102828,109,2026-03-08,2026-04-07,20142.54,EUR
102829,109,2026-04-29,2026-05-29,31127.60,EUR
102830,109,2026-04-27,2026-05-27,26877.35,EUR
102831,109,2026-04-23,2026-05-23,27921.12,GBP
102832,109,2026-04-11,2026-05-11,17435.30,EUR
102833,109,2026-04-11,2026-05-11,16194.04,GBP
102834,109,2026-04-09,2026-05-09,42361.71,EUR
102835,109,2026-05-19,2026-06-18,36949.64,EUR
102836,109,2026-05-19,2026-06-18,17678.80,EUR
102837,109,2026-06-23,2026-07-23,76775.89,EUR
102838,109,2026-06-25,2026-07-25,35869.61,EUR
102839,109,2026-06-27,2026-07-27,14210.04,GBP
102840,109,2026-07-28,2026-08-27,49991.71,EUR
102841,109,2026-07-12,2026-08-11,19244.74,GBP
102842,109,2026-07-13,2026-08-12,12311.95,GBP
102843,109,2026-08-20,2026-09-19,27399.65,EUR
102844,109,2026-08-22,2026-09-21,17364.03,GBP
102845,109,2026-08-29,2026-09-28,29666.38,EUR
102846,109,2026-09-07,2026-10-07,19960.60,EUR
102847,109,2026-09-27,2026-10-27,45770.13,GBP
102848,109,2026-09-17,2026-10-17,22177.31,GBP
102849,109,2026-09-03,2026-10-03,29894.74,EUR
102850,110,2025-04-22,2025-06-06,2121.36,GBP
102851,110,2025-05-06,2025-06-20,710.30,GBP
102852,110,2025-09-10,2025-10-25,1479.50,GBP
102853,110,2026-04-28,2026-06-12,697.29,GBP
102854,110,2026-09-03,2026-10-18,1362.39,GBP
102855,110,2026-09-02,2026-10-17,689.71,GBP
102856,111,2024-10-14,2024-12-13,15441.45,GBP
102857,111,2024-10-23,2024-12-22,7848.83,GBP
102858,111,2024-10-19,2024-12-18,4518.77,GBP
102859,111,2024-10-05,2024-12-04,5427.82,GBP
102860,111,2024-11-30,2025-01-29,9652.19,GBP
102861,111,2024-12-03,2025-02-01,4543.60,GBP
102862,111,2024-12-11,2025-02-09,10229.81,GBP
102863,111,2025-01-29,2025-03-30,5241.16,GBP
102864,111,2025-01-28,2025-03-29,14505.20,GBP
102865,111,2025-02-16,2025-04-17,6969.46,GBP
102866,111,2025-02-19,2025-04-20,11977.03,GBP
102867,111,2025-02-27,2025-04-28,11965.09,GBP
102868,111,2025-05-29,2025-07-28,11835.79,GBP
102869,111,2025-05-17,2025-07-16,13261.18,GBP
102870,111,2025-05-22,2025-07-21,6541.55,GBP
102871,111,2025-06-29,2025-08-28,7809.99,GBP
102872,111,2025-07-25,2025-09-23,10200.54,GBP
102873,111,2025-08-10,2025-10-09,3305.94,GBP
102874,111,2025-08-30,2025-10-29,7355.54,GBP
102875,111,2025-08-25,2025-10-24,5344.34,GBP
102876,111,2025-09-09,2025-11-08,3236.26,GBP
102877,111,2025-10-18,2025-12-17,7036.87,GBP
102878,111,2025-10-21,2025-12-20,8233.09,GBP
102879,111,2025-11-18,2026-01-17,3440.44,GBP
102880,111,2025-11-16,2026-01-15,7578.60,GBP
102881,111,2025-12-20,2026-02-18,7886.89,GBP
102882,111,2026-02-04,2026-04-05,7314.12,GBP
102883,111,2026-04-01,2026-05-31,3415.69,GBP
102884,111,2026-05-15,2026-07-14,3219.56,GBP
102885,111,2026-05-19,2026-07-18,8490.60,GBP
102886,111,2026-06-10,2026-08-09,10228.34,GBP
102887,111,2026-08-11,2026-10-10,5867.95,GBP
102888,111,2026-09-27,2026-11-26,4992.08,GBP
102889,112,2025-04-30,2025-06-29,1018.27,GBP
102890,112,2025-10-02,2025-12-01,1801.22,GBP
102891,112,2025-11-21,2026-01-20,1131.59,GBP
102892,112,2025-12-16,2026-02-14,792.30,GBP
102893,112,2026-02-13,2026-04-14,1156.38,GBP
102894,112,2026-03-21,2026-05-20,975.94,GBP
102895,113,2025-01-19,2025-03-20,1046.61,GBP
102896,113,2025-03-08,2025-05-07,1698.01,EUR
102897,113,2025-05-13,2025-07-12,515.24,EUR
102898,113,2025-06-08,2025-08-07,539.92,GBP
102899,113,2025-08-06,2025-10-05,710.82,EUR
102900,113,2025-10-07,2025-12-06,667.74,GBP
102901,113,2025-11-18,2026-01-17,965.26,EUR
102902,113,2025-12-18,2026-02-16,1670.03,GBP
102903,113,2026-02-23,2026-04-24,907.25,EUR
102904,114,2024-10-14,2024-11-28,1562.31,GBP
102905,114,2025-02-11,2025-03-28,631.13,GBP
102906,114,2025-05-23,2025-07-07,842.49,GBP
102907,114,2025-11-01,2025-12-16,1699.81,GBP
102908,114,2025-12-02,2026-01-16,496.59,GBP
102909,114,2026-03-18,2026-05-02,1051.22,GBP
102910,114,2026-03-23,2026-05-07,1076.43,GBP
102911,114,2026-03-17,2026-05-01,3141.91,EUR
102912,115,2024-10-12,2024-11-11,15312.04,GBP
102913,115,2024-10-15,2024-11-14,8053.94,GBP
102914,115,2024-10-12,2024-11-11,7116.52,GBP
102915,115,2024-12-24,2025-01-23,1491.61,GBP
102916,115,2025-01-16,2025-02-15,5493.57,GBP
102917,115,2025-01-16,2025-02-15,4621.59,GBP
102918,115,2025-02-12,2025-03-14,6849.22,GBP
102919,115,2025-02-07,2025-03-09,5253.72,GBP
102920,115,2025-02-03,2025-03-05,11211.60,EUR
102921,115,2025-05-23,2025-06-22,7335.00,GBP
102922,115,2025-05-22,2025-06-21,7390.78,GBP
102923,115,2025-07-12,2025-08-11,8561.05,GBP
102924,115,2025-08-13,2025-09-12,11856.65,GBP
102925,115,2025-09-02,2025-10-02,9544.37,GBP
102926,115,2025-09-26,2025-10-26,5538.83,GBP
102927,115,2025-10-01,2025-10-31,5945.51,GBP
102928,115,2025-10-04,2025-11-03,5829.42,GBP
102929,115,2025-11-15,2025-12-15,9691.68,GBP
102930,115,2025-12-25,2026-01-24,7084.79,GBP
102931,115,2025-12-07,2026-01-06,4369.35,EUR
102932,115,2025-12-09,2026-01-08,5457.50,EUR
102933,115,2026-01-16,2026-02-15,5444.76,EUR
102934,115,2026-01-20,2026-02-19,4397.38,GBP
102935,115,2026-02-25,2026-03-27,8567.83,GBP
102936,115,2026-03-20,2026-04-19,16535.99,EUR
102937,115,2026-03-05,2026-04-04,7882.57,GBP
102938,115,2026-04-30,2026-05-30,2445.29,GBP
102939,115,2026-05-03,2026-06-02,5826.51,GBP
102940,115,2026-07-26,2026-08-25,4578.24,GBP
102941,116,2024-10-04,2025-01-02,9117.44,EUR
102942,116,2024-10-09,2025-01-07,4044.30,GBP
102943,116,2024-11-20,2025-02-18,12755.85,GBP
102944,116,2024-11-22,2025-02-20,5033.73,GBP
102945,116,2024-11-22,2025-02-20,5738.86,EUR
102946,116,2024-12-02,2025-03-02,8198.30,GBP
102947,116,2025-01-04,2025-04-04,10854.52,GBP
102948,116,2025-02-23,2025-05-24,12772.90,EUR
102949,116,2025-02-22,2025-05-23,6590.75,GBP
102950,116,2025-03-02,2025-05-31,5884.68,GBP
102951,116,2025-04-08,2025-07-07,3426.69,GBP
102952,116,2025-04-11,2025-07-10,6936.29,EUR
102953,116,2025-05-27,2025-08-25,9247.86,GBP
102954,116,2025-05-18,2025-08-16,6691.04,GBP
102955,116,2025-06-27,2025-09-25,7058.37,GBP
102956,116,2025-08-31,2025-11-29,5824.41,GBP
102957,116,2025-09-18,2025-12-17,10702.24,GBP
102958,116,2025-09-04,2025-12-03,2544.44,GBP
102959,116,2025-10-13,2026-01-11,16547.23,GBP
102960,116,2026-01-01,2026-04-01,2746.90,EUR
102961,116,2026-01-16,2026-04-16,17232.26,EUR
102962,116,2026-01-15,2026-04-15,15494.38,EUR
102963,116,2026-02-02,2026-05-03,4132.59,GBP
102964,116,2026-02-05,2026-05-06,6860.06,GBP
102965,116,2026-02-14,2026-05-15,4861.58,GBP
102966,116,2026-03-08,2026-06-06,4081.29,EUR
102967,116,2026-04-01,2026-06-30,7346.38,EUR
102968,116,2026-04-01,2026-06-30,5451.62,GBP
102969,116,2026-05-23,2026-08-21,19262.41,GBP
102970,116,2026-06-17,2026-09-15,13561.90,GBP
102971,116,2026-06-13,2026-09-11,4829.89,GBP
102972,116,2026-06-13,2026-09-11,9113.84,EUR
102973,116,2026-09-14,2026-12-13,13582.82,EUR
102974,116,2026-09-21,2026-12-20,7038.05,GBP
102975,117,2024-12-31,2025-03-01,1471.06,GBP
102976,117,2025-02-01,2025-04-02,7376.60,GBP
102977,117,2025-03-11,2025-05-10,1206.87,GBP
102978,117,2025-09-25,2025-11-24,1880.98,GBP
102979,117,2025-11-14,2026-01-13,1397.67,GBP
102980,117,2025-12-17,2026-02-15,470.25,GBP
102981,117,2025-12-27,2026-02-25,1958.30,GBP
102982,117,2026-03-20,2026-05-19,1020.17,GBP
102983,117,2026-05-12,2026-07-11,766.19,GBP
102984,117,2026-06-07,2026-08-06,1162.42,GBP
102985,118,2024-11-22,2025-01-21,454.94,GBP
102986,118,2024-12-16,2025-02-14,1322.31,GBP
102987,118,2025-02-13,2025-04-14,1291.85,GBP
102988,118,2025-02-13,2025-04-14,1627.27,GBP
102989,118,2025-05-03,2025-07-02,1164.71,GBP
102990,118,2025-10-09,2025-12-08,3759.92,GBP
102991,118,2026-05-05,2026-07-04,719.47,GBP
102992,119,2024-12-29,2025-01-28,4222.39,GBP
102993,119,2025-02-23,2025-03-25,13199.32,GBP
102994,119,2025-03-16,2025-04-15,5684.21,GBP
102995,119,2025-04-16,2025-05-16,6192.18,GBP
102996,119,2025-05-17,2025-06-16,5912.14,GBP
102997,119,2025-06-25,2025-07-25,14281.17,GBP
102998,119,2025-06-11,2025-07-11,6955.74,GBP
102999,119,2025-06-06,2025-07-06,9340.33,GBP
103000,119,2025-07-26,2025-08-25,5744.65,GBP
103001,119,2025-07-21,2025-08-20,4854.57,GBP
103002,119,2025-08-18,2025-09-17,5360.29,GBP
103003,119,2025-09-27,2025-10-27,4680.39,GBP
103004,119,2025-10-17,2025-11-16,4857.39,GBP
103005,119,2025-10-15,2025-11-14,2025.66,GBP
103006,119,2026-01-21,2026-02-20,4742.27,GBP
103007,119,2026-03-23,2026-04-22,8738.43,GBP
103008,119,2026-03-10,2026-04-09,10068.59,GBP
103009,119,2026-05-08,2026-06-07,5846.90,GBP
103010,119,2026-06-23,2026-07-23,11619.87,GBP
103011,119,2026-08-06,2026-09-05,5271.51,GBP
103012,119,2026-09-02,2026-10-02,4357.46,GBP
103013,120,2025-04-18,2025-05-18,1370.23,GBP
103014,120,2025-06-19,2025-07-19,457.56,GBP
103015,120,2025-10-09,2025-11-08,1497.43,EUR
103016,120,2025-11-30,2025-12-30,1353.12,EUR
103017,120,2026-08-21,2026-09-20,2300.06,GBP
103018,120,2026-08-07,2026-09-06,1059.89,GBP
103019,120,2026-08-24,2026-09-23,1930.48,GBP
103020,120,2026-09-18,2026-10-18,2041.22,GBP
103021,121,2024-10-03,2024-12-02,30614.31,GBP
103022,121,2024-10-07,2024-12-06,32054.39,GBP
103023,121,2024-11-24,2025-01-23,28851.30,GBP
103024,121,2024-11-16,2025-01-15,19358.33,GBP
103025,121,2024-11-13,2025-01-12,19852.58,GBP
103026,121,2024-11-14,2025-01-13,78397.57,GBP
103027,121,2024-11-15,2025-01-14,16529.09,GBP
103028,121,2025-01-12,2025-03-13,15157.73,GBP
103029,121,2025-02-26,2025-04-27,42657.76,GBP
103030,121,2025-03-27,2025-05-26,19285.48,GBP
103031,121,2025-03-14,2025-05-13,54812.68,GBP
103032,121,2025-03-13,2025-05-12,25091.00,GBP
103033,121,2025-03-27,2025-05-26,39673.31,GBP
103034,121,2025-03-01,2025-04-30,13244.96,GBP
103035,121,2025-03-17,2025-05-16,17092.03,GBP
103036,121,2025-03-12,2025-05-11,24525.61,GBP
103037,121,2025-03-10,2025-05-09,21012.41,GBP
103038,121,2025-03-10,2025-05-09,30991.60,GBP
103039,121,2025-05-24,2025-07-23,38050.65,GBP
103040,121,2025-06-21,2025-08-20,16730.32,GBP
103041,121,2025-06-19,2025-08-18,22642.68,GBP
103042,121,2025-06-07,2025-08-06,31813.67,GBP
103043,121,2025-06-08,2025-08-07,49826.78,GBP
103044,121,2025-06-13,2025-08-12,21463.69,GBP
103045,121,2025-07-04,2025-09-02,32726.71,GBP
103046,121,2025-07-03,2025-09-01,24806.14,GBP
103047,121,2025-07-16,2025-09-14,65991.22,GBP
103048,121,2025-07-13,2025-09-11,14167.34,GBP
103049,121,2025-07-01,2025-08-30,51890.11,GBP
103050,121,2025-08-07,2025-10-06,13568.78,GBP
103051,121,2025-08-19,2025-10-18,35488.99,GBP
103052,121,2025-09-06,2025-11-05,51615.10,GBP
103053,121,2025-09-05,2025-11-04,22763.83,GBP
103054,121,2025-10-23,2025-12-22,25365.81,GBP
103055,121,2025-10-19,2025-12-18,35823.22,GBP
103056,121,2025-10-12,2025-12-11,58222.09,GBP
103057,121,2025-10-05,2025-12-04,18595.16,GBP
103058,121,2025-11-16,2026-01-15,50093.17,GBP
103059,121,2025-11-16,2026-01-15,10900.77,GBP
103060,121,2025-11-21,2026-01-20,19068.94,GBP
103061,121,2025-11-20,2026-01-19,35437.38,GBP
103062,121,2025-11-10,2026-01-09,33723.72,GBP
103063,121,2025-11-21,2026-01-20,24454.89,GBP
103064,121,2025-12-04,2026-02-02,29904.97,GBP
103065,121,2026-01-07,2026-03-08,36931.66,GBP
103066,121,2026-01-28,2026-03-29,38306.88,GBP
103067,121,2026-02-23,2026-04-24,29638.53,GBP
103068,121,2026-02-16,2026-04-17,35016.65,GBP
103069,121,2026-02-28,2026-04-29,62681.27,GBP
103070,121,2026-03-19,2026-05-18,24596.54,GBP
103071,121,2026-03-09,2026-05-08,45464.12,GBP
103072,121,2026-04-21,2026-06-20,60729.64,GBP
103073,121,2026-04-21,2026-06-20,57027.89,GBP
103074,121,2026-05-21,2026-07-20,40219.09,GBP
103075,121,2026-06-25,2026-08-24,30717.97,GBP
103076,121,2026-06-08,2026-08-07,29085.86,GBP
103077,121,2026-06-19,2026-08-18,24900.62,GBP
103078,121,2026-06-27,2026-08-26,29887.01,GBP
103079,121,2026-06-04,2026-08-03,56822.69,GBP
103080,121,2026-06-16,2026-08-15,44109.91,GBP
103081,121,2026-07-10,2026-09-08,32938.15,GBP
103082,121,2026-07-09,2026-09-07,24339.70,GBP
103083,121,2026-07-28,2026-09-26,19668.16,GBP
103084,121,2026-07-22,2026-09-20,21895.42,GBP
103085,121,2026-08-06,2026-10-05,29380.63,GBP
103086,121,2026-08-21,2026-10-20,37817.98,GBP
103087,121,2026-09-20,2026-11-19,16113.73,GBP
103088,121,2026-09-07,2026-11-06,13226.23,GBP
103089,121,2026-09-18,2026-11-17,36476.11,GBP
103090,121,2026-09-04,2026-11-03,18167.41,GBP
103091,121,2026-09-18,2026-11-17,18599.32,GBP
103092,122,2025-02-18,2025-03-20,452.66,EUR
103093,122,2025-03-12,2025-04-11,1358.78,EUR
103094,122,2025-05-07,2025-06-06,999.17,GBP
103095,122,2025-05-27,2025-06-26,1876.77,GBP
103096,122,2025-07-31,2025-08-30,557.21,GBP
103097,122,2025-07-29,2025-08-28,1512.25,GBP
103098,122,2025-08-05,2025-09-04,1431.71,EUR
103099,122,2025-08-19,2025-09-18,517.26,GBP
103100,122,2025-10-27,2025-11-26,873.77,EUR
103101,122,2026-02-02,2026-03-04,797.66,EUR
103102,122,2026-04-02,2026-05-02,703.14,EUR
103103,123,2024-11-07,2025-02-05,1424.85,GBP
103104,123,2025-05-25,2025-08-23,2427.99,GBP
103105,123,2025-06-17,2025-09-15,2278.55,GBP
103106,123,2025-11-19,2026-02-17,1817.16,GBP
103107,123,2026-02-07,2026-05-08,572.19,GBP
103108,123,2026-03-20,2026-06-18,2293.46,GBP
103109,123,2026-04-30,2026-07-29,371.33,GBP
103110,123,2026-06-22,2026-09-20,4243.92,GBP
103111,123,2026-06-27,2026-09-25,647.50,GBP
103112,123,2026-07-23,2026-10-21,1048.30,GBP
103113,123,2026-08-15,2026-11-13,592.95,GBP
103114,123,2026-08-24,2026-11-22,1145.97,GBP
103115,124,2024-10-03,2024-11-02,551.20,GBP
103116,124,2025-02-04,2025-03-06,1118.10,GBP
103117,124,2025-05-01,2025-05-31,1253.55,GBP
103118,124,2025-08-06,2025-09-05,351.62,GBP
103119,124,2025-12-31,2026-01-30,1509.63,GBP
103120,124,2026-02-22,2026-03-24,2463.47,GBP
103121,124,2026-03-05,2026-04-04,771.64,GBP
103122,124,2026-03-07,2026-04-06,602.82,GBP
103123,125,2024-11-30,2025-01-29,1332.06,GBP
103124,125,2025-03-06,2025-05-05,723.96,GBP
103125,125,2025-09-18,2025-11-17,1350.04,GBP
103126,125,2025-10-03,2025-12-02,2414.08,EUR
103127,125,2026-02-06,2026-04-07,964.41,EUR
103128,125,2026-09-20,2026-11-19,414.52,EUR
103129,126,2024-10-03,2024-12-02,544.86,EUR
103130,126,2024-12-29,2025-02-27,2141.22,EUR
103131,126,2025-02-28,2025-04-29,637.34,EUR
103132,126,2025-03-17,2025-05-16,1197.98,EUR
103133,126,2025-09-16,2025-11-15,316.89,EUR
103134,127,2024-11-09,2024-12-09,1555.57,EUR
103135,127,2024-12-08,2025-01-07,2399.51,GBP
103136,127,2025-03-14,2025-04-13,649.93,EUR
103137,127,2025-03-24,2025-04-23,3107.92,GBP
103138,127,2025-06-17,2025-07-17,1079.95,GBP
103139,127,2026-01-01,2026-01-31,839.94,GBP
103140,127,2026-05-18,2026-06-17,698.80,EUR
103141,127,2026-08-16,2026-09-15,1342.74,EUR
103142,127,2026-09-26,2026-10-26,1913.80,GBP
103143,127,2026-09-24,2026-10-24,2216.91,EUR
103144,128,2024-10-22,2024-11-21,59728.22,GBP
103145,128,2024-11-28,2024-12-28,34403.95,EUR
103146,128,2024-11-18,2024-12-18,41122.96,GBP
103147,128,2024-11-12,2024-12-12,50248.28,EUR
103148,128,2024-11-23,2024-12-23,57504.49,EUR
103149,128,2024-11-18,2024-12-18,27011.00,GBP
103150,128,2024-11-15,2024-12-15,35621.17,EUR
103151,128,2024-11-05,2024-12-05,43345.84,EUR
103152,128,2024-11-28,2024-12-28,91293.54,EUR
103153,128,2024-12-19,2025-01-18,16435.02,EUR
103154,128,2024-12-04,2025-01-03,29885.07,EUR
103155,128,2024-12-07,2025-01-06,37615.04,EUR
103156,128,2025-01-12,2025-02-11,25112.26,EUR
103157,128,2025-01-03,2025-02-02,42205.32,GBP
103158,128,2025-01-11,2025-02-10,70002.97,GBP
103159,128,2025-02-16,2025-03-18,27043.26,EUR
103160,128,2025-02-26,2025-03-28,45218.83,GBP
103161,128,2025-02-09,2025-03-11,29926.56,GBP
103162,128,2025-02-22,2025-03-24,30262.45,EUR
103163,128,2025-02-19,2025-03-21,14686.56,EUR
103164,128,2025-03-11,2025-04-10,18553.98,EUR
103165,128,2025-03-24,2025-04-23,17013.02,GBP
103166,128,2025-03-12,2025-04-11,11881.14,GBP
103167,128,2025-04-17,2025-05-17,19393.91,EUR
103168,128,2025-04-10,2025-05-10,28471.17,EUR
103169,128,2025-04-21,2025-05-21,24848.34,EUR
103170,128,2025-05-31,2025-06-30,35857.79,EUR
103171,128,2025-05-18,2025-06-17,25739.74,EUR
103172,128,2025-05-24,2025-06-23,43026.50,EUR
103173,128,2025-05-29,2025-06-28,26684.77,GBP
103174,128,2025-05-28,2025-06-27,13560.18,GBP
103175,128,2025-06-27,2025-07-27,48150.86,EUR
103176,128,2025-06-29,2025-07-29,34322.12,EUR
103177,128,2025-06-16,2025-07-16,41050.43,EUR
103178,128,2025-07-26,2025-08-25,31845.90,EUR
103179,128,2025-07-19,2025-08-18,28172.13,EUR
103180,128,2025-08-07,2025-09-06,20537.06,EUR
103181,128,2025-08-04,2025-09-03,25891.21,EUR
103182,128,2025-08-10,2025-09-09,23768.79,EUR
103183,128,2025-08-05,2025-09-04,46207.93,EUR
103184,128,2025-09-08,2025-10-08,12069.23,EUR
103185,128,2025-09-20,2025-10-20,15858.04,GBP
103186,128,2025-09-07,2025-10-07,46245.67,GBP
103187,128,2025-09-30,2025-10-30,44294.11,GBP
103188,128,2025-09-12,2025-10-12,23565.96,GBP
103189,128,2025-09-11,2025-10-11,17463.42,EUR
103190,128,2025-09-14,2025-10-14,35650.67,GBP
103191,128,2025-10-19,2025-11-18,13074.92,EUR
103192,128,2025-10-25,2025-11-24,25831.99,GBP
103193,128,2025-10-20,2025-11-19,48020.72,EUR
103194,128,2025-10-10,2025-11-09,19981.77,GBP
103195,128,2025-10-07,2025-11-06,27271.14,EUR
103196,128,2025-10-23,2025-11-22,13136.23,EUR
103197,128,2025-10-29,2025-11-28,12958.93,EUR
103198,128,2025-11-22,2025-12-22,17993.23,GBP
103199,128,2025-11-06,2025-12-06,20121.51,EUR
103200,128,2025-11-26,2025-12-26,45191.99,EUR
103201,128,2025-11-17,2025-12-17,20311.68,GBP
103202,128,2025-11-26,2025-12-26,66703.83,EUR
103203,128,2025-12-25,2026-01-24,38027.85,EUR
103204,128,2026-01-10,2026-02-09,25150.72,GBP
103205,128,2026-01-08,2026-02-07,64757.96,GBP
103206,128,2026-02-04,2026-03-06,10637.25,EUR
103207,128,2026-02-13,2026-03-15,30725.63,EUR
103208,128,2026-02-22,2026-03-24,18649.62,EUR
103209,128,2026-03-17,2026-04-16,22834.30,EUR
103210,128,2026-03-12,2026-04-11,33243.03,GBP
103211,128,2026-03-27,2026-04-26,31905.07,GBP
103212,128,2026-03-22,2026-04-21,52088.98,EUR
103213,128,2026-04-19,2026-05-19,36840.78,GBP
103214,128,2026-04-12,2026-05-12,37986.01,EUR
103215,128,2026-04-30,2026-05-30,39754.75,EUR
103216,128,2026-04-03,2026-05-03,34965.85,EUR
103217,128,2026-04-06,2026-05-06,26614.52,GBP
103218,128,2026-05-10,2026-06-09,37300.78,GBP
103219,128,2026-05-17,2026-06-16,31373.61,EUR
103220,128,2026-05-27,2026-06-26,24835.69,EUR
103221,128,2026-05-05,2026-06-04,24150.69,EUR
103222,128,2026-05-09,2026-06-08,31618.21,EUR
103223,128,2026-06-17,2026-07-17,93515.50,EUR
103224,128,2026-06-18,2026-07-18,12693.10,EUR
103225,128,2026-06-02,2026-07-02,35131.88,EUR
103226,128,2026-06-08,2026-07-08,38429.13,EUR
103227,128,2026-06-02,2026-07-02,21931.05,EUR
103228,128,2026-06-24,2026-07-24,40926.80,EUR
103229,128,2026-07-10,2026-08-09,16790.96,EUR
103230,128,2026-07-29,2026-08-28,33586.84,EUR
103231,128,2026-07-22,2026-08-21,66581.45,EUR
103232,128,2026-08-27,2026-09-26,43442.46,EUR
103233,128,2026-08-19,2026-09-18,19446.22,EUR
103234,128,2026-08-24,2026-09-23,63794.71,GBP
103235,128,2026-08-27,2026-09-26,23537.36,GBP
103236,128,2026-09-19,2026-10-19,10941.55,EUR
103237,128,2026-09-13,2026-10-13,42628.67,EUR
103238,128,2026-09-18,2026-10-18,24459.65,GBP
103239,128,2026-09-07,2026-10-07,16842.73,EUR
103240,129,2024-10-14,2024-12-13,1275.81,GBP
103241,129,2024-10-08,2024-12-07,1735.03,EUR
103242,129,2024-12-10,2025-02-08,1123.41,GBP
103243,129,2024-12-26,2025-02-24,602.64,GBP
103244,129,2025-02-22,2025-04-23,917.09,GBP
103245,129,2025-05-27,2025-07-26,1356.88,EUR
103246,129,2025-07-23,2025-09-21,508.90,GBP
103247,129,2025-07-24,2025-09-22,1484.25,GBP
103248,129,2025-08-11,2025-10-10,1001.59,GBP
103249,129,2025-11-11,2026-01-10,1092.12,GBP
103250,129,2026-01-20,2026-03-21,1852.47,EUR
103251,129,2026-06-30,2026-08-29,1278.69,EUR
103252,129,2026-07-22,2026-09-20,5680.04,EUR
103253,129,2026-08-09,2026-10-08,1941.72,GBP
103254,129,2026-09-19,2026-11-18,1490.83,EUR
103255,130,2024-10-22,2024-12-06,825.19,GBP
103256,130,2024-11-28,2025-01-12,1894.72,GBP
103257,130,2024-11-26,2025-01-10,1790.06,GBP
103258,130,2025-04-21,2025-06-05,1483.34,GBP
103259,130,2025-10-13,2025-11-27,1312.50,GBP
103260,130,2026-03-19,2026-05-03,1206.72,GBP
103261,130,2026-05-25,2026-07-09,1944.06,GBP
103262,131,2024-10-09,2024-11-08,852.47,GBP
103263,131,2025-01-20,2025-02-19,957.34,GBP
103264,131,2025-02-15,2025-03-17,1421.31,GBP
103265,131,2025-07-14,2025-08-13,4967.41,GBP
103266,131,2026-01-08,2026-02-07,951.82,GBP
103267,131,2026-09-03,2026-10-03,1399.11,GBP
103268,131,2026-09-23,2026-10-23,808.62,GBP
103269,131,2026-09-03,2026-10-03,1563.66,GBP
103270,132,2024-11-28,2025-01-27,670.51,GBP
103271,132,2025-01-14,2025-03-15,904.00,EUR
103272,132,2025-02-08,2025-04-09,2182.37,EUR
103273,132,2025-02-18,2025-04-19,1896.79,EUR
103274,132,2025-02-04,2025-04-05,1341.06,EUR
103275,132,2025-03-30,2025-05-29,1661.26,EUR
103276,132,2025-11-17,2026-01-16,1477.56,EUR
103277,132,2025-12-19,2026-02-17,1258.24,GBP
103278,132,2026-01-21,2026-03-22,1600.96,EUR
103279,132,2026-02-23,2026-04-24,1235.55,GBP
103280,132,2026-02-09,2026-04-10,2612.06,GBP
103281,132,2026-05-31,2026-07-30,307.31,EUR
103282,132,2026-08-19,2026-10-18,983.73,EUR
103283,133,2025-02-21,2025-05-22,2130.40,GBP
103284,133,2025-03-22,2025-06-20,1299.70,GBP
103285,133,2025-05-29,2025-08-27,330.02,GBP
103286,133,2025-11-22,2026-02-20,491.58,GBP
103287,133,2025-12-01,2026-03-01,1387.21,GBP
103288,133,2026-02-26,2026-05-27,1523.84,GBP
103289,134,2024-10-16,2024-11-30,845.49,GBP
103290,134,2024-12-05,2025-01-19,1445.93,GBP
103291,134,2025-04-15,2025-05-30,885.11,GBP
103292,134,2025-06-26,2025-08-10,2996.34,GBP
103293,134,2025-09-12,2025-10-27,811.13,GBP
103294,134,2025-11-25,2026-01-09,1091.62,GBP
103295,134,2025-12-14,2026-01-28,405.15,GBP
103296,134,2026-03-20,2026-05-04,723.39,GBP
103297,134,2026-05-26,2026-07-10,1125.04,GBP
103298,134,2026-08-21,2026-10-05,1104.13,GBP
103299,134,2026-08-31,2026-10-15,2080.53,GBP
103300,134,2026-08-18,2026-10-02,980.63,GBP
103301,135,2024-10-10,2024-11-09,4004.96,EUR
103302,135,2024-11-10,2024-12-10,8423.77,GBP
103303,135,2024-11-09,2024-12-09,7442.37,GBP
103304,135,2024-11-03,2024-12-03,4639.38,EUR
103305,135,2024-11-10,2024-12-10,4754.13,EUR
103306,135,2024-12-12,2025-01-11,6614.98,GBP
103307,135,2024-12-31,2025-01-30,6692.13,GBP
103308,135,2024-12-18,2025-01-17,8748.62,GBP
103309,135,2025-03-22,2025-04-21,7729.21,EUR
103310,135,2025-03-21,2025-04-20,5762.34,GBP
103311,135,2025-04-03,2025-05-03,5522.13,GBP
103312,135,2025-04-16,2025-05-16,7375.48,EUR
103313,135,2025-04-03,2025-05-03,10075.36,GBP
103314,135,2025-04-30,2025-05-30,13048.30,EUR
103315,135,2025-06-19,2025-07-19,5225.54,EUR
103316,135,2025-08-04,2025-09-03,4315.92,GBP
103317,135,2025-09-10,2025-10-10,4714.24,EUR
103318,135,2025-10-20,2025-11-19,8158.25,GBP
103319,135,2025-10-28,2025-11-27,7386.93,EUR
103320,135,2025-10-09,2025-11-08,15941.57,EUR
103321,135,2025-11-08,2025-12-08,14624.61,EUR
103322,135,2025-11-16,2025-12-16,6145.38,GBP
103323,135,2025-11-20,2025-12-20,7447.27,EUR
103324,135,2025-11-11,2025-12-11,4922.31,GBP
103325,135,2025-12-16,2026-01-15,11052.25,EUR
103326,135,2026-01-05,2026-02-04,6960.13,EUR
103327,135,2026-01-05,2026-02-04,4368.27,GBP
103328,135,2026-01-23,2026-02-22,9033.82,EUR
103329,135,2026-02-16,2026-03-18,18108.39,EUR
103330,135,2026-03-21,2026-04-20,3426.46,EUR
103331,135,2026-03-14,2026-04-13,6966.67,EUR
103332,135,2026-05-23,2026-06-22,17144.07,EUR
103333,135,2026-05-27,2026-06-26,2679.61,GBP
103334,135,2026-05-19,2026-06-18,14273.36,GBP
103335,135,2026-06-17,2026-07-17,3483.53,EUR
103336,135,2026-07-21,2026-08-20,14597.17,GBP
103337,135,2026-08-01,2026-08-31,5393.35,GBP
103338,135,2026-09-07,2026-10-07,9789.57,GBP
103339,136,2024-11-26,2024-12-26,2768.21,EUR
103340,136,2025-01-20,2025-02-19,829.56,EUR
103341,136,2025-02-22,2025-03-24,895.23,EUR
103342,136,2025-02-21,2025-03-23,1533.23,GBP
103343,136,2025-03-05,2025-04-04,1865.61,GBP
103344,136,2025-11-17,2025-12-17,4438.23,EUR
103345,136,2026-04-23,2026-05-23,1153.39,GBP
103346,136,2026-05-11,2026-06-10,1458.51,EUR
103347,136,2026-08-12,2026-09-11,395.65,GBP
103348,136,2026-09-23,2026-10-23,1423.28,EUR
103349,137,2024-10-24,2024-11-23,17333.89,GBP
103350,137,2024-10-12,2024-11-11,18447.71,GBP
103351,137,2024-10-28,2024-11-27,18137.24,GBP
103352,137,2024-10-28,2024-11-27,30344.11,GBP
103353,137,2024-10-21,2024-11-20,27256.29,GBP
103354,137,2024-10-12,2024-11-11,16217.28,GBP
103355,137,2024-10-16,2024-11-15,25848.69,GBP
103356,137,2024-10-25,2024-11-24,26170.53,GBP
103357,137,2024-11-27,2024-12-27,27245.77,GBP
103358,137,2024-12-12,2025-01-11,40743.66,GBP
103359,137,2025-01-23,2025-02-22,46503.54,GBP
103360,137,2025-02-06,2025-03-08,45060.34,GBP
103361,137,2025-02-28,2025-03-30,30384.70,GBP
103362,137,2025-02-03,2025-03-05,27466.06,GBP
103363,137,2025-03-03,2025-04-02,40341.34,GBP
103364,137,2025-03-13,2025-04-12,26427.55,GBP
103365,137,2025-03-02,2025-04-01,19685.86,GBP
103366,137,2025-03-16,2025-04-15,26343.27,GBP
103367,137,2025-04-06,2025-05-06,11004.46,GBP
103368,137,2025-04-25,2025-05-25,51241.57,GBP
103369,137,2025-04-02,2025-05-02,20001.75,GBP
103370,137,2025-04-21,2025-05-21,19255.23,GBP
103371,137,2025-04-21,2025-05-21,52843.63,GBP
103372,137,2025-04-19,2025-05-19,26534.78,GBP
103373,137,2025-06-25,2025-07-25,27027.64,GBP
103374,137,2025-07-29,2025-08-28,17471.91,GBP
103375,137,2025-08-26,2025-09-25,17376.70,GBP
103376,137,2025-08-02,2025-09-01,28589.46,GBP
103377,137,2025-08-12,2025-09-11,60671.83,GBP
103378,137,2025-08-29,2025-09-28,30246.32,GBP
103379,137,2025-09-24,2025-10-24,42074.27,GBP
103380,137,2025-09-17,2025-10-17,35557.51,GBP
103381,137,2025-09-13,2025-10-13,26069.21,GBP
103382,137,2025-09-27,2025-10-27,46719.07,GBP
103383,137,2025-10-13,2025-11-12,40673.22,GBP
103384,137,2025-10-03,2025-11-02,18429.28,GBP
103385,137,2025-11-24,2025-12-24,14500.57,GBP
103386,137,2025-11-07,2025-12-07,59086.01,GBP
103387,137,2025-12-26,2026-01-25,18139.29,GBP
103388,137,2025-12-09,2026-01-08,13820.11,GBP
103389,137,2025-12-24,2026-01-23,18479.88,GBP
103390,137,2026-01-20,2026-02-19,18002.45,GBP
103391,137,2026-01-06,2026-02-05,34504.83,GBP
103392,137,2026-02-09,2026-03-11,22944.83,GBP
103393,137,2026-04-02,2026-05-02,26086.82,GBP
103394,137,2026-04-21,2026-05-21,73853.54,GBP
103395,137,2026-04-06,2026-05-06,26040.51,GBP
103396,137,2026-04-03,2026-05-03,29140.49,GBP
103397,137,2026-04-10,2026-05-10,22782.90,GBP
103398,137,2026-04-23,2026-05-23,47086.70,GBP
103399,137,2026-05-12,2026-06-11,38547.85,GBP
103400,137,2026-05-27,2026-06-26,66442.52,GBP
103401,137,2026-05-03,2026-06-02,35991.49,GBP
103402,137,2026-05-04,2026-06-03,20608.90,GBP
103403,137,2026-05-19,2026-06-18,25420.82,GBP
103404,137,2026-05-26,2026-06-25,34742.56,GBP
103405,137,2026-05-28,2026-06-27,40011.08,GBP
103406,137,2026-05-12,2026-06-11,30720.53,GBP
103407,137,2026-06-27,2026-07-27,29292.35,GBP
103408,137,2026-06-20,2026-07-20,30609.86,GBP
103409,137,2026-07-30,2026-08-29,24379.55,GBP
103410,137,2026-07-07,2026-08-06,13597.34,GBP
103411,137,2026-08-01,2026-08-31,37167.52,GBP
103412,137,2026-08-08,2026-09-07,36413.15,GBP
103413,137,2026-08-13,2026-09-12,41696.80,GBP
103414,137,2026-08-15,2026-09-14,52366.09,GBP
103415,137,2026-09-13,2026-10-13,32379.75,GBP
103416,137,2026-09-03,2026-10-03,21428.97,GBP
103417,137,2026-09-03,2026-10-03,23173.63,GBP
103418,138,2024-10-17,2024-11-16,1419.07,GBP
103419,138,2024-11-24,2024-12-24,888.61,GBP
103420,138,2025-03-06,2025-04-05,1288.63,GBP
103421,138,2025-04-02,2025-05-02,3191.96,GBP
103422,138,2025-08-11,2025-09-10,2215.55,GBP
103423,138,2025-11-03,2025-12-03,1464.60,GBP
103424,138,2026-01-23,2026-02-22,680.95,GBP
103425,138,2026-01-19,2026-02-18,922.04,GBP
103426,138,2026-03-14,2026-04-13,620.37,GBP
103427,138,2026-04-09,2026-05-09,705.78,GBP
103428,138,2026-05-01,2026-05-31,2165.20,GBP
103429,138,2026-06-27,2026-07-27,3435.53,GBP
103430,138,2026-06-15,2026-07-15,1594.80,GBP
103431,139,2024-10-29,2024-11-28,9044.36,GBP
103432,139,2024-10-10,2024-11-09,13276.79,GBP
103433,139,2024-10-27,2024-11-26,7667.88,GBP
103434,139,2024-11-04,2024-12-04,7696.64,GBP
103435,139,2024-11-09,2024-12-09,5240.88,GBP
103436,139,2024-12-30,2025-01-29,8401.61,GBP
103437,139,2025-01-30,2025-03-01,6125.26,GBP
103438,139,2025-01-28,2025-02-27,16345.53,GBP
103439,139,2025-03-09,2025-04-08,4048.47,GBP
103440,139,2025-03-21,2025-04-20,17129.91,GBP
103441,139,2025-03-12,2025-04-11,2726.25,GBP
103442,139,2025-04-08,2025-05-08,3960.08,GBP
103443,139,2025-04-30,2025-05-30,13910.32,GBP
103444,139,2025-04-07,2025-05-07,6271.22,GBP
103445,139,2025-05-21,2025-06-20,5193.22,GBP
103446,139,2025-06-12,2025-07-12,7356.31,GBP
103447,139,2025-06-03,2025-07-03,7346.19,GBP
103448,139,2025-09-18,2025-10-18,9889.22,GBP
103449,139,2025-09-03,2025-10-03,15843.86,GBP
103450,139,2025-09-26,2025-10-26,4366.33,GBP
103451,139,2025-09-11,2025-10-11,6693.39,GBP
103452,139,2025-11-25,2025-12-25,10747.26,GBP
103453,139,2025-11-20,2025-12-20,5746.80,GBP
103454,139,2025-12-16,2026-01-15,4098.87,GBP
103455,139,2025-12-20,2026-01-19,7022.04,GBP
103456,139,2026-02-01,2026-03-03,2709.69,GBP
103457,139,2026-02-19,2026-03-21,6551.91,GBP
103458,139,2026-04-22,2026-05-22,8592.14,GBP
103459,139,2026-05-11,2026-06-10,7163.66,GBP
103460,139,2026-06-25,2026-07-25,8022.69,GBP
103461,139,2026-08-21,2026-09-20,7862.84,GBP
103462,139,2026-09-24,2026-10-24,6238.21,GBP
103463,139,2026-09-08,2026-10-08,2208.20,GBP
103464,139,2026-09-12,2026-10-12,7651.85,GBP
103465,139,2026-09-21,2026-10-21,7971.95,GBP
103466,140,2025-01-14,2025-03-15,3039.91,GBP
103467,140,2025-02-25,2025-04-26,880.23,GBP
103468,140,2025-02-15,2025-04-16,693.15,GBP
103469,140,2025-08-19,2025-10-18,1838.45,GBP
103470,140,2025-12-18,2026-02-16,1607.19,GBP
103471,140,2026-06-19,2026-08-18,1389.65,GBP
103472,141,2024-11-17,2024-12-17,2161.78,GBP
103473,141,2024-11-09,2024-12-09,758.88,GBP
103474,141,2025-01-31,2025-03-02,2526.31,EUR
103475,141,2025-05-11,2025-06-10,783.80,GBP
103476,141,2025-10-16,2025-11-15,587.54,GBP
103477,141,2025-11-16,2025-12-16,816.17,GBP
103478,141,2026-01-02,2026-02-01,1533.86,EUR
103479,141,2026-04-28,2026-05-28,2885.54,GBP
103480,141,2026-09-06,2026-10-06,1100.13,EUR
103481,142,2024-11-20,2025-02-18,13032.87,GBP
103482,142,2024-12-25,2025-03-25,4124.28,GBP
103483,142,2024-12-22,2025-03-22,6567.61,GBP
103484,142,2025-02-22,2025-05-23,4752.56,GBP
103485,142,2025-02-25,2025-05-26,5435.02,GBP
103486,142,2025-04-14,2025-07-13,7282.05,GBP
103487,142,2025-05-11,2025-08-09,10733.37,GBP
103488,142,2025-05-10,2025-08-08,7637.83,GBP
103489,142,2025-06-15,2025-09-13,4915.44,GBP
103490,142,2025-06-16,2025-09-14,9528.17,GBP
103491,142,2025-06-19,2025-09-17,15858.90,GBP
103492,142,2025-07-21,2025-10-19,2502.36,GBP
103493,142,2025-08-11,2025-11-09,7674.59,GBP
103494,142,2025-09-29,2025-12-28,9361.59,GBP
103495,142,2025-09-22,2025-12-21,6326.36,GBP
103496,142,2025-11-04,2026-02-02,9793.78,GBP
103497,142,2026-01-09,2026-04-09,7315.16,GBP
103498,142,2026-02-06,2026-05-07,23277.25,GBP
103499,142,2026-06-30,2026-09-28,3847.23,GBP
103500,142,2026-08-01,2026-10-30,3655.77,GBP
103501,142,2026-09-05,2026-12-04,15581.42,GBP
103502,142,2026-09-24,2026-12-23,3246.88,GBP
103503,143,2024-10-24,2024-11-23,4376.20,GBP
103504,143,2025-01-30,2025-03-01,5168.85,GBP
103505,143,2025-02-26,2025-03-28,15209.29,GBP
103506,143,2025-03-03,2025-04-02,17280.57,GBP
103507,143,2025-03-25,2025-04-24,2729.27,GBP
103508,143,2025-04-06,2025-05-06,9023.36,GBP
103509,143,2025-05-08,2025-06-07,4322.51,GBP
103510,143,2025-06-07,2025-07-07,5807.13,GBP
103511,143,2025-06-10,2025-07-10,4168.56,GBP
103512,143,2025-08-19,2025-09-18,4683.08,GBP
103513,143,2025-09-24,2025-10-24,3547.53,GBP
103514,143,2025-10-15,2025-11-14,4821.85,GBP
103515,143,2025-10-31,2025-11-30,3963.14,GBP
103516,143,2025-11-28,2025-12-28,9740.03,GBP
103517,143,2026-01-09,2026-02-08,3521.12,GBP
103518,143,2026-01-18,2026-02-17,6284.25,GBP
103519,143,2026-02-02,2026-03-04,3372.61,GBP
103520,143,2026-04-27,2026-05-27,5805.41,GBP
103521,143,2026-04-16,2026-05-16,4753.25,GBP
103522,143,2026-05-30,2026-06-29,5442.45,GBP
103523,143,2026-07-03,2026-08-02,7804.52,GBP
103524,143,2026-07-03,2026-08-02,6683.45,GBP
103525,143,2026-09-27,2026-10-27,16316.63,GBP
103526,144,2024-10-27,2024-11-26,4906.94,GBP
103527,144,2024-10-04,2024-11-03,3537.31,EUR
103528,144,2024-10-28,2024-11-27,4690.76,EUR
103529,144,2024-10-09,2024-11-08,9457.03,GBP
103530,144,2024-10-11,2024-11-10,7990.20,GBP
103531,144,2024-11-21,2024-12-21,3885.85,GBP
103532,144,2024-11-18,2024-12-18,14862.66,GBP
103533,144,2024-12-02,2025-01-01,8373.20,GBP
103534,144,2025-01-27,2025-02-26,8411.76,GBP
103535,144,2025-01-19,2025-02-18,6289.95,GBP
103536,144,2025-02-09,2025-03-11,4400.70,GBP
103537,144,2025-02-10,2025-03-12,11827.88,EUR
103538,144,2025-02-05,2025-03-07,9238.52,EUR
103539,144,2025-05-04,2025-06-03,7933.60,GBP
103540,144,2025-05-01,2025-05-31,4891.12,GBP
103541,144,2025-06-03,2025-07-03,4239.52,GBP
103542,144,2025-07-28,2025-08-27,10866.86,EUR
103543,144,2025-07-19,2025-08-18,6832.05,GBP
103544,144,2025-08-07,2025-09-06,9616.38,EUR
103545,144,2025-08-04,2025-09-03,5677.45,EUR
103546,144,2025-09-22,2025-10-22,3301.95,EUR
103547,144,2025-10-18,2025-11-17,6435.32,GBP
103548,144,2025-11-20,2025-12-20,10058.22,EUR
103549,144,2025-11-06,2025-12-06,7895.91,GBP
103550,144,2025-11-17,2025-12-17,5176.36,GBP
103551,144,2025-12-05,2026-01-04,4576.04,GBP
103552,144,2026-01-04,2026-02-03,6270.98,EUR
103553,144,2026-02-27,2026-03-29,17364.74,GBP
103554,144,2026-05-25,2026-06-24,9982.32,EUR
103555,144,2026-07-08,2026-08-07,3003.55,GBP
103556,144,2026-08-28,2026-09-27,10711.92,EUR
103557,144,2026-09-15,2026-10-15,8991.98,EUR
103558,145,2024-10-11,2024-12-10,706.73,GBP
103559,145,2024-12-06,2025-02-04,2324.20,GBP
103560,145,2024-12-04,2025-02-02,613.49,GBP
103561,145,2025-02-20,2025-04-21,1091.59,GBP
103562,145,2025-06-05,2025-08-04,2628.09,GBP
103563,145,2025-10-02,2025-12-01,1306.58,GBP
103564,145,2025-12-25,2026-02-23,2054.68,GBP
103565,145,2025-12-28,2026-02-26,924.55,GBP
103566,145,2026-04-24,2026-06-23,1216.80,GBP
103567,145,2026-07-13,2026-09-11,3938.71,GBP
103568,145,2026-09-17,2026-11-16,1167.59,GBP
103569,146,2024-10-20,2024-12-19,3669.52,GBP
103570,146,2024-10-27,2024-12-26,10443.10,GBP
103571,146,2024-10-21,2024-12-20,13129.81,GBP
103572,146,2024-11-29,2025-01-28,12847.20,GBP
103573,146,2024-11-25,2025-01-24,3382.16,GBP
103574,146,2024-11-16,2025-01-15,6369.28,GBP
103575,146,2024-11-21,2025-01-20,14219.08,GBP
103576,146,2025-01-08,2025-03-09,8890.85,GBP
103577,146,2025-01-07,2025-03-08,3830.49,GBP
103578,146,2025-02-02,2025-04-03,14741.64,GBP
103579,146,2025-03-03,2025-05-02,6501.11,GBP
103580,146,2025-07-25,2025-09-23,6388.50,GBP
103581,146,2025-08-22,2025-10-21,5392.04,GBP
103582,146,2025-10-20,2025-12-19,5767.03,GBP
103583,146,2025-10-20,2025-12-19,4315.72,GBP
103584,146,2025-12-07,2026-02-05,15431.00,GBP
103585,146,2026-01-09,2026-03-10,5635.58,GBP
103586,146,2026-02-16,2026-04-17,7599.05,GBP
103587,146,2026-03-06,2026-05-05,7301.09,GBP
103588,146,2026-03-07,2026-05-06,5746.58,GBP
103589,146,2026-03-07,2026-05-06,5848.95,GBP
103590,146,2026-04-13,2026-06-12,10154.61,GBP
103591,146,2026-05-24,2026-07-23,4510.57,GBP
103592,146,2026-06-22,2026-08-21,6884.21,GBP
103593,146,2026-06-22,2026-08-21,7225.94,GBP
103594,146,2026-07-24,2026-09-22,4453.26,GBP
103595,147,2024-10-13,2024-11-12,8260.31,GBP
103596,147,2024-11-01,2024-12-01,3618.27,EUR
103597,147,2024-11-19,2024-12-19,3637.70,GBP
103598,147,2024-11-26,2024-12-26,11597.14,GBP
103599,147,2024-12-11,2025-01-10,5588.74,GBP
103600,147,2024-12-29,2025-01-28,5471.56,GBP
103601,147,2024-12-18,2025-01-17,2710.88,GBP
103602,147,2024-12-31,2025-01-30,5904.96,GBP
103603,147,2025-01-08,2025-02-07,8370.95,EUR
103604,147,2025-03-06,2025-04-05,8248.98,EUR
103605,147,2025-03-07,2025-04-06,7892.52,EUR
103606,147,2025-03-04,2025-04-03,3619.05,GBP
103607,147,2025-04-27,2025-05-27,4542.88,EUR
103608,147,2025-05-05,2025-06-04,3242.92,GBP
103609,147,2025-05-13,2025-06-12,8602.46,GBP
103610,147,2025-05-29,2025-06-28,12062.29,GBP
103611,147,2025-07-08,2025-08-07,11979.40,GBP
103612,147,2025-07-01,2025-07-31,8576.12,EUR
103613,147,2025-08-05,2025-09-04,5453.40,GBP
103614,147,2025-09-03,2025-10-03,3183.27,EUR
103615,147,2025-09-11,2025-10-11,10014.78,GBP
103616,147,2025-10-30,2025-11-29,5614.33,GBP
103617,147,2025-10-30,2025-11-29,4382.43,GBP
103618,147,2025-10-26,2025-11-25,4930.77,GBP
103619,147,2025-10-02,2025-11-01,10336.33,GBP
103620,147,2025-11-15,2025-12-15,8917.46,GBP
103621,147,2025-11-03,2025-12-03,5345.39,GBP
103622,147,2026-01-22,2026-02-21,9448.11,GBP
103623,147,2026-01-18,2026-02-17,14459.85,EUR
103624,147,2026-03-09,2026-04-08,5989.61,GBP
103625,147,2026-03-31,2026-04-30,6318.35,EUR
103626,147,2026-04-09,2026-05-09,9179.45,GBP
103627,147,2026-04-14,2026-05-14,10275.90,GBP
103628,147,2026-04-14,2026-05-14,17294.11,GBP
103629,147,2026-05-08,2026-06-07,2404.68,GBP
103630,147,2026-06-18,2026-07-18,3192.71,GBP
103631,147,2026-07-28,2026-08-27,9696.81,GBP
103632,147,2026-07-13,2026-08-12,3959.85,GBP
103633,147,2026-07-07,2026-08-06,13506.62,GBP
103634,147,2026-07-29,2026-08-28,5544.57,EUR
103635,147,2026-08-14,2026-09-13,4446.81,GBP
103636,147,2026-08-02,2026-09-01,14104.76,GBP
103637,147,2026-08-28,2026-09-27,4876.45,EUR
103638,147,2026-09-30,2026-10-30,5601.62,EUR
103639,148,2024-10-07,2024-11-06,3237.13,GBP
103640,148,2024-10-19,2024-11-18,3213.43,EUR
103641,148,2024-11-18,2024-12-18,13621.38,EUR
103642,148,2024-12-25,2025-01-24,15107.82,GBP
103643,148,2025-01-24,2025-02-23,8164.38,GBP
103644,148,2025-01-19,2025-02-18,4758.65,GBP
103645,148,2025-01-21,2025-02-20,8089.32,EUR
103646,148,2025-02-09,2025-03-11,3478.48,GBP
103647,148,2025-02-17,2025-03-19,7942.44,EUR
103648,148,2025-04-30,2025-05-30,6748.50,GBP
103649,148,2025-04-27,2025-05-27,6998.96,GBP
103650,148,2025-05-31,2025-06-30,5955.90,EUR
103651,148,2025-07-22,2025-08-21,4974.48,GBP
103652,148,2025-08-21,2025-09-20,7863.32,GBP
103653,148,2025-08-12,2025-09-11,11023.29,GBP
103654,148,2025-08-26,2025-09-25,8049.48,GBP
103655,148,2025-08-23,2025-09-22,24780.48,GBP
103656,148,2025-09-29,2025-10-29,5704.37,EUR
103657,148,2025-10-16,2025-11-15,3244.69,GBP
103658,148,2026-01-06,2026-02-05,4766.28,GBP
103659,148,2026-01-07,2026-02-06,10793.27,EUR
103660,148,2026-01-12,2026-02-11,6998.43,GBP
103661,148,2026-02-10,2026-03-12,2528.05,GBP
103662,148,2026-02-23,2026-03-25,7701.36,GBP
103663,148,2026-03-09,2026-04-08,4451.94,EUR
103664,148,2026-04-19,2026-05-19,4114.54,GBP
103665,148,2026-04-17,2026-05-17,2899.25,EUR
103666,148,2026-05-16,2026-06-15,5071.60,GBP
103667,148,2026-06-22,2026-07-22,7447.30,GBP
103668,148,2026-07-13,2026-08-12,3308.00,GBP
103669,149,2024-10-02,2024-11-01,824.57,GBP
103670,149,2024-12-06,2025-01-05,919.64,GBP
103671,149,2025-02-19,2025-03-21,2593.51,GBP
103672,149,2025-03-20,2025-04-19,2824.87,GBP
103673,149,2025-06-28,2025-07-28,754.46,EUR
103674,149,2025-08-15,2025-09-14,590.98,GBP
103675,149,2025-10-22,2025-11-21,981.12,EUR
103676,149,2026-03-09,2026-04-08,497.65,EUR
103677,149,2026-05-09,2026-06-08,789.36,EUR
103678,150,2024-10-24,2024-12-08,8240.58,EUR
103679,150,2024-10-22,2024-12-06,9017.94,EUR
103680,150,2024-12-11,2025-01-25,6675.71,GBP
103681,150,2025-01-29,2025-03-15,16659.12,GBP
103682,150,2025-01-23,2025-03-09,2822.31,EUR
103683,150,2025-02-05,2025-03-22,4614.03,GBP
103684,150,2025-02-26,2025-04-12,10065.26,GBP
103685,150,2025-02-16,2025-04-02,8898.71,GBP
103686,150,2025-03-27,2025-05-11,4199.69,GBP
103687,150,2025-06-08,2025-07-23,7558.09,EUR
103688,150,2025-06-10,2025-07-25,10205.17,GBP
103689,150,2025-07-29,2025-09-12,8651.63,EUR
103690,150,2025-07-30,2025-09-13,7827.02,GBP
103691,150,2025-08-23,2025-10-07,12246.79,GBP
103692,150,2025-09-18,2025-11-02,10285.09,GBP
103693,150,2025-12-06,2026-01-20,4375.84,GBP
103694,150,2026-02-09,2026-03-26,11666.76,GBP
103695,150,2026-03-11,2026-04-25,6797.95,GBP
103696,150,2026-03-10,2026-04-24,8094.49,GBP
103697,150,2026-03-29,2026-05-13,5483.09,GBP
103698,150,2026-03-31,2026-05-15,4649.97,GBP
103699,150,2026-04-16,2026-05-31,11809.14,GBP
103700,150,2026-05-13,2026-06-27,16229.44,GBP
103701,150,2026-08-30,2026-10-14,4106.69,GBP
103702,150,2026-08-25,2026-10-09,5004.90,GBP
103703,150,2026-08-03,2026-09-17,5259.25,EUR
103704,150,2026-08-31,2026-10-15,6850.49,EUR
103705,151,2024-11-22,2025-01-06,4506.09,GBP
103706,151,2024-11-12,2024-12-27,4985.16,GBP
103707,151,2024-11-19,2025-01-03,5630.14,GBP
103708,151,2025-01-27,2025-03-13,11913.43,GBP
103709,151,2025-04-29,2025-06-13,3116.08,GBP
103710,151,2025-04-06,2025-05-21,13942.81,GBP
103711,151,2026-01-03,2026-02-17,6730.20,GBP
103712,151,2026-02-24,2026-04-10,3250.88,GBP
103713,151,2026-02-13,2026-03-30,5472.83,GBP
103714,151,2026-02-18,2026-04-04,4454.24,GBP
103715,151,2026-04-28,2026-06-12,7889.04,GBP
103716,151,2026-04-29,2026-06-13,13041.45,GBP
103717,151,2026-05-07,2026-06-21,3905.45,GBP
103718,151,2026-06-28,2026-08-12,4377.55,GBP
103719,151,2026-06-18,2026-08-02,3098.72,GBP
103720,151,2026-07-29,2026-09-12,8142.19,GBP
103721,151,2026-09-05,2026-10-20,4806.89,GBP
103722,151,2026-09-09,2026-10-24,2568.75,GBP
103723,151,2026-09-05,2026-10-20,14047.54,GBP
103724,152,2024-10-25,2024-11-24,18206.78,GBP
103725,152,2024-10-18,2024-11-17,33817.75,GBP
103726,152,2024-10-18,2024-11-17,64342.46,GBP
103727,152,2024-10-23,2024-11-22,22512.14,GBP
103728,152,2024-11-18,2024-12-18,12378.90,GBP
103729,152,2024-11-28,2024-12-28,16277.38,GBP
103730,152,2024-11-16,2024-12-16,28149.43,GBP
103731,152,2024-12-25,2025-01-24,26777.34,GBP
103732,152,2024-12-08,2025-01-07,30877.38,GBP
103733,152,2024-12-07,2025-01-06,20120.78,GBP
103734,152,2024-12-26,2025-01-25,38498.00,GBP
103735,152,2024-12-06,2025-01-05,29204.53,GBP
103736,152,2025-01-31,2025-03-02,16172.56,GBP
103737,152,2025-01-21,2025-02-20,39600.72,GBP
103738,152,2025-02-06,2025-03-08,42328.79,GBP
103739,152,2025-02-03,2025-03-05,29259.52,GBP
103740,152,2025-02-16,2025-03-18,16126.19,GBP
103741,152,2025-02-04,2025-03-06,30426.74,GBP
103742,152,2025-03-01,2025-03-31,26478.83,GBP
103743,152,2025-03-02,2025-04-01,37206.48,GBP
103744,152,2025-04-25,2025-05-25,34524.46,GBP
103745,152,2025-04-16,2025-05-16,59061.53,GBP
103746,152,2025-05-05,2025-06-04,29558.57,GBP
103747,152,2025-05-28,2025-06-27,22393.50,GBP
103748,152,2025-05-30,2025-06-29,44344.23,GBP
103749,152,2025-06-30,2025-07-30,61558.64,GBP
103750,152,2025-06-25,2025-07-25,10684.64,GBP
103751,152,2025-07-14,2025-08-13,23009.03,GBP
103752,152,2025-08-21,2025-09-20,17463.47,GBP
103753,152,2025-09-25,2025-10-25,68004.50,GBP
103754,152,2025-09-15,2025-10-15,18222.89,GBP
103755,152,2025-09-25,2025-10-25,25740.53,GBP
103756,152,2025-09-14,2025-10-14,19813.29,GBP
103757,152,2025-10-31,2025-11-30,20414.22,GBP
103758,152,2025-10-21,2025-11-20,37402.44,GBP
103759,152,2025-10-25,2025-11-24,22402.59,GBP
103760,152,2025-11-05,2025-12-05,49981.72,GBP
103761,152,2025-11-03,2025-12-03,27992.02,GBP
103762,152,2025-11-13,2025-12-13,27204.59,GBP
103763,152,2025-12-16,2026-01-15,26357.36,GBP
103764,152,2025-12-31,2026-01-30,19777.96,GBP
103765,152,2025-12-03,2026-01-02,32550.67,GBP
103766,152,2025-12-11,2026-01-10,23120.65,GBP
103767,152,2025-12-08,2026-01-07,88001.12,GBP
103768,152,2025-12-07,2026-01-06,27537.53,GBP
103769,152,2025-12-02,2026-01-01,20713.35,GBP
103770,152,2025-12-16,2026-01-15,25901.22,GBP
103771,152,2026-01-03,2026-02-02,64524.71,GBP
103772,152,2026-02-08,2026-03-10,24774.11,GBP
103773,152,2026-02-04,2026-03-06,9174.83,GBP
103774,152,2026-02-15,2026-03-17,25636.06,GBP
103775,152,2026-02-18,2026-03-20,41920.75,GBP
103776,152,2026-04-21,2026-05-21,20286.21,GBP
103777,152,2026-05-29,2026-06-28,23236.81,GBP
103778,152,2026-05-16,2026-06-15,27277.76,GBP
103779,152,2026-05-21,2026-06-20,33165.36,GBP
103780,152,2026-06-22,2026-07-22,17369.18,GBP
103781,152,2026-06-11,2026-07-11,17139.04,GBP
103782,152,2026-06-27,2026-07-27,21783.69,GBP
103783,152,2026-06-19,2026-07-19,25459.56,GBP
103784,152,2026-07-02,2026-08-01,41682.04,GBP
103785,152,2026-07-09,2026-08-08,26797.39,GBP
103786,152,2026-08-20,2026-09-19,34579.75,GBP
103787,152,2026-08-11,2026-09-10,17309.54,GBP
103788,152,2026-08-02,2026-09-01,14728.24,GBP
103789,152,2026-09-18,2026-10-18,47755.92,GBP
103790,152,2026-09-11,2026-10-11,10392.26,GBP
103791,152,2026-09-04,2026-10-04,53866.86,GBP
103792,153,2024-10-21,2024-11-20,542.71,GBP
103793,153,2024-10-08,2024-11-07,1149.39,EUR
103794,153,2024-12-09,2025-01-08,1431.24,EUR
103795,153,2025-05-07,2025-06-06,1241.21,EUR
103796,153,2025-06-05,2025-07-05,859.11,EUR
103797,153,2025-10-21,2025-11-20,2281.67,GBP
103798,153,2025-10-15,2025-11-14,1494.71,GBP
103799,153,2026-01-14,2026-02-13,857.23,GBP
103800,153,2026-02-24,2026-03-26,815.55,EUR
103801,153,2026-05-12,2026-06-11,639.63,EUR
103802,154,2024-10-26,2024-12-10,584.58,GBP
103803,154,2025-01-24,2025-03-10,1305.36,GBP
103804,154,2025-04-27,2025-06-11,1566.85,GBP
103805,154,2025-06-23,2025-08-07,2661.46,GBP
103806,154,2025-09-30,2025-11-14,535.47,GBP
103807,154,2025-11-01,2025-12-16,1960.73,GBP
103808,154,2025-11-23,2026-01-07,901.30,GBP
103809,154,2025-12-27,2026-02-10,892.91,GBP
103810,154,2026-01-07,2026-02-21,2611.83,GBP
103811,155,2024-10-12,2025-01-10,8336.34,GBP
103812,155,2024-10-27,2025-01-25,20078.99,EUR
103813,155,2024-10-29,2025-01-27,7617.69,GBP
103814,155,2024-11-24,2025-02-22,7919.04,GBP
103815,155,2025-01-09,2025-04-09,12122.38,EUR
103816,155,2025-02-18,2025-05-19,5650.79,EUR
103817,155,2025-02-27,2025-05-28,3298.43,EUR
103818,155,2025-07-02,2025-09-30,10956.24,EUR
103819,155,2025-10-11,2026-01-09,2027.01,EUR
103820,155,2025-10-04,2026-01-02,3501.89,EUR
103821,155,2025-11-29,2026-02-27,10155.04,EUR
103822,155,2025-11-15,2026-02-13,14755.02,EUR
103823,155,2025-12-22,2026-03-22,8007.79,GBP
103824,155,2025-12-07,2026-03-07,7290.82,EUR
103825,155,2025-12-01,2026-03-01,8401.32,EUR
103826,155,2026-01-12,2026-04-12,7283.01,EUR
103827,155,2026-01-18,2026-04-18,7256.40,EUR
103828,155,2026-02-02,2026-05-03,8393.59,GBP
103829,155,2026-05-11,2026-08-09,13406.30,GBP
103830,155,2026-06-24,2026-09-22,4257.25,EUR
103831,155,2026-06-05,2026-09-03,6742.57,EUR
103832,155,2026-07-25,2026-10-23,7958.06,EUR
103833,155,2026-09-12,2026-12-11,11951.05,GBP
103834,156,2025-03-27,2025-05-26,957.51,GBP
103835,156,2025-04-01,2025-05-31,3087.44,GBP
103836,156,2025-07-11,2025-09-09,1155.09,GBP
103837,156,2025-09-07,2025-11-06,868.38,GBP
103838,156,2025-10-15,2025-12-14,2915.55,GBP
103839,156,2026-09-08,2026-11-07,2333.95,GBP
103840,156,2026-09-13,2026-11-12,616.06,GBP
103841,157,2024-10-12,2024-11-26,3599.25,GBP
103842,157,2024-10-12,2024-11-26,20224.58,EUR
103843,157,2024-11-09,2024-12-24,19710.66,GBP
103844,157,2024-12-26,2025-02-09,8898.04,EUR
103845,157,2025-01-24,2025-03-10,12151.54,EUR
103846,157,2025-02-28,2025-04-14,2772.27,EUR
103847,157,2025-03-08,2025-04-22,6892.57,GBP
103848,157,2025-04-29,2025-06-13,5395.66,EUR
103849,157,2025-05-06,2025-06-20,3900.61,GBP
103850,157,2025-05-09,2025-06-23,4601.84,EUR
103851,157,2025-07-22,2025-09-05,9396.91,EUR
103852,157,2025-09-05,2025-10-20,4129.88,EUR
103853,157,2025-09-02,2025-10-17,6379.91,GBP
103854,157,2025-11-29,2026-01-13,3853.47,EUR
103855,157,2025-11-15,2025-12-30,10796.45,GBP
103856,157,2025-12-20,2026-02-03,7422.54,GBP
103857,157,2026-02-05,2026-03-22,17905.78,GBP
103858,157,2026-03-20,2026-05-04,7549.48,EUR
103859,157,2026-04-15,2026-05-30,10445.45,GBP
103860,157,2026-04-27,2026-06-11,8432.64,EUR
103861,157,2026-05-20,2026-07-04,5647.37,EUR
103862,157,2026-06-29,2026-08-13,11117.15,GBP
103863,157,2026-06-28,2026-08-12,3245.79,EUR
103864,157,2026-06-18,2026-08-02,7399.17,EUR
103865,157,2026-06-17,2026-08-01,5677.53,GBP
103866,157,2026-07-07,2026-08-21,3584.22,EUR
103867,157,2026-08-24,2026-10-08,6327.87,GBP
103868,158,2024-10-28,2024-11-27,1382.85,GBP
103869,158,2024-10-30,2024-11-29,1476.75,GBP
103870,158,2024-11-13,2024-12-13,2163.99,GBP
103871,158,2024-11-03,2024-12-03,972.46,GBP
103872,158,2024-11-27,2024-12-27,1861.84,GBP
103873,158,2025-03-01,2025-03-31,1493.02,GBP
103874,158,2025-09-05,2025-10-05,1700.37,GBP
103875,158,2025-11-18,2025-12-18,2310.94,GBP
103876,158,2026-05-18,2026-06-17,1786.48,GBP
103877,159,2024-10-12,2024-11-11,1039.70,GBP
103878,159,2024-10-29,2024-11-28,1198.81,GBP
103879,159,2024-10-16,2024-11-15,885.89,GBP
103880,159,2024-11-05,2024-12-05,917.43,GBP
103881,159,2025-02-05,2025-03-07,730.41,GBP
103882,159,2025-04-23,2025-05-23,2319.14,GBP
103883,159,2025-05-30,2025-06-29,1536.37,GBP
103884,159,2025-07-16,2025-08-15,947.29,GBP
103885,159,2025-09-09,2025-10-09,1171.64,GBP
103886,159,2026-01-06,2026-02-05,1935.85,GBP
103887,159,2026-03-01,2026-03-31,1054.18,GBP
103888,159,2026-05-08,2026-06-07,1301.32,GBP
103889,159,2026-08-10,2026-09-09,596.03,GBP
103890,160,2024-10-13,2024-11-12,9901.05,GBP
103891,160,2024-10-15,2024-11-14,3260.68,GBP
103892,160,2024-10-22,2024-11-21,5756.14,GBP
103893,160,2025-01-28,2025-02-27,24254.45,GBP
103894,160,2025-03-02,2025-04-01,4113.51,GBP
103895,160,2025-04-08,2025-05-08,6135.77,GBP
103896,160,2025-05-25,2025-06-24,4014.82,GBP
103897,160,2025-07-05,2025-08-04,6860.01,GBP
103898,160,2025-07-05,2025-08-04,7281.87,GBP
103899,160,2025-07-18,2025-08-17,6193.48,GBP
103900,160,2025-07-27,2025-08-26,13144.03,GBP
103901,160,2025-08-29,2025-09-28,3463.41,GBP
103902,160,2025-09-14,2025-10-14,8677.98,GBP
103903,160,2025-10-27,2025-11-26,6564.95,GBP
103904,160,2025-10-05,2025-11-04,3639.78,GBP
103905,160,2025-10-04,2025-11-03,4988.06,GBP
103906,160,2025-11-05,2025-12-05,6275.32,GBP
103907,160,2025-11-15,2025-12-15,5268.14,GBP
103908,160,2025-11-05,2025-12-05,12568.67,GBP
103909,160,2025-11-09,2025-12-09,5606.57,GBP
103910,160,2025-11-11,2025-12-11,9702.06,GBP
103911,160,2025-12-25,2026-01-24,3403.60,GBP
103912,160,2025-12-27,2026-01-26,3279.74,GBP
103913,160,2026-01-11,2026-02-10,3996.71,GBP
103914,160,2026-02-28,2026-03-30,4031.22,GBP
103915,160,2026-02-04,2026-03-06,16604.67,GBP
103916,160,2026-03-06,2026-04-05,7901.60,GBP
103917,160,2026-03-23,2026-04-22,8430.98,GBP
103918,160,2026-03-15,2026-04-14,8519.48,GBP
103919,160,2026-03-15,2026-04-14,9888.19,GBP
103920,160,2026-04-28,2026-05-28,27479.60,GBP
103921,160,2026-05-21,2026-06-20,5799.42,GBP
103922,160,2026-06-12,2026-07-12,17867.77,GBP
103923,160,2026-06-20,2026-07-20,8641.77,GBP
103924,160,2026-06-05,2026-07-05,4651.94,GBP
103925,160,2026-06-26,2026-07-26,9379.59,GBP
103926,160,2026-09-25,2026-10-25,8955.37,GBP
103927,160,2026-09-18,2026-10-18,10761.70,GBP
103928,161,2025-04-18,2025-06-17,1765.54,EUR
103929,161,2025-04-03,2025-06-02,1412.43,EUR
103930,161,2025-07-04,2025-09-02,1057.58,GBP
103931,161,2025-10-03,2025-12-02,1468.34,EUR
103932,161,2026-05-26,2026-07-25,1107.87,EUR
103933,161,2026-08-15,2026-10-14,753.65,EUR
103934,162,2024-10-02,2024-12-01,1403.10,EUR
103935,162,2024-10-14,2024-12-13,885.34,GBP
103936,162,2025-01-15,2025-03-16,870.64,GBP
103937,162,2025-05-20,2025-07-19,2573.53,EUR
103938,162,2025-06-15,2025-08-14,2277.59,EUR
103939,162,2025-08-08,2025-10-07,981.49,GBP
103940,162,2025-12-28,2026-02-26,1633.29,GBP
103941,162,2026-04-02,2026-06-01,815.94,GBP
103942,162,2026-06-07,2026-08-06,3466.28,GBP
103943,162,2026-06-26,2026-08-25,1615.57,GBP
103944,162,2026-07-16,2026-09-14,1838.72,EUR
103945,163,2024-10-08,2025-01-06,3422.43,EUR
103946,163,2024-10-21,2025-01-19,3160.38,EUR
103947,163,2024-10-23,2025-01-21,6367.40,EUR
103948,163,2024-11-27,2025-02-25,3895.19,EUR
103949,163,2024-11-27,2025-02-25,8327.77,EUR
103950,163,2025-01-09,2025-04-09,7894.78,EUR
103951,163,2025-01-21,2025-04-21,8300.42,EUR
103952,163,2025-02-28,2025-05-29,6834.34,GBP
103953,163,2025-03-27,2025-06-25,13671.55,GBP
103954,163,2025-04-29,2025-07-28,10678.14,GBP
103955,163,2025-04-27,2025-07-26,10803.81,EUR
103956,163,2025-06-27,2025-09-25,12061.04,GBP
103957,163,2025-06-25,2025-09-23,13530.02,EUR
103958,163,2025-06-27,2025-09-25,3411.46,EUR
103959,163,2025-07-01,2025-09-29,10525.11,EUR
103960,163,2025-08-29,2025-11-27,11109.65,EUR
103961,163,2025-08-28,2025-11-26,12002.75,GBP
103962,163,2025-09-22,2025-12-21,3441.54,EUR
103963,163,2025-10-26,2026-01-24,4080.46,EUR
103964,163,2025-11-12,2026-02-10,2456.25,GBP
103965,163,2025-11-02,2026-01-31,12791.83,EUR
103966,163,2025-12-26,2026-03-26,7756.66,GBP
103967,163,2026-02-25,2026-05-26,5055.21,EUR
103968,163,2026-02-09,2026-05-10,4185.31,GBP
103969,163,2026-03-07,2026-06-05,7425.79,GBP
103970,163,2026-03-21,2026-06-19,3303.74,EUR
103971,163,2026-03-13,2026-06-11,8005.51,EUR
103972,163,2026-04-03,2026-07-02,6708.53,GBP
103973,163,2026-04-02,2026-07-01,11583.31,EUR
103974,163,2026-05-26,2026-08-24,10895.49,GBP
103975,163,2026-06-13,2026-09-11,9410.67,EUR
103976,163,2026-07-13,2026-10-11,6307.90,EUR
103977,163,2026-08-19,2026-11-17,3235.15,EUR
103978,163,2026-09-03,2026-12-02,3597.72,EUR
103979,164,2024-11-22,2025-02-20,5535.23,GBP
103980,164,2024-11-03,2025-02-01,13304.08,EUR
103981,164,2024-12-07,2025-03-07,4316.44,EUR
103982,164,2024-12-22,2025-03-22,12685.67,GBP
103983,164,2025-01-08,2025-04-08,3071.05,EUR
103984,164,2025-01-04,2025-04-04,9084.86,GBP
103985,164,2025-03-05,2025-06-03,13033.23,EUR
103986,164,2025-03-15,2025-06-13,4815.33,GBP
103987,164,2025-04-05,2025-07-04,4295.75,EUR
103988,164,2025-06-02,2025-08-31,3777.11,EUR
103989,164,2025-08-22,2025-11-20,7898.04,GBP
103990,164,2025-09-06,2025-12-05,7521.25,GBP
103991,164,2025-09-04,2025-12-03,7358.90,EUR
103992,164,2025-10-09,2026-01-07,10416.77,EUR
103993,164,2025-10-21,2026-01-19,14803.97,GBP
103994,164,2025-10-29,2026-01-27,10594.66,EUR
103995,164,2025-11-30,2026-02-28,18321.47,GBP
103996,164,2025-11-12,2026-02-10,3237.49,EUR
103997,164,2025-11-22,2026-02-20,5285.13,EUR
103998,164,2025-12-04,2026-03-04,6647.55,GBP
103999,164,2025-12-14,2026-03-14,13238.07,EUR
104000,164,2026-02-10,2026-05-11,13045.33,GBP
104001,164,2026-02-25,2026-05-26,7447.85,GBP
104002,164,2026-02-07,2026-05-08,6044.44,EUR
104003,164,2026-02-14,2026-05-15,6991.35,GBP
104004,164,2026-03-15,2026-06-13,7947.04,GBP
104005,164,2026-04-08,2026-07-07,6664.05,EUR
104006,164,2026-04-19,2026-07-18,4521.20,GBP
104007,164,2026-04-29,2026-07-28,8164.06,GBP
104008,164,2026-05-04,2026-08-02,4380.56,GBP
104009,164,2026-06-29,2026-09-27,11240.17,EUR
104010,164,2026-07-24,2026-10-22,4295.13,EUR
104011,164,2026-07-08,2026-10-06,4712.09,EUR
104012,164,2026-07-16,2026-10-14,5630.56,GBP
104013,164,2026-08-24,2026-11-22,8403.81,GBP
104014,164,2026-08-31,2026-11-29,9081.09,GBP
104015,164,2026-09-15,2026-12-14,4085.70,GBP
104016,164,2026-09-26,2026-12-25,12294.98,EUR
104017,165,2024-10-01,2024-12-30,3433.45,GBP
104018,165,2024-11-09,2025-02-07,3163.19,GBP
104019,165,2024-12-20,2025-03-20,6135.52,GBP
104020,165,2024-12-08,2025-03-08,8028.65,GBP
104021,165,2024-12-02,2025-03-02,5745.94,GBP
104022,165,2025-02-04,2025-05-05,10734.82,GBP
104023,165,2025-02-21,2025-05-22,6928.03,GBP
104024,165,2025-03-01,2025-05-30,14562.33,GBP
104025,165,2025-03-23,2025-06-21,5583.70,GBP
104026,165,2025-06-10,2025-09-08,3073.38,GBP
104027,165,2025-07-15,2025-10-13,6430.25,GBP
104028,165,2025-10-05,2026-01-03,1971.12,GBP
104029,165,2025-10-12,2026-01-10,11314.85,GBP
104030,165,2025-10-09,2026-01-07,11785.75,GBP
104031,165,2025-11-23,2026-02-21,4302.17,GBP
104032,165,2026-01-30,2026-04-30,2468.70,GBP
104033,165,2026-01-31,2026-05-01,6492.26,GBP
104034,165,2026-01-26,2026-04-26,5437.98,GBP
104035,165,2026-03-19,2026-06-17,7084.37,GBP
104036,165,2026-03-12,2026-06-10,8484.46,GBP
104037,165,2026-04-05,2026-07-04,22731.81,GBP
104038,165,2026-05-20,2026-08-18,1639.13,GBP
104039,165,2026-05-31,2026-08-29,21373.61,GBP
104040,165,2026-06-17,2026-09-15,5462.69,GBP
104041,165,2026-07-08,2026-10-06,6466.21,GBP
104042,165,2026-07-17,2026-10-15,4986.22,GBP
104043,165,2026-08-10,2026-11-08,7581.50,GBP
104044,165,2026-08-25,2026-11-23,7166.85,GBP
104045,166,2024-10-02,2024-12-31,2213.46,GBP
104046,166,2024-10-08,2025-01-06,748.60,GBP
104047,166,2025-03-07,2025-06-05,2444.90,GBP
104048,166,2025-04-24,2025-07-23,2526.81,GBP
104049,166,2025-11-10,2026-02-08,427.43,GBP
104050,166,2026-01-16,2026-04-16,912.57,GBP
104051,166,2026-02-07,2026-05-08,2189.53,GBP
104052,166,2026-03-12,2026-06-10,3024.74,GBP
104053,166,2026-05-22,2026-08-20,991.01,GBP
104054,166,2026-06-06,2026-09-04,759.51,GBP
104055,166,2026-06-19,2026-09-17,786.36,GBP
104056,166,2026-07-11,2026-10-09,1391.87,GBP
104057,167,2025-02-06,2025-03-08,844.01,GBP
104058,167,2025-02-18,2025-03-20,892.07,GBP
104059,167,2025-03-02,2025-04-01,4387.84,GBP
104060,167,2025-11-19,2025-12-19,1071.83,GBP
104061,167,2025-12-14,2026-01-13,882.42,GBP
104062,167,2026-02-18,2026-03-20,1376.75,GBP
104063,167,2026-04-17,2026-05-17,1481.92,GBP
104064,167,2026-04-17,2026-05-17,2465.70,GBP
104065,167,2026-08-27,2026-09-26,1723.06,GBP
104066,168,2024-10-02,2024-11-01,14488.18,GBP
104067,168,2024-10-28,2024-11-27,29506.78,GBP
104068,168,2024-10-03,2024-11-02,35606.44,GBP
104069,168,2024-11-01,2024-12-01,27219.42,GBP
104070,168,2024-11-17,2024-12-17,14118.91,GBP
104071,168,2024-11-09,2024-12-09,21694.10,GBP
104072,168,2024-12-11,2025-01-10,11047.64,GBP
104073,168,2024-12-23,2025-01-22,45997.59,GBP
104074,168,2024-12-06,2025-01-05,35210.97,GBP
104075,168,2025-01-14,2025-02-13,60080.92,GBP
104076,168,2025-01-28,2025-02-27,42613.46,GBP
104077,168,2025-01-15,2025-02-14,44190.84,GBP
104078,168,2025-01-05,2025-02-04,32726.90,GBP
104079,168,2025-01-08,2025-02-07,26730.34,GBP
104080,168,2025-01-16,2025-02-15,25590.76,GBP
104081,168,2025-01-21,2025-02-20,29816.32,GBP
104082,168,2025-01-06,2025-02-05,20174.40,GBP
104083,168,2025-02-22,2025-03-24,16823.92,GBP
104084,168,2025-02-21,2025-03-23,49162.88,GBP
104085,168,2025-03-07,2025-04-06,58900.35,GBP
104086,168,2025-03-02,2025-04-01,43969.40,GBP
104087,168,2025-03-19,2025-04-18,15076.94,GBP
104088,168,2025-03-05,2025-04-04,11250.36,GBP
104089,168,2025-04-11,2025-05-11,21530.05,GBP
104090,168,2025-04-20,2025-05-20,45419.30,GBP
104091,168,2025-04-14,2025-05-14,25256.27,GBP
104092,168,2025-05-13,2025-06-12,23738.02,GBP
104093,168,2025-05-07,2025-06-06,17222.66,GBP
104094,168,2025-05-28,2025-06-27,37216.19,GBP
104095,168,2025-05-15,2025-06-14,34056.82,GBP
104096,168,2025-05-09,2025-06-08,27137.33,GBP
104097,168,2025-05-11,2025-06-10,47523.52,GBP
104098,168,2025-05-01,2025-05-31,44345.38,GBP
104099,168,2025-06-27,2025-07-27,40925.13,GBP
104100,168,2025-06-29,2025-07-29,24569.40,GBP
104101,168,2025-06-02,2025-07-02,25544.46,GBP
104102,168,2025-06-25,2025-07-25,20573.70,GBP
104103,168,2025-06-05,2025-07-05,39418.01,GBP
104104,168,2025-06-07,2025-07-07,19836.81,GBP
104105,168,2025-07-02,2025-08-01,14851.98,GBP
104106,168,2025-07-18,2025-08-17,59856.00,GBP
104107,168,2025-07-22,2025-08-21,25794.15,GBP
104108,168,2025-07-22,2025-08-21,33241.66,GBP
104109,168,2025-07-20,2025-08-19,29776.67,GBP
104110,168,2025-07-10,2025-08-09,15623.70,GBP
104111,168,2025-08-13,2025-09-12,31733.06,GBP
104112,168,2025-08-03,2025-09-02,34115.30,GBP
104113,168,2025-08-11,2025-09-10,8980.37,GBP
104114,168,2025-08-29,2025-09-28,115954.14,GBP
104115,168,2025-09-17,2025-10-17,34413.71,GBP
104116,168,2025-09-27,2025-10-27,26615.15,GBP
104117,168,2025-09-16,2025-10-16,38825.13,GBP
104118,168,2025-09-28,2025-10-28,32677.84,GBP
104119,168,2025-10-11,2025-11-10,49983.27,GBP
104120,168,2025-10-25,2025-11-24,26184.50,GBP
104121,168,2025-10-31,2025-11-30,23143.19,GBP
104122,168,2025-10-08,2025-11-07,28741.88,GBP
104123,168,2025-10-02,2025-11-01,35960.51,GBP
104124,168,2025-11-16,2025-12-16,21156.67,GBP
104125,168,2025-11-29,2025-12-29,38215.09,GBP
104126,168,2025-11-09,2025-12-09,33584.03,GBP
104127,168,2025-12-03,2026-01-02,36734.28,GBP
104128,168,2025-12-09,2026-01-08,20658.20,GBP
104129,168,2025-12-06,2026-01-05,21310.31,GBP
104130,168,2026-01-03,2026-02-02,53164.19,GBP
104131,168,2026-01-14,2026-02-13,23078.75,GBP
104132,168,2026-01-13,2026-02-12,20696.48,GBP
104133,168,2026-01-07,2026-02-06,41629.64,GBP
104134,168,2026-02-04,2026-03-06,26230.50,GBP
104135,168,2026-03-04,2026-04-03,36964.16,GBP
104136,168,2026-03-24,2026-04-23,31863.16,GBP
104137,168,2026-03-20,2026-04-19,11150.79,GBP
104138,168,2026-03-14,2026-04-13,18956.79,GBP
104139,168,2026-04-23,2026-05-23,28207.96,GBP
104140,168,2026-04-26,2026-05-26,57783.32,GBP
104141,168,2026-04-20,2026-05-20,12174.83,GBP
104142,168,2026-04-13,2026-05-13,41016.39,GBP
104143,168,2026-05-19,2026-06-18,57421.55,GBP
104144,168,2026-05-21,2026-06-20,25739.19,GBP
104145,168,2026-05-15,2026-06-14,19189.88,GBP
104146,168,2026-06-26,2026-07-26,15594.63,GBP
104147,168,2026-06-02,2026-07-02,32477.56,GBP
104148,168,2026-06-05,2026-07-05,26934.34,GBP
104149,168,2026-06-03,2026-07-03,38923.20,GBP
104150,168,2026-08-20,2026-09-19,23855.28,GBP
104151,168,2026-08-16,2026-09-15,30729.88,GBP
104152,168,2026-08-25,2026-09-24,36657.07,GBP
104153,168,2026-09-30,2026-10-30,10802.45,GBP
104154,169,2024-10-17,2024-11-16,512.61,GBP
104155,169,2024-11-05,2024-12-05,1458.72,GBP
104156,169,2025-01-23,2025-02-22,591.42,GBP
104157,169,2025-04-19,2025-05-19,2482.52,GBP
104158,169,2025-05-10,2025-06-09,1067.86,GBP
104159,169,2025-06-19,2025-07-19,3378.19,GBP
104160,169,2025-09-19,2025-10-19,4418.19,GBP
104161,169,2026-04-20,2026-05-20,1217.41,GBP
104162,169,2026-07-27,2026-08-26,471.58,GBP
104163,169,2026-08-06,2026-09-05,963.71,GBP
104164,169,2026-08-24,2026-09-23,2532.35,GBP
104165,170,2024-10-20,2024-12-04,1151.70,GBP
104166,170,2024-11-24,2025-01-08,1241.87,GBP
104167,170,2024-12-05,2025-01-19,1232.46,GBP
104168,170,2025-01-23,2025-03-09,1518.28,GBP
104169,170,2025-07-06,2025-08-20,1803.10,GBP
104170,170,2025-07-30,2025-09-13,1128.42,GBP
104171,170,2025-08-24,2025-10-08,1059.42,GBP
104172,170,2025-11-23,2026-01-07,643.46,GBP
104173,170,2026-03-08,2026-04-22,1120.24,GBP
104174,170,2026-05-05,2026-06-19,2858.91,GBP
104175,170,2026-08-31,2026-10-15,1889.05,GBP
104176,170,2026-08-03,2026-09-17,2166.93,GBP
104177,171,2024-10-13,2024-11-12,1251.02,GBP
104178,171,2024-10-19,2024-11-18,1574.13,GBP
104179,171,2024-12-31,2025-01-30,1528.73,GBP
104180,171,2025-04-23,2025-05-23,1169.70,GBP
104181,171,2025-05-21,2025-06-20,2800.17,GBP
104182,171,2025-05-31,2025-06-30,545.22,GBP
104183,171,2025-05-15,2025-06-14,1008.57,GBP
104184,171,2025-06-17,2025-07-17,861.34,GBP
104185,171,2025-09-27,2025-10-27,2254.28,GBP
104186,171,2025-10-01,2025-10-31,1274.27,GBP
104187,171,2026-02-15,2026-03-17,651.37,GBP
104188,171,2026-03-05,2026-04-04,345.76,GBP
104189,171,2026-04-08,2026-05-08,2629.78,GBP
104190,171,2026-04-04,2026-05-04,1406.96,GBP
104191,171,2026-05-03,2026-06-02,861.49,GBP
104192,171,2026-07-02,2026-08-01,1039.33,GBP
104193,171,2026-09-29,2026-10-29,4032.08,GBP
104194,171,2026-09-21,2026-10-21,1440.10,GBP
104195,172,2025-03-30,2025-05-29,1933.40,GBP
104196,172,2025-07-29,2025-09-27,2185.96,GBP
104197,172,2025-08-12,2025-10-11,1069.75,GBP
104198,172,2026-02-08,2026-04-09,447.32,GBP
104199,172,2026-08-07,2026-10-06,1125.00,GBP
104200,172,2026-09-23,2026-11-22,3164.75,GBP
104201,173,2024-10-28,2024-12-27,3955.10,GBP
104202,173,2024-11-16,2025-01-15,2497.12,EUR
104203,173,2024-11-15,2025-01-14,3526.27,GBP
104204,173,2024-11-14,2025-01-13,8597.67,EUR
104205,173,2024-12-25,2025-02-23,12245.78,EUR
104206,173,2024-12-06,2025-02-04,7859.82,GBP
104207,173,2024-12-28,2025-02-26,6319.68,GBP
104208,173,2025-01-24,2025-03-25,6485.88,GBP
104209,173,2025-02-02,2025-04-03,5290.94,GBP
104210,173,2025-02-11,2025-04-12,6722.19,GBP
104211,173,2025-03-19,2025-05-18,13737.69,EUR
104212,173,2025-04-14,2025-06-13,13083.03,GBP
104213,173,2025-04-17,2025-06-16,6749.06,GBP
104214,173,2025-04-09,2025-06-08,3248.38,EUR
104215,173,2025-05-01,2025-06-30,6357.48,EUR
104216,173,2025-08-07,2025-10-06,6201.42,GBP
104217,173,2025-08-02,2025-10-01,12441.69,GBP
104218,173,2025-09-11,2025-11-10,4729.94,EUR
104219,173,2025-09-28,2025-11-27,7966.56,GBP
104220,173,2025-10-16,2025-12-15,4745.69,EUR
104221,173,2025-11-20,2026-01-19,9074.05,EUR
104222,173,2025-11-02,2026-01-01,4407.19,EUR
104223,173,2025-11-07,2026-01-06,10395.41,EUR
104224,173,2025-12-23,2026-02-21,6856.18,EUR
104225,173,2025-12-31,2026-03-01,4357.52,EUR
104226,173,2025-12-23,2026-02-21,5293.03,EUR
104227,173,2025-12-19,2026-02-17,8186.69,GBP
104228,173,2026-03-29,2026-05-28,7706.16,EUR
104229,173,2026-03-01,2026-04-30,6977.68,GBP
104230,173,2026-03-26,2026-05-25,13959.79,EUR
104231,173,2026-04-16,2026-06-15,6878.40,GBP
104232,173,2026-04-07,2026-06-06,5526.72,GBP
104233,173,2026-04-14,2026-06-13,11774.94,GBP
104234,173,2026-05-03,2026-07-02,5372.84,GBP
104235,173,2026-08-08,2026-10-07,5344.37,EUR
104236,173,2026-08-01,2026-09-30,5523.58,GBP
104237,173,2026-09-14,2026-11-13,15742.70,EUR
104238,173,2026-09-12,2026-11-11,4670.43,GBP
104239,173,2026-09-18,2026-11-17,2512.30,EUR
104240,174,2024-11-27,2025-01-11,4338.51,GBP
104241,174,2025-02-13,2025-03-30,5897.23,GBP
104242,174,2025-02-19,2025-04-05,3748.28,GBP
104243,174,2025-02-25,2025-04-11,10091.41,GBP
104244,174,2025-04-01,2025-05-16,4659.74,GBP
104245,174,2025-05-03,2025-06-17,7182.15,GBP
104246,174,2025-05-09,2025-06-23,9777.13,GBP
104247,174,2025-05-06,2025-06-20,3760.39,GBP
104248,174,2025-06-17,2025-08-01,2330.67,GBP
104249,174,2025-07-07,2025-08-21,8451.92,GBP
104250,174,2025-08-23,2025-10-07,4012.40,GBP
104251,174,2025-08-19,2025-10-03,6590.34,GBP
104252,174,2025-09-22,2025-11-06,5220.37,GBP
104253,174,2025-11-13,2025-12-28,13876.21,GBP
104254,174,2026-02-11,2026-03-28,6988.40,GBP
104255,174,2026-04-25,2026-06-09,14487.04,GBP
104256,174,2026-04-24,2026-06-08,2962.65,GBP
104257,174,2026-05-27,2026-07-11,1782.89,GBP
104258,174,2026-06-26,2026-08-10,12804.85,GBP
104259,174,2026-07-18,2026-09-01,8920.98,GBP
104260,174,2026-07-11,2026-08-25,13958.20,GBP
104261,174,2026-08-08,2026-09-22,6526.69,GBP
104262,174,2026-09-07,2026-10-22,5653.58,GBP
104263,174,2026-09-24,2026-11-08,7299.61,GBP
104264,174,2026-09-08,2026-10-23,8371.26,GBP
104265,175,2024-10-22,2024-11-21,10540.45,GBP
104266,175,2024-11-02,2024-12-02,6799.79,EUR
104267,175,2024-11-11,2024-12-11,5319.75,GBP
104268,175,2024-12-26,2025-01-25,7712.04,GBP
104269,175,2025-03-14,2025-04-13,12016.28,GBP
104270,175,2025-03-09,2025-04-08,9041.82,EUR
104271,175,2025-04-01,2025-05-01,3675.16,EUR
104272,175,2025-05-24,2025-06-23,8062.19,EUR
104273,175,2025-09-28,2025-10-28,6713.47,GBP
104274,175,2025-09-10,2025-10-10,2668.39,GBP
104275,175,2025-11-13,2025-12-13,5764.90,GBP
104276,175,2025-11-18,2025-12-18,14786.16,EUR
104277,175,2026-01-09,2026-02-08,10200.67,EUR
104278,175,2026-03-07,2026-04-06,4109.48,EUR
104279,175,2026-03-20,2026-04-19,8064.75,GBP
104280,175,2026-04-05,2026-05-05,4411.62,GBP
104281,175,2026-04-16,2026-05-16,3019.60,GBP
104282,175,2026-07-25,2026-08-24,8848.80,EUR
104283,175,2026-08-21,2026-09-20,2783.65,EUR
104284,176,2025-05-14,2025-06-13,985.07,GBP
104285,176,2025-10-05,2025-11-04,1492.56,GBP
104286,176,2026-04-04,2026-05-04,1137.92,GBP
104287,176,2026-04-27,2026-05-27,552.86,GBP
104288,176,2026-07-20,2026-08-19,482.36,GBP
104289,176,2026-08-22,2026-09-21,753.90,GBP
104290,177,2024-12-06,2025-01-05,639.15,GBP
104291,177,2025-05-21,2025-06-20,1298.27,GBP
104292,177,2025-06-26,2025-07-26,865.07,GBP
104293,177,2025-06-23,2025-07-23,1429.11,GBP
104294,177,2025-10-17,2025-11-16,1101.11,GBP
104295,177,2025-12-24,2026-01-23,1315.43,GBP
104296,177,2026-01-14,2026-02-13,1118.84,GBP
104297,177,2026-03-23,2026-04-22,213.65,GBP
104298,177,2026-08-23,2026-09-22,515.67,GBP
104299,178,2025-01-03,2025-03-04,1336.45,GBP
104300,178,2025-02-26,2025-04-27,1062.70,GBP
104301,178,2025-03-10,2025-05-09,1815.78,GBP
104302,178,2025-04-11,2025-06-10,729.27,GBP
104303,178,2025-06-23,2025-08-22,2775.34,GBP
104304,178,2025-09-13,2025-11-12,1140.28,GBP
104305,178,2025-10-02,2025-12-01,1026.42,GBP
104306,178,2026-02-28,2026-04-29,1799.13,GBP
104307,178,2026-08-17,2026-10-16,1829.56,GBP
104308,178,2026-08-27,2026-10-26,909.87,GBP
104309,179,2024-10-01,2024-11-15,436.86,EUR
104310,179,2024-11-08,2024-12-23,1711.90,EUR
104311,179,2025-01-07,2025-02-21,1747.74,GBP
104312,179,2025-03-22,2025-05-06,3660.04,EUR
104313,179,2025-06-22,2025-08-06,3211.08,GBP
104314,179,2025-11-22,2026-01-06,1281.95,EUR
104315,179,2026-06-08,2026-07-23,1008.71,GBP
104316,179,2026-07-07,2026-08-21,2051.32,GBP
104317,180,2025-09-08,2025-11-07,1136.19,GBP
104318,180,2025-12-06,2026-02-04,673.60,GBP
104319,180,2026-01-09,2026-03-10,977.38,GBP
104320,180,2026-02-20,2026-04-21,739.72,GBP
104321,180,2026-06-16,2026-08-15,1069.50,GBP
104322,181,2025-01-26,2025-02-25,1794.84,EUR
104323,181,2025-03-16,2025-04-15,1987.40,EUR
104324,181,2025-03-26,2025-04-25,951.71,GBP
104325,181,2025-04-04,2025-05-04,1397.75,GBP
104326,181,2025-05-19,2025-06-18,971.50,EUR
104327,181,2025-06-06,2025-07-06,1174.38,EUR
104328,181,2025-07-08,2025-08-07,486.04,EUR
104329,181,2025-11-01,2025-12-01,1411.17,EUR
104330,181,2026-02-15,2026-03-17,1388.51,EUR
104331,181,2026-03-03,2026-04-02,911.54,EUR
104332,181,2026-05-20,2026-06-19,1294.69,EUR
104333,181,2026-06-28,2026-07-28,528.78,EUR
104334,182,2024-10-03,2024-11-02,1890.93,GBP
104335,182,2024-11-08,2024-12-08,353.35,GBP
104336,182,2025-02-19,2025-03-21,1458.05,GBP
104337,182,2025-07-14,2025-08-13,1697.17,GBP
104338,182,2025-11-15,2025-12-15,1800.54,GBP
104339,182,2026-02-22,2026-03-24,3555.64,GBP
104340,182,2026-02-24,2026-03-26,572.42,GBP
104341,182,2026-03-14,2026-04-13,887.17,GBP
104342,182,2026-04-15,2026-05-15,1301.84,GBP
104343,182,2026-05-14,2026-06-13,546.05,GBP
104344,182,2026-05-07,2026-06-06,718.84,GBP
104345,182,2026-07-25,2026-08-24,745.19,GBP
104346,182,2026-09-14,2026-10-14,2680.58,GBP
104347,183,2025-01-29,2025-02-28,1025.20,GBP
104348,183,2025-01-04,2025-02-03,2018.26,GBP
104349,183,2025-12-01,2025-12-31,622.58,GBP
104350,184,2024-10-27,2024-12-26,8569.34,GBP
104351,184,2024-10-27,2024-12-26,8599.06,GBP
104352,184,2024-11-09,2025-01-08,3926.79,GBP
104353,184,2024-12-10,2025-02-08,6885.94,GBP
104354,184,2024-12-31,2025-03-01,2713.27,GBP
104355,184,2024-12-27,2025-02-25,3984.44,GBP
104356,184,2025-01-06,2025-03-07,4282.11,GBP
104357,184,2025-01-08,2025-03-09,8682.24,GBP
104358,184,2025-02-05,2025-04-06,7864.24,GBP
104359,184,2025-04-09,2025-06-08,11275.44,GBP
104360,184,2025-04-28,2025-06-27,7719.54,GBP
104361,184,2025-04-17,2025-06-16,2184.14,GBP
104362,184,2025-06-28,2025-08-27,6780.14,GBP
104363,184,2025-06-02,2025-08-01,8275.86,GBP
104364,184,2025-08-27,2025-10-26,5432.24,GBP
104365,184,2025-09-20,2025-11-19,3940.20,GBP
104366,184,2025-09-24,2025-11-23,8006.24,GBP
104367,184,2025-11-01,2025-12-31,3960.39,GBP
104368,184,2025-12-17,2026-02-15,8662.68,GBP
104369,184,2026-01-03,2026-03-04,9021.63,GBP
104370,184,2026-02-09,2026-04-10,5104.84,GBP
104371,184,2026-02-27,2026-04-28,5706.05,GBP
104372,184,2026-02-13,2026-04-14,10823.57,GBP
104373,184,2026-03-31,2026-05-30,2666.53,GBP
104374,184,2026-03-30,2026-05-29,10089.14,GBP
104375,184,2026-04-08,2026-06-07,13655.12,GBP
104376,184,2026-05-29,2026-07-28,5748.61,GBP
104377,184,2026-06-15,2026-08-14,8048.89,GBP
104378,184,2026-08-04,2026-10-03,3419.48,GBP
104379,184,2026-09-07,2026-11-06,4796.57,GBP
104380,185,2025-04-03,2025-06-02,1639.16,GBP
104381,185,2025-05-17,2025-07-16,1834.27,GBP
104382,185,2025-06-02,2025-08-01,1509.12,GBP
104383,185,2025-09-11,2025-11-10,1181.67,GBP
104384,185,2025-09-22,2025-11-21,966.52,GBP
104385,185,2025-10-13,2025-12-12,730.35,GBP
104386,185,2026-04-25,2026-06-24,1033.15,GBP
104387,185,2026-04-07,2026-06-06,2207.71,GBP
104388,185,2026-07-12,2026-09-10,1439.14,GBP
104389,186,2024-11-08,2024-12-08,675.96,GBP
104390,186,2024-12-24,2025-01-23,678.42,GBP
104391,186,2025-01-10,2025-02-09,439.09,GBP
104392,186,2025-02-20,2025-03-22,262.76,GBP
104393,186,2025-08-19,2025-09-18,1414.71,GBP
104394,186,2025-09-07,2025-10-07,1916.24,GBP
104395,186,2025-09-22,2025-10-22,1375.17,GBP
104396,186,2025-10-02,2025-11-01,1330.08,GBP
104397,186,2025-11-16,2025-12-16,758.25,GBP
104398,186,2025-12-05,2026-01-04,458.28,GBP
104399,186,2026-01-25,2026-02-24,2068.71,GBP
104400,186,2026-01-17,2026-02-16,666.06,GBP
104401,186,2026-08-05,2026-09-04,1398.83,GBP
104402,187,2024-12-22,2025-03-22,3917.89,GBP
104403,187,2024-12-28,2025-03-28,5013.36,GBP
104404,187,2025-01-05,2025-04-05,6153.06,GBP
104405,187,2025-01-22,2025-04-22,7449.61,GBP
104406,187,2025-03-15,2025-06-13,4992.97,EUR
104407,187,2025-03-17,2025-06-15,3584.83,GBP
104408,187,2025-04-28,2025-07-27,8419.92,GBP
104409,187,2025-05-24,2025-08-22,19462.20,GBP
104410,187,2025-08-16,2025-11-14,4459.63,GBP
104411,187,2025-09-26,2025-12-25,7525.54,EUR
104412,187,2025-09-06,2025-12-05,7939.99,EUR
104413,187,2025-10-14,2026-01-12,4857.03,GBP
104414,187,2025-10-04,2026-01-02,3493.38,GBP
104415,187,2025-10-14,2026-01-12,4223.93,GBP
104416,187,2025-10-09,2026-01-07,8502.45,GBP
104417,187,2025-11-25,2026-02-23,5431.01,GBP
104418,187,2025-11-19,2026-02-17,7028.35,GBP
104419,187,2026-02-01,2026-05-02,12938.17,EUR
104420,187,2026-03-26,2026-06-24,9435.66,EUR
104421,187,2026-04-22,2026-07-21,4577.06,EUR
104422,187,2026-04-29,2026-07-28,6981.28,GBP
104423,187,2026-05-29,2026-08-27,4451.59,GBP
104424,187,2026-05-12,2026-08-10,10351.94,GBP
104425,187,2026-06-12,2026-09-10,7803.77,GBP
104426,187,2026-07-19,2026-10-17,10243.25,GBP
104427,187,2026-08-03,2026-11-01,13590.50,GBP
104428,188,2024-10-16,2024-11-15,4092.86,GBP
104429,188,2024-11-21,2024-12-21,4394.59,GBP
104430,188,2024-12-04,2025-01-03,2123.26,GBP
104431,188,2025-01-16,2025-02-15,4195.33,GBP
104432,188,2025-03-04,2025-04-03,3641.74,GBP
104433,188,2025-04-24,2025-05-24,3701.12,GBP
104434,188,2025-07-04,2025-08-03,3837.16,EUR
104435,188,2025-08-22,2025-09-21,17413.90,EUR
104436,188,2025-10-25,2025-11-24,4841.81,GBP
104437,188,2025-10-12,2025-11-11,9887.85,EUR
104438,188,2025-10-28,2025-11-27,10713.86,GBP
104439,188,2025-11-22,2025-12-22,15852.35,EUR
104440,188,2025-11-20,2025-12-20,9450.04,EUR
104441,188,2026-01-10,2026-02-09,7975.78,GBP
104442,188,2026-02-22,2026-03-24,4411.37,EUR
104443,188,2026-02-17,2026-03-19,4874.53,EUR
104444,188,2026-04-16,2026-05-16,13178.49,GBP
104445,188,2026-06-20,2026-07-20,10913.20,GBP
104446,188,2026-07-19,2026-08-18,9145.02,EUR
104447,188,2026-07-24,2026-08-23,8859.66,EUR
104448,188,2026-08-20,2026-09-19,12692.93,EUR
104449,188,2026-09-30,2026-10-30,2721.58,GBP
104450,189,2024-10-19,2024-12-18,6377.67,GBP
104451,189,2024-10-24,2024-12-23,4789.22,GBP
104452,189,2024-12-13,2025-02-11,17550.87,GBP
104453,189,2025-01-04,2025-03-05,3530.10,GBP
104454,189,2025-02-28,2025-04-29,3100.03,GBP
104455,189,2025-02-23,2025-04-24,11745.76,GBP
104456,189,2025-02-01,2025-04-02,3528.54,GBP
104457,189,2025-02-08,2025-04-09,10352.12,GBP
104458,189,2025-04-10,2025-06-09,4826.75,GBP
104459,189,2025-05-30,2025-07-29,8406.22,GBP
104460,189,2025-05-30,2025-07-29,3986.73,GBP
104461,189,2025-05-18,2025-07-17,7842.43,GBP
104462,189,2025-06-08,2025-08-07,8411.24,GBP
104463,189,2025-06-07,2025-08-06,2202.87,GBP
104464,189,2025-06-18,2025-08-17,6790.13,GBP
104465,189,2025-07-01,2025-08-30,4893.54,GBP
104466,189,2025-09-04,2025-11-03,10439.24,GBP
104467,189,2025-11-20,2026-01-19,10892.60,GBP
104468,189,2025-12-29,2026-02-27,7687.77,GBP
104469,189,2026-03-27,2026-05-26,12168.76,GBP
104470,189,2026-03-01,2026-04-30,3274.94,GBP
104471,189,2026-03-10,2026-05-09,4784.99,GBP
104472,189,2026-08-23,2026-10-22,4880.90,GBP
104473,189,2026-09-01,2026-10-31,16520.32,GBP
104474,189,2026-09-08,2026-11-07,4932.47,GBP
104475,190,2025-02-07,2025-03-09,1023.47,GBP
104476,190,2025-06-02,2025-07-02,1508.54,EUR
104477,190,2025-07-05,2025-08-04,1976.67,EUR
104478,190,2025-07-07,2025-08-06,2380.11,GBP
104479,190,2025-08-16,2025-09-15,1693.04,GBP
104480,190,2026-05-20,2026-06-19,1616.25,GBP
104481,190,2026-07-26,2026-08-25,718.05,EUR
104482,190,2026-08-20,2026-09-19,1445.24,EUR
104483,190,2026-09-12,2026-10-12,1578.19,GBP
104484,191,2024-10-21,2024-11-20,10225.05,GBP
104485,191,2024-10-16,2024-11-15,10654.03,GBP
104486,191,2024-10-26,2024-11-25,16016.75,GBP
104487,191,2024-12-08,2025-01-07,6016.72,GBP
104488,191,2025-03-31,2025-04-30,2811.70,GBP
104489,191,2025-03-07,2025-04-06,28098.32,GBP
104490,191,2025-03-03,2025-04-02,10767.84,GBP
104491,191,2025-03-15,2025-04-14,6604.96,GBP
104492,191,2025-04-27,2025-05-27,4544.29,GBP
104493,191,2025-04-14,2025-05-14,23363.33,GBP
104494,191,2025-04-14,2025-05-14,5731.49,GBP
104495,191,2025-05-30,2025-06-29,8113.94,GBP
104496,191,2025-05-27,2025-06-26,3415.15,GBP
104497,191,2025-05-06,2025-06-05,5963.92,GBP
104498,191,2025-06-02,2025-07-02,8927.75,GBP
104499,191,2025-10-21,2025-11-20,3972.60,GBP
104500,191,2025-11-13,2025-12-13,11674.72,GBP
104501,191,2025-12-02,2026-01-01,5576.34,GBP
104502,191,2026-01-29,2026-02-28,11324.30,GBP
104503,191,2026-02-01,2026-03-03,10532.82,GBP
104504,191,2026-03-20,2026-04-19,12706.07,GBP
104505,191,2026-04-18,2026-05-18,3849.80,GBP
104506,191,2026-06-21,2026-07-21,2975.57,GBP
104507,191,2026-07-13,2026-08-12,8816.24,GBP
104508,191,2026-07-03,2026-08-02,6718.15,GBP
104509,191,2026-07-19,2026-08-18,12492.33,GBP
104510,191,2026-09-12,2026-10-12,7670.32,GBP
104511,191,2026-09-11,2026-10-11,5502.83,GBP
104512,192,2025-09-23,2025-11-22,817.48,GBP
104513,192,2025-09-26,2025-11-25,842.10,GBP
104514,192,2025-09-06,2025-11-05,1129.45,GBP
104515,192,2025-11-01,2025-12-31,381.39,GBP
104516,192,2025-11-03,2026-01-02,472.46,GBP
104517,192,2026-02-14,2026-04-15,715.25,GBP
104518,192,2026-05-30,2026-07-29,2187.89,GBP
104519,192,2026-07-09,2026-09-07,7747.33,GBP
104520,192,2026-09-16,2026-11-15,479.17,GBP
104521,193,2024-10-25,2024-11-24,1607.33,GBP
104522,193,2024-11-27,2024-12-27,1028.06,GBP
104523,193,2025-01-26,2025-02-25,721.08,GBP
104524,193,2025-04-10,2025-05-10,1239.89,GBP
104525,193,2025-05-21,2025-06-20,4418.40,GBP
104526,193,2025-06-18,2025-07-18,749.11,GBP
104527,193,2025-09-26,2025-10-26,1877.77,GBP
104528,193,2025-10-11,2025-11-10,1206.38,GBP
104529,193,2026-01-26,2026-02-25,1747.71,GBP
104530,193,2026-04-06,2026-05-06,807.09,GBP
104531,193,2026-05-04,2026-06-03,1125.03,GBP
104532,193,2026-06-21,2026-07-21,2993.35,GBP
104533,193,2026-07-05,2026-08-04,824.03,GBP
104534,193,2026-07-09,2026-08-08,738.68,GBP
104535,193,2026-09-18,2026-10-18,1581.94,GBP
104536,194,2024-10-18,2024-11-17,1004.09,GBP
104537,194,2025-01-07,2025-02-06,2259.35,GBP
104538,194,2025-05-18,2025-06-17,788.48,GBP
104539,194,2025-05-22,2025-06-21,1129.21,GBP
104540,194,2025-09-24,2025-10-24,769.61,GBP
104541,194,2025-10-08,2025-11-07,814.76,GBP
104542,194,2025-10-19,2025-11-18,254.93,GBP
104543,194,2025-10-07,2025-11-06,1222.75,GBP
104544,195,2024-12-23,2025-01-22,921.25,GBP
104545,195,2025-01-18,2025-02-17,1643.77,GBP
104546,195,2025-03-08,2025-04-07,1514.56,GBP
104547,195,2025-03-21,2025-04-20,1025.28,GBP
104548,195,2025-06-29,2025-07-29,1728.72,GBP
104549,195,2025-08-08,2025-09-07,2208.61,GBP
104550,195,2025-09-08,2025-10-08,506.16,GBP
104551,195,2025-11-15,2025-12-15,1899.99,EUR
104552,195,2025-11-24,2025-12-24,2013.53,GBP
104553,195,2025-12-19,2026-01-18,2486.19,GBP
104554,195,2026-08-22,2026-09-21,659.78,GBP
104555,196,2024-12-21,2025-01-20,611.16,GBP
104556,196,2025-04-21,2025-05-21,1516.60,GBP
104557,196,2025-06-21,2025-07-21,1655.23,GBP
104558,196,2025-08-23,2025-09-22,483.34,GBP
104559,196,2025-11-15,2025-12-15,1273.17,EUR
104560,196,2026-08-06,2026-09-05,1186.46,EUR
104561,197,2024-10-18,2024-12-17,2903.56,GBP
104562,197,2025-05-03,2025-07-02,530.56,GBP
104563,197,2025-06-14,2025-08-13,327.52,GBP
104564,197,2025-10-01,2025-11-30,2443.21,GBP
104565,197,2025-10-24,2025-12-23,711.48,GBP
104566,197,2025-10-25,2025-12-24,1150.05,GBP
104567,197,2026-04-01,2026-05-31,1479.38,GBP
104568,197,2026-05-07,2026-07-06,749.44,GBP
104569,197,2026-07-10,2026-09-08,1184.69,GBP
104570,197,2026-08-09,2026-10-08,549.41,GBP
104571,198,2024-10-01,2024-11-30,6596.67,GBP
104572,198,2024-10-09,2024-12-08,8272.07,GBP
104573,198,2024-11-08,2025-01-07,11226.68,EUR
104574,198,2024-11-08,2025-01-07,7546.47,EUR
104575,198,2024-11-26,2025-01-25,13255.58,EUR
104576,198,2024-12-18,2025-02-16,10600.37,EUR
104577,198,2025-04-15,2025-06-14,3660.08,GBP
104578,198,2025-04-05,2025-06-04,4532.88,GBP
104579,198,2025-05-24,2025-07-23,2850.98,GBP
104580,198,2025-05-09,2025-07-08,7590.74,EUR
104581,198,2025-06-12,2025-08-11,7825.56,GBP
104582,198,2025-06-20,2025-08-19,2944.93,GBP
104583,198,2025-07-13,2025-09-11,11252.19,EUR
104584,198,2025-08-19,2025-10-18,4051.60,GBP
104585,198,2025-09-17,2025-11-16,21840.40,EUR
104586,198,2025-10-21,2025-12-20,8694.66,EUR
104587,198,2025-10-25,2025-12-24,5628.83,GBP
104588,198,2025-11-06,2026-01-05,8812.48,EUR
104589,198,2025-11-30,2026-01-29,4014.42,EUR
104590,198,2025-11-09,2026-01-08,10056.89,GBP
104591,198,2025-12-25,2026-02-23,3939.10,EUR
104592,198,2025-12-10,2026-02-08,9560.71,EUR
104593,198,2025-12-12,2026-02-10,11921.75,GBP
104594,198,2026-01-16,2026-03-17,8096.65,EUR
104595,198,2026-01-10,2026-03-11,3389.45,EUR
104596,198,2026-01-23,2026-03-24,17665.95,GBP
104597,198,2026-01-16,2026-03-17,9627.32,GBP
104598,198,2026-02-24,2026-04-25,3968.29,EUR
104599,198,2026-02-19,2026-04-20,15126.07,EUR
104600,198,2026-02-25,2026-04-26,21181.14,EUR
104601,198,2026-04-13,2026-06-12,5750.23,GBP
104602,198,2026-04-18,2026-06-17,3238.11,EUR
104603,198,2026-05-17,2026-07-16,4269.39,GBP
104604,198,2026-05-20,2026-07-19,7693.84,EUR
104605,198,2026-06-27,2026-08-26,8244.29,GBP
104606,198,2026-08-10,2026-10-09,8264.12,EUR
104607,198,2026-09-19,2026-11-18,4561.34,GBP
104608,198,2026-09-02,2026-11-01,6158.37,EUR
104609,198,2026-09-11,2026-11-10,6918.19,EUR
104610,199,2024-10-07,2024-12-06,3590.99,GBP
104611,199,2025-02-01,2025-04-02,1057.99,EUR
104612,199,2025-04-25,2025-06-24,534.54,EUR
104613,199,2025-10-20,2025-12-19,1026.24,GBP
104614,199,2026-01-31,2026-04-01,1967.41,GBP
104615,199,2026-03-16,2026-05-15,846.96,GBP
104616,199,2026-03-11,2026-05-10,726.68,GBP
104617,199,2026-05-04,2026-07-03,517.12,EUR
104618,199,2026-05-16,2026-07-15,2063.43,GBP
104619,199,2026-08-02,2026-10-01,4117.55,EUR
104620,200,2024-10-06,2024-11-05,1160.43,GBP
104621,200,2024-11-04,2024-12-04,509.50,GBP
104622,200,2024-12-28,2025-01-27,811.15,GBP
104623,200,2025-02-28,2025-03-30,2095.12,GBP
104624,200,2025-05-23,2025-06-22,1308.16,GBP
104625,200,2025-07-15,2025-08-14,1514.81,GBP
104626,200,2025-10-18,2025-11-17,544.43,GBP
104627,200,2025-11-25,2025-12-25,1007.93,GBP
104628,200,2026-01-27,2026-02-26,420.33,GBP
104629,200,2026-01-25,2026-02-24,1363.17,GBP
104630,200,2026-04-18,2026-05-18,469.63,GBP
104631,200,2026-05-23,2026-06-22,1117.49,GBP
104632,200,2026-09-16,2026-10-16,1146.70,GBP
104633,201,2024-10-11,2024-11-25,4444.15,GBP
104634,201,2025-02-01,2025-03-18,1937.07,GBP
104635,201,2025-04-21,2025-06-05,483.44,GBP
104636,201,2025-09-22,2025-11-06,745.62,GBP
104637,201,2026-01-23,2026-03-09,1218.53,GBP
104638,201,2026-03-05,2026-04-19,603.67,GBP
104639,201,2026-04-19,2026-06-03,1482.35,GBP
104640,201,2026-06-27,2026-08-11,1227.66,GBP
104641,201,2026-06-27,2026-08-11,2750.95,GBP
104642,201,2026-09-01,2026-10-16,1983.28,GBP
104643,202,2024-11-15,2024-12-15,1491.80,EUR
104644,202,2025-04-10,2025-05-10,959.57,GBP
104645,202,2025-05-25,2025-06-24,1406.48,EUR
104646,202,2026-01-31,2026-03-02,393.18,GBP
104647,202,2026-03-23,2026-04-22,1826.02,EUR
104648,202,2026-05-29,2026-06-28,1251.66,EUR
104649,202,2026-09-07,2026-10-07,795.98,EUR
104650,203,2024-11-12,2024-12-12,1777.77,GBP
104651,203,2024-12-02,2025-01-01,719.63,GBP
104652,203,2025-03-08,2025-04-07,1123.79,EUR
104653,203,2025-12-27,2026-01-26,1108.49,GBP
104654,203,2026-02-21,2026-03-23,1398.10,EUR
104655,203,2026-03-06,2026-04-05,2628.51,EUR
104656,203,2026-05-26,2026-06-25,1696.07,GBP
104657,203,2026-06-11,2026-07-11,1450.15,GBP
104658,203,2026-09-23,2026-10-23,785.59,GBP
104659,203,2026-09-25,2026-10-25,2383.19,EUR
104660,204,2024-11-28,2024-12-28,1062.70,GBP
104661,204,2025-01-27,2025-02-26,938.08,GBP
104662,204,2025-04-15,2025-05-15,366.84,GBP
104663,204,2025-06-02,2025-07-02,873.10,GBP
104664,204,2025-10-03,2025-11-02,910.79,GBP
104665,204,2025-10-05,2025-11-04,573.01,GBP
104666,204,2026-01-31,2026-03-02,1095.21,GBP
104667,204,2026-02-23,2026-03-25,582.96,GBP
104668,204,2026-02-28,2026-03-30,2923.68,GBP
104669,204,2026-03-16,2026-04-15,1091.55,GBP
104670,204,2026-04-24,2026-05-24,1020.70,GBP
104671,204,2026-04-15,2026-05-15,802.73,GBP
104672,204,2026-07-25,2026-08-24,2162.61,GBP
104673,205,2024-11-25,2025-02-23,824.35,GBP
104674,205,2024-11-25,2025-02-23,1154.62,EUR
104675,205,2025-06-09,2025-09-07,1136.51,GBP
104676,205,2025-10-06,2026-01-04,1003.75,EUR
104677,205,2025-10-29,2026-01-27,4511.23,GBP
104678,205,2025-11-21,2026-02-19,2436.55,EUR
104679,205,2026-03-07,2026-06-05,895.61,GBP
104680,205,2026-04-10,2026-07-09,898.22,EUR
104681,205,2026-08-31,2026-11-29,1871.10,EUR
104682,206,2024-10-25,2024-12-24,9887.41,GBP
104683,206,2024-11-27,2025-01-26,4753.24,GBP
104684,206,2024-12-29,2025-02-27,17063.05,GBP
104685,206,2025-01-31,2025-04-01,5514.90,GBP
104686,206,2025-01-08,2025-03-09,2223.41,GBP
104687,206,2025-04-16,2025-06-15,8992.08,GBP
104688,206,2025-05-30,2025-07-29,8060.68,GBP
104689,206,2025-05-27,2025-07-26,2886.86,GBP
104690,206,2025-06-09,2025-08-08,5613.47,GBP
104691,206,2025-06-06,2025-08-05,8971.31,GBP
104692,206,2025-07-04,2025-09-02,2799.99,GBP
104693,206,2025-07-21,2025-09-19,6470.35,GBP
104694,206,2025-09-13,2025-11-12,4822.71,GBP
104695,206,2025-09-23,2025-11-22,6189.50,GBP
104696,206,2025-10-02,2025-12-01,10947.59,GBP
104697,206,2025-10-19,2025-12-18,14120.69,GBP
104698,206,2025-11-27,2026-01-26,17702.49,GBP
104699,206,2025-11-26,2026-01-25,2705.23,GBP
104700,206,2026-04-15,2026-06-14,4060.90,GBP
104701,206,2026-06-28,2026-08-27,8520.78,GBP
104702,206,2026-07-06,2026-09-04,5241.81,GBP
104703,206,2026-08-21,2026-10-20,6411.61,GBP
104704,207,2024-10-21,2024-12-20,43741.61,GBP
104705,207,2024-10-13,2024-12-12,99698.92,EUR
104706,207,2024-10-27,2024-12-26,41627.37,GBP
104707,207,2024-10-27,2024-12-26,30433.01,EUR
104708,207,2024-10-12,2024-12-11,33932.71,GBP
104709,207,2024-10-18,2024-12-17,45334.78,EUR
104710,207,2024-10-20,2024-12-19,30809.02,EUR
104711,207,2024-11-14,2025-01-13,11869.74,GBP
104712,207,2024-11-02,2025-01-01,41012.74,EUR
104713,207,2024-11-08,2025-01-07,20261.22,GBP
104714,207,2025-01-22,2025-03-23,45675.70,EUR
104715,207,2025-01-02,2025-03-03,39443.91,EUR
104716,207,2025-01-29,2025-03-30,59841.86,EUR
104717,207,2025-02-21,2025-04-22,28065.59,EUR
104718,207,2025-02-09,2025-04-10,29548.67,EUR
104719,207,2025-02-26,2025-04-27,31518.20,GBP
104720,207,2025-02-25,2025-04-26,32223.46,EUR
104721,207,2025-02-18,2025-04-19,41509.16,EUR
104722,207,2025-02-23,2025-04-24,52479.67,EUR
104723,207,2025-02-25,2025-04-26,36956.83,EUR
104724,207,2025-03-06,2025-05-05,16933.00,GBP
104725,207,2025-03-04,2025-05-03,32603.34,EUR
104726,207,2025-03-22,2025-05-21,21105.88,EUR
104727,207,2025-04-22,2025-06-21,43504.80,GBP
104728,207,2025-04-22,2025-06-21,37575.50,GBP
104729,207,2025-04-17,2025-06-16,15439.35,GBP
104730,207,2025-04-23,2025-06-22,24079.81,EUR
104731,207,2025-05-24,2025-07-23,27386.78,EUR
104732,207,2025-05-03,2025-07-02,20100.75,EUR
104733,207,2025-05-18,2025-07-17,19428.69,EUR
104734,207,2025-05-07,2025-07-06,35558.31,EUR
104735,207,2025-05-12,2025-07-11,41814.69,GBP
104736,207,2025-05-12,2025-07-11,21375.50,EUR
104737,207,2025-06-08,2025-08-07,15755.99,EUR
104738,207,2025-06-04,2025-08-03,93567.86,GBP
104739,207,2025-06-05,2025-08-04,17369.90,GBP
104740,207,2025-06-15,2025-08-14,40057.84,GBP
104741,207,2025-07-07,2025-09-05,19586.47,EUR
104742,207,2025-07-05,2025-09-03,35710.15,EUR
104743,207,2025-07-27,2025-09-25,54300.32,GBP
104744,207,2025-08-06,2025-10-05,31808.85,EUR
104745,207,2025-08-02,2025-10-01,19189.07,GBP
104746,207,2025-08-19,2025-10-18,50364.43,EUR
104747,207,2025-09-12,2025-11-11,62851.42,EUR
104748,207,2025-09-02,2025-11-01,24879.15,GBP
104749,207,2025-09-26,2025-11-25,22935.50,EUR
104750,207,2025-09-15,2025-11-14,50692.10,EUR
104751,207,2025-10-30,2025-12-29,31567.12,GBP
104752,207,2025-10-06,2025-12-05,69913.82,EUR
104753,207,2025-10-21,2025-12-20,14540.08,EUR
104754,207,2025-11-10,2026-01-09,22432.92,EUR
104755,207,2025-11-26,2026-01-25,11983.14,EUR
104756,207,2025-11-03,2026-01-02,36639.10,GBP
104757,207,2025-11-25,2026-01-24,44030.50,GBP
104758,207,2025-11-10,2026-01-09,28092.06,GBP
104759,207,2025-11-22,2026-01-21,30529.01,GBP
104760,207,2025-12-15,2026-02-13,17057.01,GBP
104761,207,2025-12-22,2026-02-20,38199.39,GBP
104762,207,2026-01-02,2026-03-03,25550.25,EUR
104763,207,2026-01-29,2026-03-30,32715.83,EUR
104764,207,2026-01-01,2026-03-02,16854.50,EUR
104765,207,2026-01-31,2026-04-01,22368.06,EUR
104766,207,2026-01-09,2026-03-10,14506.01,EUR
104767,207,2026-01-04,2026-03-05,26311.96,GBP
104768,207,2026-01-10,2026-03-11,12967.63,EUR
104769,207,2026-02-17,2026-04-18,49134.06,EUR
104770,207,2026-02-01,2026-04-02,38429.42,EUR
104771,207,2026-02-15,2026-04-16,23317.22,GBP
104772,207,2026-02-10,2026-04-11,19750.11,GBP
104773,207,2026-02-21,2026-04-22,19901.70,GBP
104774,207,2026-02-20,2026-04-21,21225.86,EUR
104775,207,2026-02-04,2026-04-05,15601.79,EUR
104776,207,2026-03-27,2026-05-26,22930.34,GBP
104777,207,2026-03-22,2026-05-21,7413.57,EUR
104778,207,2026-03-07,2026-05-06,26539.04,EUR
104779,207,2026-03-05,2026-05-04,24053.67,GBP
104780,207,2026-04-15,2026-06-14,15708.23,EUR
104781,207,2026-04-30,2026-06-29,35797.85,EUR
104782,207,2026-05-08,2026-07-07,55134.30,GBP
104783,207,2026-05-19,2026-07-18,23911.78,EUR
104784,207,2026-05-17,2026-07-16,30808.97,EUR
104785,207,2026-05-28,2026-07-27,16074.93,EUR
104786,207,2026-05-10,2026-07-09,26088.84,EUR
104787,207,2026-06-02,2026-08-01,36029.46,EUR
104788,207,2026-07-30,2026-09-28,37470.13,EUR
104789,207,2026-07-10,2026-09-08,49329.23,GBP
104790,207,2026-08-21,2026-10-20,34132.58,EUR
104791,207,2026-08-12,2026-10-11,14031.67,EUR
104792,207,2026-08-21,2026-10-20,23036.62,EUR
104793,207,2026-08-16,2026-10-15,17261.31,EUR
104794,207,2026-08-14,2026-10-13,25395.36,GBP
104795,207,2026-08-08,2026-10-07,30786.88,EUR
104796,208,2025-03-13,2025-04-27,544.17,GBP
104797,208,2025-04-19,2025-06-03,1377.14,GBP
104798,208,2025-05-25,2025-07-09,1317.76,GBP
104799,208,2025-05-08,2025-06-22,2441.81,GBP
104800,208,2025-06-21,2025-08-05,2665.83,GBP
104801,208,2025-07-31,2025-09-14,902.64,GBP
104802,208,2025-08-05,2025-09-19,1283.67,GBP
104803,208,2025-09-19,2025-11-03,1075.88,GBP
104804,208,2025-10-31,2025-12-15,1736.78,GBP
104805,208,2025-11-13,2025-12-28,1578.70,GBP
104806,208,2026-01-08,2026-02-22,917.60,GBP
104807,208,2026-03-07,2026-04-21,1739.68,GBP
104808,208,2026-03-03,2026-04-17,681.90,GBP
104809,208,2026-05-03,2026-06-17,619.90,GBP
104810,208,2026-05-28,2026-07-12,1020.47,GBP
104811,208,2026-07-06,2026-08-20,521.12,GBP
104812,209,2024-10-18,2024-12-02,7800.44,EUR
104813,209,2024-11-07,2024-12-22,6242.54,GBP
104814,209,2024-11-27,2025-01-11,15396.28,EUR
104815,209,2025-01-08,2025-02-22,2627.31,EUR
104816,209,2025-02-02,2025-03-19,20169.07,EUR
104817,209,2025-03-24,2025-05-08,4939.27,EUR
104818,209,2025-05-06,2025-06-20,4575.86,EUR
104819,209,2025-06-08,2025-07-23,4613.76,EUR
104820,209,2025-06-22,2025-08-06,7021.24,EUR
104821,209,2025-07-25,2025-09-08,10007.55,GBP
104822,209,2025-09-28,2025-11-12,9398.89,EUR
104823,209,2025-10-22,2025-12-06,2406.14,EUR
104824,209,2025-10-03,2025-11-17,5469.98,EUR
104825,209,2025-10-20,2025-12-04,13403.80,GBP
104826,209,2025-11-21,2026-01-05,5461.80,EUR
104827,209,2025-12-26,2026-02-09,3929.81,GBP
104828,209,2025-12-02,2026-01-16,2951.93,GBP
104829,209,2026-01-29,2026-03-15,11456.17,GBP
104830,209,2026-03-04,2026-04-18,4464.62,EUR
104831,209,2026-03-22,2026-05-06,3067.23,EUR
104832,209,2026-04-07,2026-05-22,12258.87,GBP
104833,209,2026-04-29,2026-06-13,6790.86,EUR
104834,209,2026-04-24,2026-06-08,12466.75,EUR
104835,209,2026-05-09,2026-06-23,11100.48,GBP
104836,209,2026-07-21,2026-09-04,13520.28,EUR
104837,209,2026-08-15,2026-09-29,6183.58,EUR
104838,210,2024-10-01,2024-11-15,7614.26,GBP
104839,210,2024-11-25,2025-01-09,6297.67,GBP
104840,210,2024-11-21,2025-01-05,4301.28,GBP
104841,210,2024-12-26,2025-02-09,4549.22,GBP
104842,210,2025-01-13,2025-02-27,8221.89,GBP
104843,210,2025-02-18,2025-04-04,10963.55,GBP
104844,210,2025-03-01,2025-04-15,5523.26,GBP
104845,210,2025-04-26,2025-06-10,11733.11,GBP
104846,210,2025-05-15,2025-06-29,5524.38,GBP
104847,210,2025-05-31,2025-07-15,22817.19,GBP
104848,210,2025-05-06,2025-06-20,10825.49,GBP
104849,210,2025-05-27,2025-07-11,12868.65,GBP
104850,210,2025-06-08,2025-07-23,5811.31,GBP
104851,210,2025-06-08,2025-07-23,5160.99,GBP
104852,210,2025-06-23,2025-08-07,10982.13,GBP
104853,210,2025-06-27,2025-08-11,5249.46,GBP
104854,210,2025-07-31,2025-09-14,7617.06,GBP
104855,210,2025-08-25,2025-10-09,12792.05,GBP
104856,210,2025-09-14,2025-10-29,8892.84,GBP
104857,210,2025-09-20,2025-11-04,15954.16,GBP
104858,210,2025-10-04,2025-11-18,8023.92,GBP
104859,210,2025-10-09,2025-11-23,8534.37,GBP
104860,210,2025-11-02,2025-12-17,6527.05,GBP
104861,210,2025-12-05,2026-01-19,11258.71,GBP
104862,210,2025-12-19,2026-02-02,7860.70,GBP
104863,210,2026-01-15,2026-03-01,7922.10,GBP
104864,210,2026-01-12,2026-02-26,15277.60,GBP
104865,210,2026-01-27,2026-03-13,6567.32,GBP
104866,210,2026-04-07,2026-05-22,6972.87,GBP
104867,210,2026-05-28,2026-07-12,6987.05,GBP
104868,210,2026-06-28,2026-08-12,2394.78,GBP
104869,210,2026-07-10,2026-08-24,7450.90,GBP
104870,210,2026-07-08,2026-08-22,9549.48,GBP
104871,210,2026-07-05,2026-08-19,6242.34,GBP
104872,210,2026-08-18,2026-10-02,6840.29,GBP
104873,210,2026-08-15,2026-09-29,3263.26,GBP
104874,210,2026-08-10,2026-09-24,1816.87,GBP
104875,210,2026-09-13,2026-10-28,2181.87,GBP
104876,211,2024-10-21,2024-12-05,24779.69,GBP
104877,211,2024-10-28,2024-12-12,44040.15,GBP
104878,211,2024-10-21,2024-12-05,14383.95,GBP
104879,211,2024-10-05,2024-11-19,38567.08,GBP
104880,211,2024-10-24,2024-12-08,18474.05,GBP
104881,211,2024-10-17,2024-12-01,34541.21,GBP
104882,211,2024-10-17,2024-12-01,28141.59,GBP
104883,211,2024-10-15,2024-11-29,29218.99,GBP
104884,211,2024-10-06,2024-11-20,24333.80,GBP
104885,211,2024-11-13,2024-12-28,49539.49,GBP
104886,211,2024-11-16,2024-12-31,20804.36,GBP
104887,211,2024-11-10,2024-12-25,19852.65,GBP
104888,211,2024-12-20,2025-02-03,23514.54,GBP
104889,211,2024-12-29,2025-02-12,53481.59,GBP
104890,211,2024-12-14,2025-01-28,15962.98,GBP
104891,211,2024-12-28,2025-02-11,35891.75,GBP
104892,211,2025-02-11,2025-03-28,27416.27,GBP
104893,211,2025-02-11,2025-03-28,13217.76,GBP
104894,211,2025-03-02,2025-04-16,12463.23,GBP
104895,211,2025-03-16,2025-04-30,25902.02,GBP
104896,211,2025-04-04,2025-05-19,53027.63,GBP
104897,211,2025-04-29,2025-06-13,27795.75,GBP
104898,211,2025-04-17,2025-06-01,26305.24,GBP
104899,211,2025-04-21,2025-06-05,23179.61,GBP
104900,211,2025-04-27,2025-06-11,29237.88,GBP
104901,211,2025-05-08,2025-06-22,39608.22,GBP
104902,211,2025-05-28,2025-07-12,22166.75,GBP
104903,211,2025-05-31,2025-07-15,52427.64,GBP
104904,211,2025-05-13,2025-06-27,38124.19,GBP
104905,211,2025-06-23,2025-08-07,42914.31,GBP
104906,211,2025-07-30,2025-09-13,18564.78,GBP
104907,211,2025-07-08,2025-08-22,41512.40,GBP
104908,211,2025-08-11,2025-09-25,25471.73,GBP
104909,211,2025-08-08,2025-09-22,25352.30,GBP
104910,211,2025-09-01,2025-10-16,20982.26,GBP
104911,211,2025-09-11,2025-10-26,19947.12,GBP
104912,211,2025-09-13,2025-10-28,10189.87,GBP
104913,211,2025-09-26,2025-11-10,24691.98,GBP
104914,211,2025-09-23,2025-11-07,21511.76,GBP
104915,211,2025-09-05,2025-10-20,8183.51,GBP
104916,211,2025-09-28,2025-11-12,56912.46,GBP
104917,211,2025-10-25,2025-12-09,72484.03,GBP
104918,211,2025-10-03,2025-11-17,43054.22,GBP
104919,211,2025-10-02,2025-11-16,30304.72,GBP
104920,211,2025-10-01,2025-11-15,37032.55,GBP
104921,211,2025-10-08,2025-11-22,10950.00,GBP
104922,211,2025-11-26,2026-01-10,20602.64,GBP
104923,211,2025-11-10,2025-12-25,40717.62,GBP
104924,211,2025-11-12,2025-12-27,58340.71,GBP
104925,211,2025-11-29,2026-01-13,40687.50,GBP
104926,211,2025-11-05,2025-12-20,38543.12,GBP
104927,211,2025-12-22,2026-02-05,23224.93,GBP
104928,211,2025-12-28,2026-02-11,37764.46,GBP
104929,211,2025-12-09,2026-01-23,18564.92,GBP
104930,211,2025-12-05,2026-01-19,24835.66,GBP
104931,211,2025-12-19,2026-02-02,17665.68,GBP
104932,211,2026-02-23,2026-04-09,29416.11,GBP
104933,211,2026-02-17,2026-04-03,45367.74,GBP
104934,211,2026-02-24,2026-04-10,26864.80,GBP
104935,211,2026-03-30,2026-05-14,13185.10,GBP
104936,211,2026-03-08,2026-04-22,19396.78,GBP
104937,211,2026-03-31,2026-05-15,22201.11,GBP
104938,211,2026-03-20,2026-05-04,27608.20,GBP
104939,211,2026-03-11,2026-04-25,33636.20,GBP
104940,211,2026-04-24,2026-06-08,21638.47,GBP
104941,211,2026-04-07,2026-05-22,27263.19,GBP
104942,211,2026-04-07,2026-05-22,29586.88,GBP
104943,211,2026-04-07,2026-05-22,10741.40,GBP
104944,211,2026-04-19,2026-06-03,11399.60,GBP
104945,211,2026-05-10,2026-06-24,24167.68,GBP
104946,211,2026-05-09,2026-06-23,39755.81,GBP
104947,211,2026-05-05,2026-06-19,21827.44,GBP
104948,211,2026-06-25,2026-08-09,58901.92,GBP
104949,211,2026-06-12,2026-07-27,47377.13,GBP
104950,211,2026-07-04,2026-08-18,29972.86,GBP
104951,211,2026-07-25,2026-09-08,8866.51,GBP
104952,211,2026-08-12,2026-09-26,16347.37,GBP
104953,211,2026-08-02,2026-09-16,28117.48,GBP
104954,211,2026-09-06,2026-10-21,26370.63,GBP
104955,211,2026-09-17,2026-11-01,37955.86,GBP
104956,211,2026-09-26,2026-11-10,53404.74,GBP
104957,211,2026-09-05,2026-10-20,38626.90,GBP
104958,211,2026-09-04,2026-10-19,9750.65,GBP
104959,211,2026-09-30,2026-11-14,21523.26,GBP
104960,212,2024-10-06,2024-11-05,13724.65,GBP
104961,212,2024-11-27,2024-12-27,9918.53,EUR
104962,212,2025-02-23,2025-03-25,6198.87,EUR
104963,212,2025-02-14,2025-03-16,4868.17,EUR
104964,212,2025-03-03,2025-04-02,11505.30,GBP
104965,212,2025-03-17,2025-04-16,6597.14,EUR
104966,212,2025-04-24,2025-05-24,5275.44,EUR
104967,212,2025-05-13,2025-06-12,6964.52,EUR
104968,212,2025-06-02,2025-07-02,3717.84,GBP
104969,212,2025-09-15,2025-10-15,5250.31,EUR
104970,212,2025-09-25,2025-10-25,4253.36,EUR
104971,212,2025-09-01,2025-10-01,4750.26,GBP
104972,212,2025-10-28,2025-11-27,2706.75,EUR
104973,212,2025-10-06,2025-11-05,8531.13,EUR
104974,212,2025-11-29,2025-12-29,4670.64,EUR
104975,212,2025-12-03,2026-01-02,7436.13,EUR
104976,212,2025-12-12,2026-01-11,8907.42,EUR
104977,212,2026-01-18,2026-02-17,8531.63,EUR
104978,212,2026-01-26,2026-02-25,9764.65,EUR
104979,212,2026-02-28,2026-03-30,7974.52,EUR
104980,212,2026-02-18,2026-03-20,2992.59,GBP
104981,212,2026-03-06,2026-04-05,5529.43,EUR
104982,212,2026-03-02,2026-04-01,10527.64,GBP
104983,212,2026-06-11,2026-07-11,1919.22,GBP
104984,212,2026-06-26,2026-07-26,7405.67,EUR
104985,212,2026-06-02,2026-07-02,8816.18,EUR
104986,212,2026-09-17,2026-10-17,12350.70,EUR
104987,212,2026-09-30,2026-10-30,17977.84,GBP
104988,213,2024-11-22,2024-12-22,10163.78,GBP
104989,213,2024-12-30,2025-01-29,7902.62,GBP
104990,213,2024-12-10,2025-01-09,9755.31,GBP
104991,213,2025-02-24,2025-03-26,4926.88,GBP
104992,213,2025-03-03,2025-04-02,8702.42,GBP
104993,213,2025-04-06,2025-05-06,5822.35,GBP
104994,213,2025-06-16,2025-07-16,4135.16,GBP
104995,213,2025-06-30,2025-07-30,7325.94,GBP
104996,213,2025-07-31,2025-08-30,5820.81,GBP
104997,213,2025-08-14,2025-09-13,4568.56,GBP
104998,213,2025-09-24,2025-10-24,7523.45,GBP
104999,213,2025-09-22,2025-10-22,14641.97,GBP
105000,213,2025-09-10,2025-10-10,3709.05,GBP
105001,213,2025-10-13,2025-11-12,2669.47,GBP
105002,213,2025-10-23,2025-11-22,3755.07,GBP
105003,213,2025-11-09,2025-12-09,2791.73,GBP
105004,213,2026-02-24,2026-03-26,6261.89,GBP
105005,213,2026-04-04,2026-05-04,5780.62,GBP
105006,213,2026-04-19,2026-05-19,7163.14,GBP
105007,213,2026-04-21,2026-05-21,8821.11,GBP
105008,213,2026-05-05,2026-06-04,14046.51,GBP
105009,213,2026-05-21,2026-06-20,9646.05,GBP
105010,213,2026-06-22,2026-07-22,16919.59,GBP
105011,213,2026-07-16,2026-08-15,19391.38,GBP
105012,213,2026-09-28,2026-10-28,6617.93,GBP
105013,213,2026-09-05,2026-10-05,4325.92,GBP
105014,213,2026-09-20,2026-10-20,2395.35,GBP
105015,214,2024-10-14,2024-11-13,52680.79,GBP
105016,214,2024-10-31,2024-11-30,36370.79,GBP
105017,214,2024-10-15,2024-11-14,29500.32,GBP
105018,214,2024-11-24,2024-12-24,20664.36,GBP
105019,214,2024-11-25,2024-12-25,34524.33,GBP
105020,214,2024-11-05,2024-12-05,20345.01,GBP
105021,214,2024-11-16,2024-12-16,38018.25,GBP
105022,214,2024-11-28,2024-12-28,52029.62,GBP
105023,214,2024-12-18,2025-01-17,20987.98,GBP
105024,214,2024-12-13,2025-01-12,25848.22,GBP
105025,214,2024-12-17,2025-01-16,12788.15,GBP
105026,214,2024-12-12,2025-01-11,79977.27,GBP
105027,214,2025-01-17,2025-02-16,30476.89,GBP
105028,214,2025-01-17,2025-02-16,33415.27,GBP
105029,214,2025-01-05,2025-02-04,25931.77,GBP
105030,214,2025-01-09,2025-02-08,25950.86,GBP
105031,214,2025-01-26,2025-02-25,18309.09,GBP
105032,214,2025-01-30,2025-03-01,12050.07,GBP
105033,214,2025-01-28,2025-02-27,21094.18,GBP
105034,214,2025-02-22,2025-03-24,11965.53,GBP
105035,214,2025-02-27,2025-03-29,20982.85,GBP
105036,214,2025-02-13,2025-03-15,40482.84,GBP
105037,214,2025-02-05,2025-03-07,51417.47,GBP
105038,214,2025-02-11,2025-03-13,23076.93,GBP
105039,214,2025-02-06,2025-03-08,31158.49,GBP
105040,214,2025-04-22,2025-05-22,20095.48,GBP
105041,214,2025-05-31,2025-06-30,33537.10,GBP
105042,214,2025-05-22,2025-06-21,30163.24,GBP
105043,214,2025-05-28,2025-06-27,27521.45,GBP
105044,214,2025-05-05,2025-06-04,32601.34,GBP
105045,214,2025-06-30,2025-07-30,60539.99,GBP
105046,214,2025-06-25,2025-07-25,40633.07,GBP
105047,214,2025-06-07,2025-07-07,20693.98,GBP
105048,214,2025-07-23,2025-08-22,33600.31,GBP
105049,214,2025-07-22,2025-08-21,25920.03,GBP
105050,214,2025-07-09,2025-08-08,32902.88,GBP
105051,214,2025-07-06,2025-08-05,55884.66,GBP
105052,214,2025-07-15,2025-08-14,28416.44,GBP
105053,214,2025-09-13,2025-10-13,10822.03,GBP
105054,214,2025-09-11,2025-10-11,17542.04,GBP
105055,214,2025-09-11,2025-10-11,32766.12,GBP
105056,214,2025-09-26,2025-10-26,20659.25,GBP
105057,214,2025-10-19,2025-11-18,16177.89,GBP
105058,214,2025-11-16,2025-12-16,50803.84,GBP
105059,214,2025-11-09,2025-12-09,34427.41,GBP
105060,214,2025-11-11,2025-12-11,23410.08,GBP
105061,214,2025-11-11,2025-12-11,47159.23,GBP
105062,214,2025-11-18,2025-12-18,41774.82,GBP
105063,214,2025-11-28,2025-12-28,38635.73,GBP
105064,214,2025-12-15,2026-01-14,13686.99,GBP
105065,214,2025-12-02,2026-01-01,25850.63,GBP
105066,214,2026-01-09,2026-02-08,18384.96,GBP
105067,214,2026-01-28,2026-02-27,37090.69,GBP
105068,214,2026-01-29,2026-02-28,34229.34,GBP
105069,214,2026-01-23,2026-02-22,20176.01,GBP
105070,214,2026-02-12,2026-03-14,28428.27,GBP
105071,214,2026-02-14,2026-03-16,13453.46,GBP
105072,214,2026-03-25,2026-04-24,19420.09,GBP
105073,214,2026-03-07,2026-04-06,31269.13,GBP
105074,214,2026-04-27,2026-05-27,55110.97,GBP
105075,214,2026-04-20,2026-05-20,45942.06,GBP
105076,214,2026-04-26,2026-05-26,12311.63,GBP
105077,214,2026-04-15,2026-05-15,24342.14,GBP
105078,214,2026-05-28,2026-06-27,32866.70,GBP
105079,214,2026-05-31,2026-06-30,33898.27,GBP
105080,214,2026-05-04,2026-06-03,27705.08,GBP
105081,214,2026-06-22,2026-07-22,39557.53,GBP
105082,214,2026-06-06,2026-07-06,46259.95,GBP
105083,214,2026-06-22,2026-07-22,18886.79,GBP
105084,214,2026-06-07,2026-07-07,24259.01,GBP
105085,214,2026-06-02,2026-07-02,10870.11,GBP
105086,214,2026-07-14,2026-08-13,41808.09,GBP
105087,214,2026-08-18,2026-09-17,57873.84,GBP
105088,214,2026-09-03,2026-10-03,18453.79,GBP
105089,214,2026-09-29,2026-10-29,35500.94,GBP
105090,214,2026-09-24,2026-10-24,39646.53,GBP
105091,214,2026-09-15,2026-10-15,30961.00,GBP
105092,215,2024-10-15,2025-01-13,13212.25,GBP
105093,215,2024-10-06,2025-01-04,10902.69,GBP
105094,215,2024-10-08,2025-01-06,4733.89,GBP
105095,215,2024-11-03,2025-02-01,8144.52,GBP
105096,215,2024-12-24,2025-03-24,19383.81,GBP
105097,215,2025-01-18,2025-04-18,5381.77,GBP
105098,215,2025-01-26,2025-04-26,4090.15,GBP
105099,215,2025-02-25,2025-05-26,8944.47,GBP
105100,215,2025-04-24,2025-07-23,6676.44,GBP
105101,215,2025-05-21,2025-08-19,2761.04,GBP
105102,215,2025-05-30,2025-08-28,5930.07,GBP
105103,215,2025-06-29,2025-09-27,8760.77,GBP
105104,215,2025-06-17,2025-09-15,6081.07,GBP
105105,215,2025-06-13,2025-09-11,15772.67,GBP
105106,215,2025-07-04,2025-10-02,16193.17,GBP
105107,215,2025-09-17,2025-12-16,3203.44,GBP
105108,215,2025-09-24,2025-12-23,5193.14,GBP
105109,215,2025-09-16,2025-12-15,8967.58,GBP
105110,215,2025-10-17,2026-01-15,6305.18,GBP
105111,215,2025-10-17,2026-01-15,7296.93,GBP
105112,215,2025-10-02,2025-12-31,4252.00,GBP
105113,215,2025-11-21,2026-02-19,3891.85,GBP
105114,215,2025-11-25,2026-02-23,4549.95,GBP
105115,215,2026-02-21,2026-05-22,18088.87,GBP
105116,215,2026-02-09,2026-05-10,4921.28,GBP
105117,215,2026-03-28,2026-06-26,4873.58,GBP
105118,215,2026-03-07,2026-06-05,13606.66,GBP
105119,215,2026-05-18,2026-08-16,8273.68,GBP
105120,215,2026-05-17,2026-08-15,5943.65,GBP
105121,215,2026-06-20,2026-09-18,5138.40,GBP
105122,215,2026-06-14,2026-09-12,7966.47,GBP
105123,215,2026-06-21,2026-09-19,2385.15,GBP
105124,215,2026-07-17,2026-10-15,9724.52,GBP
105125,215,2026-07-16,2026-10-14,4413.58,GBP
105126,215,2026-09-26,2026-12-25,10984.23,GBP
105127,216,2024-10-15,2024-11-29,1955.68,GBP
105128,216,2025-02-07,2025-03-24,1598.72,GBP
105129,216,2025-04-11,2025-05-26,689.67,EUR
105130,216,2026-01-25,2026-03-11,935.01,EUR
105131,216,2026-07-28,2026-09-11,3388.19,EUR
105132,216,2026-09-30,2026-11-14,1207.85,GBP
105133,217,2025-01-12,2025-04-12,1554.72,GBP
105134,217,2025-03-05,2025-06-03,1365.28,GBP
105135,217,2025-03-03,2025-06-01,1656.59,GBP
105136,217,2025-04-29,2025-07-28,1542.08,GBP
105137,217,2025-05-09,2025-08-07,1156.88,GBP
105138,217,2025-08-27,2025-11-25,350.19,GBP
105139,217,2025-09-13,2025-12-12,1723.79,GBP
105140,217,2025-11-28,2026-02-26,448.86,GBP
105141,217,2026-01-31,2026-05-01,467.71,GBP
105142,217,2026-02-10,2026-05-11,992.33,GBP
105143,217,2026-03-26,2026-06-24,3608.08,GBP
105144,217,2026-05-26,2026-08-24,942.13,GBP
105145,217,2026-05-28,2026-08-26,726.18,GBP
105146,217,2026-09-29,2026-12-28,3487.41,GBP
105147,218,2025-05-22,2025-06-21,420.75,EUR
105148,218,2025-07-02,2025-08-01,1100.77,EUR
105149,218,2025-08-25,2025-09-24,841.75,GBP
105150,218,2025-10-01,2025-10-31,1040.86,EUR
105151,218,2026-01-29,2026-02-28,1340.12,EUR
105152,218,2026-07-05,2026-08-04,476.05,EUR
105153,218,2026-07-25,2026-08-24,2166.55,EUR
105154,219,2025-02-06,2025-03-23,2312.93,GBP
105155,219,2026-03-15,2026-04-29,1765.62,GBP
105156,219,2026-08-06,2026-09-20,1801.22,GBP
105157,219,2026-08-29,2026-10-13,1148.73,GBP
105158,220,2025-03-01,2025-03-31,3053.76,GBP
105159,220,2025-11-22,2025-12-22,686.49,GBP
105160,220,2026-01-21,2026-02-20,640.96,GBP
105161,220,2026-08-30,2026-09-29,2319.01,GBP
105162,220,2026-09-01,2026-10-01,1582.72,GBP
105163,220,2026-09-04,2026-10-04,2124.28,GBP
105164,221,2024-10-12,2024-11-11,1343.47,GBP
105165,221,2024-12-28,2025-01-27,3255.81,GBP
105166,221,2025-02-12,2025-03-14,843.03,GBP
105167,221,2025-07-13,2025-08-12,1194.31,GBP
105168,221,2025-09-11,2025-10-11,2867.62,GBP
105169,221,2025-09-03,2025-10-03,735.29,GBP
105170,221,2025-11-08,2025-12-08,1505.84,GBP
105171,221,2025-11-20,2025-12-20,1614.66,GBP
105172,221,2026-02-10,2026-03-12,1174.84,GBP
105173,221,2026-03-23,2026-04-22,1399.97,GBP
105174,221,2026-05-07,2026-06-06,584.40,GBP
105175,221,2026-07-20,2026-08-19,683.56,GBP
105176,222,2024-10-31,2024-11-30,1649.14,EUR
105177,222,2025-02-01,2025-03-03,2994.33,EUR
105178,222,2025-03-30,2025-04-29,947.76,EUR
105179,222,2025-04-10,2025-05-10,782.29,EUR
105180,222,2025-07-27,2025-08-26,1510.01,EUR
105181,222,2025-08-12,2025-09-11,889.15,GBP
105182,222,2025-09-22,2025-10-22,2434.00,EUR
105183,222,2025-10-05,2025-11-04,1331.70,EUR
105184,222,2026-05-18,2026-06-17,1032.74,GBP
105185,222,2026-05-30,2026-06-29,2579.78,EUR
105186,222,2026-07-07,2026-08-06,1560.91,EUR
105187,222,2026-08-09,2026-09-08,1226.58,EUR
105188,223,2024-11-28,2024-12-28,1814.31,GBP
105189,223,2024-12-23,2025-01-22,1182.28,GBP
105190,223,2025-02-07,2025-03-09,595.44,GBP
105191,223,2025-03-06,2025-04-05,1159.61,EUR
105192,223,2025-04-10,2025-05-10,876.10,EUR
105193,223,2025-05-25,2025-06-24,607.25,EUR
105194,223,2025-09-01,2025-10-01,477.56,GBP
105195,223,2025-10-12,2025-11-11,365.24,GBP
105196,223,2025-11-09,2025-12-09,638.06,GBP
105197,223,2026-02-10,2026-03-12,735.12,EUR
105198,223,2026-03-05,2026-04-04,1267.17,GBP
105199,223,2026-03-04,2026-04-03,1943.75,EUR
105200,223,2026-05-25,2026-06-24,482.66,GBP
105201,223,2026-06-06,2026-07-06,1783.85,GBP
105202,224,2024-10-21,2025-01-19,4391.23,GBP
105203,224,2024-11-27,2025-02-25,5558.80,EUR
105204,224,2024-12-23,2025-03-23,2175.87,GBP
105205,224,2025-01-01,2025-04-01,7024.66,GBP
105206,224,2025-03-21,2025-06-19,4664.44,EUR
105207,224,2025-03-30,2025-06-28,4997.41,GBP
105208,224,2025-04-08,2025-07-07,3960.42,GBP
105209,224,2025-04-29,2025-07-28,3024.83,GBP
105210,224,2025-04-26,2025-07-25,8510.56,GBP
105211,224,2025-04-07,2025-07-06,3296.58,EUR
105212,224,2025-05-16,2025-08-14,9003.23,GBP
105213,224,2025-05-22,2025-08-20,10950.25,GBP
105214,224,2025-05-09,2025-08-07,5582.61,GBP
105215,224,2025-05-21,2025-08-19,5313.40,EUR
105216,224,2025-06-25,2025-09-23,11188.03,GBP
105217,224,2025-06-08,2025-09-06,11223.35,GBP
105218,224,2025-06-23,2025-09-21,9987.78,GBP
105219,224,2025-09-14,2025-12-13,8097.48,GBP
105220,224,2025-09-11,2025-12-10,4871.24,GBP
105221,224,2025-09-19,2025-12-18,5023.86,GBP
105222,224,2025-10-25,2026-01-23,16028.82,GBP
105223,224,2025-10-25,2026-01-23,10903.36,GBP
105224,224,2025-10-26,2026-01-24,2009.35,EUR
105225,224,2025-10-24,2026-01-22,6177.59,GBP
105226,224,2025-10-09,2026-01-07,1866.43,EUR
105227,224,2025-10-02,2025-12-31,4524.97,GBP
105228,224,2025-11-21,2026-02-19,7132.00,GBP
105229,224,2025-12-08,2026-03-08,3141.73,GBP
105230,224,2026-02-10,2026-05-11,3211.40,GBP
105231,224,2026-03-19,2026-06-17,5126.18,EUR
105232,224,2026-03-18,2026-06-16,3476.39,GBP
105233,224,2026-03-23,2026-06-21,13812.49,GBP
105234,224,2026-03-21,2026-06-19,9045.17,GBP
105235,224,2026-03-01,2026-05-30,3151.89,EUR
105236,224,2026-04-27,2026-07-26,10425.72,GBP
105237,224,2026-05-27,2026-08-25,4523.94,GBP
105238,224,2026-05-05,2026-08-03,5431.73,GBP
105239,224,2026-06-21,2026-09-19,7576.70,GBP
105240,224,2026-06-19,2026-09-17,9830.34,EUR
105241,224,2026-07-14,2026-10-12,6211.49,GBP
105242,224,2026-08-17,2026-11-15,7331.16,EUR
105243,225,2024-10-07,2024-11-06,1092.42,EUR
105244,225,2025-03-18,2025-04-17,642.96,GBP
105245,225,2025-06-02,2025-07-02,3277.16,EUR
105246,225,2025-07-27,2025-08-26,1739.42,GBP
105247,225,2025-12-26,2026-01-25,1119.99,EUR
105248,225,2026-01-24,2026-02-23,2470.49,EUR
105249,225,2026-02-09,2026-03-11,3578.53,GBP
105250,225,2026-06-09,2026-07-09,733.09,EUR
105251,225,2026-09-23,2026-10-23,3765.78,GBP
105252,226,2025-01-22,2025-03-23,1194.83,GBP
105253,226,2025-03-21,2025-05-20,1378.95,GBP
105254,226,2025-04-20,2025-06-19,1751.39,GBP
105255,226,2025-05-25,2025-07-24,1142.95,GBP
105256,226,2025-09-04,2025-11-03,1310.53,GBP
105257,226,2026-01-24,2026-03-25,995.48,GBP
105258,226,2026-06-20,2026-08-19,2403.67,GBP
105259,226,2026-08-02,2026-10-01,1495.91,GBP
105260,227,2024-10-31,2024-12-15,8704.77,GBP
105261,227,2024-10-09,2024-11-23,2876.91,GBP
105262,227,2024-11-03,2024-12-18,7081.17,EUR
105263,227,2024-11-07,2024-12-22,5433.19,EUR
105264,227,2024-11-29,2025-01-13,8287.01,GBP
105265,227,2024-12-15,2025-01-29,6793.92,GBP
105266,227,2025-01-09,2025-02-23,6170.37,EUR
105267,227,2025-01-22,2025-03-08,3806.84,GBP
105268,227,2025-03-23,2025-05-07,4828.48,EUR
105269,227,2025-03-01,2025-04-15,5529.81,EUR
105270,227,2025-03-22,2025-05-06,2119.94,GBP
105271,227,2025-04-18,2025-06-02,12297.85,GBP
105272,227,2025-04-09,2025-05-24,9076.58,EUR
105273,227,2025-05-01,2025-06-15,7835.60,GBP
105274,227,2025-05-17,2025-07-01,9164.41,EUR
105275,227,2025-06-14,2025-07-29,8255.39,GBP
105276,227,2025-06-15,2025-07-30,3482.66,GBP
105277,227,2025-06-07,2025-07-22,11539.76,EUR
105278,227,2025-08-14,2025-09-28,6804.18,GBP
105279,227,2025-09-14,2025-10-29,6594.88,EUR
105280,227,2025-09-25,2025-11-09,4619.03,EUR
105281,227,2025-10-13,2025-11-27,4379.71,EUR
105282,227,2025-10-17,2025-12-01,3499.91,EUR
105283,227,2025-12-09,2026-01-23,5973.12,GBP
105284,227,2026-02-19,2026-04-05,6385.61,EUR
105285,227,2026-02-11,2026-03-28,6383.33,EUR
105286,227,2026-02-18,2026-04-04,11305.93,EUR
105287,227,2026-03-02,2026-04-16,3750.94,EUR
105288,227,2026-04-20,2026-06-04,10627.27,GBP
105289,227,2026-04-01,2026-05-16,9925.88,GBP
105290,227,2026-04-19,2026-06-03,7414.57,GBP
105291,227,2026-08-12,2026-09-26,5406.95,EUR
105292,227,2026-09-06,2026-10-21,6003.72,GBP
105293,228,2024-10-05,2024-11-04,3840.46,GBP
105294,228,2024-11-12,2024-12-12,3623.33,GBP
105295,228,2024-11-22,2024-12-22,3098.29,GBP
105296,228,2024-12-16,2025-01-15,1880.62,GBP
105297,228,2025-02-08,2025-03-10,8069.91,GBP
105298,228,2025-03-21,2025-04-20,4193.73,GBP
105299,228,2025-03-11,2025-04-10,11552.73,GBP
105300,228,2025-04-16,2025-05-16,8126.79,GBP
105301,228,2025-04-13,2025-05-13,4976.07,GBP
105302,228,2025-04-27,2025-05-27,8056.41,GBP
105303,228,2025-05-13,2025-06-12,8899.85,GBP
105304,228,2025-07-11,2025-08-10,5197.06,GBP
105305,228,2025-09-19,2025-10-19,10988.61,GBP
105306,228,2025-10-22,2025-11-21,7012.71,GBP
105307,228,2025-11-17,2025-12-17,4882.22,GBP
105308,228,2025-11-29,2025-12-29,10294.48,GBP
105309,228,2025-12-14,2026-01-13,1704.49,GBP
105310,228,2025-12-01,2025-12-31,6132.29,GBP
105311,228,2026-02-03,2026-03-05,11935.12,GBP
105312,228,2026-03-13,2026-04-12,5233.61,GBP
105313,228,2026-03-16,2026-04-15,7111.08,GBP
105314,228,2026-03-03,2026-04-02,18837.32,GBP
105315,228,2026-04-14,2026-05-14,9876.22,GBP
105316,228,2026-05-13,2026-06-12,7391.65,GBP
105317,228,2026-05-27,2026-06-26,6201.31,GBP
105318,228,2026-06-15,2026-07-15,3507.23,GBP
105319,228,2026-07-13,2026-08-12,18550.64,GBP
105320,228,2026-07-30,2026-08-29,6478.93,GBP
105321,228,2026-09-12,2026-10-12,13638.72,GBP
105322,229,2024-10-13,2024-11-27,26254.78,GBP
105323,229,2024-10-18,2024-12-02,23783.45,GBP
105324,229,2024-11-09,2024-12-24,18313.13,GBP
105325,229,2024-11-09,2024-12-24,21258.56,GBP
105326,229,2024-11-21,2025-01-05,21054.70,GBP
105327,229,2024-11-09,2024-12-24,21669.75,GBP
105328,229,2024-11-07,2024-12-22,37502.35,GBP
105329,229,2024-11-22,2025-01-06,35136.23,GBP
105330,229,2024-11-27,2025-01-11,22397.91,GBP
105331,229,2024-11-09,2024-12-24,22166.68,GBP
105332,229,2024-12-24,2025-02-07,19094.36,GBP
105333,229,2024-12-28,2025-02-11,61396.55,GBP
105334,229,2024-12-10,2025-01-24,28466.66,GBP
105335,229,2024-12-15,2025-01-29,26699.70,GBP
105336,229,2024-12-01,2025-01-15,58261.26,GBP
105337,229,2024-12-02,2025-01-16,73486.06,GBP
105338,229,2025-01-22,2025-03-08,28787.11,GBP
105339,229,2025-01-08,2025-02-22,22611.51,GBP
105340,229,2025-02-28,2025-04-14,18558.84,GBP
105341,229,2025-02-21,2025-04-07,29196.60,GBP
105342,229,2025-02-15,2025-04-01,58160.68,GBP
105343,229,2025-02-03,2025-03-20,42553.26,GBP
105344,229,2025-03-15,2025-04-29,24658.36,GBP
105345,229,2025-03-01,2025-04-15,36567.54,GBP
105346,229,2025-03-08,2025-04-22,52515.02,GBP
105347,229,2025-04-12,2025-05-27,29736.03,GBP
105348,229,2025-04-15,2025-05-30,22072.64,GBP
105349,229,2025-04-22,2025-06-06,31737.40,GBP
105350,229,2025-04-20,2025-06-04,20734.79,GBP
105351,229,2025-04-06,2025-05-21,20941.06,GBP
105352,229,2025-05-17,2025-07-01,24608.48,GBP
105353,229,2025-05-25,2025-07-09,10029.55,GBP
105354,229,2025-05-11,2025-06-25,23777.44,GBP
105355,229,2025-05-03,2025-06-17,16776.49,GBP
105356,229,2025-05-03,2025-06-17,33876.76,GBP
105357,229,2025-06-27,2025-08-11,21207.48,GBP
105358,229,2025-06-15,2025-07-30,33765.82,GBP
105359,229,2025-07-12,2025-08-26,16493.65,GBP
105360,229,2025-07-17,2025-08-31,27615.20,GBP
105361,229,2025-08-18,2025-10-02,14105.89,GBP
105362,229,2025-08-11,2025-09-25,37028.98,GBP
105363,229,2025-08-30,2025-10-14,17261.76,GBP
105364,229,2025-08-11,2025-09-25,26747.22,GBP
105365,229,2025-08-30,2025-10-14,41710.30,GBP
105366,229,2025-08-04,2025-09-18,28772.27,GBP
105367,229,2025-08-20,2025-10-04,43355.75,GBP
105368,229,2025-09-11,2025-10-26,20056.58,GBP
105369,229,2025-09-10,2025-10-25,29610.43,GBP
105370,229,2025-09-22,2025-11-06,25388.90,GBP
105371,229,2025-10-20,2025-12-04,13636.22,GBP
105372,229,2025-10-05,2025-11-19,17407.33,GBP
105373,229,2025-10-02,2025-11-16,44800.11,GBP
105374,229,2025-10-15,2025-11-29,47007.14,GBP
105375,229,2025-10-03,2025-11-17,17448.07,GBP
105376,229,2025-10-08,2025-11-22,32627.23,GBP
105377,229,2025-10-23,2025-12-07,19539.21,GBP
105378,229,2025-11-06,2025-12-21,29074.01,GBP
105379,229,2025-11-20,2026-01-04,18239.59,GBP
105380,229,2025-11-14,2025-12-29,47366.82,GBP
105381,229,2025-11-14,2025-12-29,47312.69,GBP
105382,229,2025-12-04,2026-01-18,38319.92,GBP
105383,229,2025-12-15,2026-01-29,17468.82,GBP
105384,229,2026-01-25,2026-03-11,28945.41,GBP
105385,229,2026-01-02,2026-02-16,39535.63,GBP
105386,229,2026-01-17,2026-03-03,31466.18,GBP
105387,229,2026-02-27,2026-04-13,31246.90,GBP
105388,229,2026-02-03,2026-03-20,31523.52,GBP
105389,229,2026-02-07,2026-03-24,37830.76,GBP
105390,229,2026-02-07,2026-03-24,31955.94,GBP
105391,229,2026-03-13,2026-04-27,26963.06,GBP
105392,229,2026-03-23,2026-05-07,34357.68,GBP
105393,229,2026-04-17,2026-06-01,20981.03,GBP
105394,229,2026-04-16,2026-05-31,49320.96,GBP
105395,229,2026-05-28,2026-07-12,19260.68,GBP
105396,229,2026-08-22,2026-10-06,36587.68,GBP
105397,229,2026-08-10,2026-09-24,63788.79,GBP
105398,229,2026-09-13,2026-10-28,15411.18,GBP
105399,229,2026-09-11,2026-10-26,24410.99,GBP
105400,229,2026-09-28,2026-11-12,22607.70,GBP
105401,229,2026-09-12,2026-10-27,37069.13,GBP
105402,229,2026-09-13,2026-10-28,46890.53,GBP
105403,229,2026-09-18,2026-11-02,27626.91,GBP
105404,229,2026-09-17,2026-11-01,21037.52,GBP
105405,229,2026-09-16,2026-10-31,19726.72,GBP
105406,229,2026-09-01,2026-10-16,23135.33,GBP
105407,230,2024-10-09,2024-11-08,6161.40,GBP
105408,230,2024-10-29,2024-11-28,4864.31,GBP
105409,230,2024-11-29,2024-12-29,5635.41,GBP
105410,230,2024-12-01,2024-12-31,7866.35,GBP
105411,230,2024-12-01,2024-12-31,4597.98,GBP
105412,230,2025-02-26,2025-03-28,5895.91,GBP
105413,230,2025-04-19,2025-05-19,5861.22,GBP
105414,230,2025-06-24,2025-07-24,6394.16,GBP
105415,230,2025-06-17,2025-07-17,6929.03,GBP
105416,230,2025-09-02,2025-10-02,7058.46,GBP
105417,230,2025-09-22,2025-10-22,8110.53,GBP
105418,230,2025-09-07,2025-10-07,3974.11,GBP
105419,230,2025-10-31,2025-11-30,5469.30,GBP
105420,230,2025-11-15,2025-12-15,5784.78,GBP
105421,230,2025-11-05,2025-12-05,10322.10,GBP
105422,230,2025-12-15,2026-01-14,4598.23,GBP
105423,230,2026-02-06,2026-03-08,9719.18,GBP
105424,230,2026-02-28,2026-03-30,6552.61,GBP
105425,230,2026-04-19,2026-05-19,6055.13,GBP
105426,230,2026-06-29,2026-07-29,4136.34,GBP
105427,230,2026-08-18,2026-09-17,3766.65,GBP
105428,230,2026-08-12,2026-09-11,1605.42,GBP
105429,230,2026-08-30,2026-09-29,6741.71,GBP
105430,230,2026-09-30,2026-10-30,4546.06,GBP
105431,230,2026-09-10,2026-10-10,6435.83,GBP
105432,231,2024-10-14,2025-01-12,11443.38,GBP
105433,231,2024-10-29,2025-01-27,2964.00,GBP
105434,231,2024-11-24,2025-02-22,8457.41,GBP
105435,231,2024-11-08,2025-02-06,8926.41,GBP
105436,231,2024-12-20,2025-03-20,5664.04,GBP
105437,231,2025-02-24,2025-05-25,11463.42,GBP
105438,231,2025-02-17,2025-05-18,3106.13,GBP
105439,231,2025-02-07,2025-05-08,5675.42,GBP
105440,231,2025-02-03,2025-05-04,6306.49,GBP
105441,231,2025-03-17,2025-06-15,5481.11,GBP
105442,231,2025-03-23,2025-06-21,3788.74,GBP
105443,231,2025-03-16,2025-06-14,6893.90,GBP
105444,231,2025-04-12,2025-07-11,5127.24,GBP
105445,231,2025-04-29,2025-07-28,7531.13,GBP
105446,231,2025-05-12,2025-08-10,7438.50,GBP
105447,231,2025-05-18,2025-08-16,4354.07,GBP
105448,231,2025-05-01,2025-07-30,4784.64,GBP
105449,231,2025-09-14,2025-12-13,8309.37,GBP
105450,231,2025-10-05,2026-01-03,11402.07,GBP
105451,231,2025-12-25,2026-03-25,18829.49,GBP
105452,231,2026-01-04,2026-04-04,9609.39,GBP
105453,231,2026-02-24,2026-05-25,12644.60,GBP
105454,231,2026-03-09,2026-06-07,11351.00,GBP
105455,231,2026-03-04,2026-06-02,21490.56,GBP
105456,231,2026-03-23,2026-06-21,5566.78,GBP
105457,231,2026-05-24,2026-08-22,9709.66,GBP
105458,231,2026-05-15,2026-08-13,1488.99,GBP
105459,231,2026-06-19,2026-09-17,4192.67,GBP
105460,231,2026-08-21,2026-11-19,6380.33,GBP
105461,231,2026-09-17,2026-12-16,6988.30,GBP
105462,231,2026-09-15,2026-12-14,5047.02,GBP
105463,232,2025-05-24,2025-07-23,2694.99,GBP
105464,232,2025-07-24,2025-09-22,1045.04,GBP
105465,232,2025-08-12,2025-10-11,934.83,GBP
105466,232,2025-09-11,2025-11-10,1966.91,GBP
105467,232,2025-11-15,2026-01-14,1214.09,GBP
105468,232,2025-12-09,2026-02-07,815.49,GBP
105469,232,2026-09-18,2026-11-17,1487.20,GBP
105470,233,2024-12-15,2025-02-13,913.18,GBP
105471,233,2025-01-04,2025-03-05,426.84,GBP
105472,233,2025-01-13,2025-03-14,994.61,GBP
105473,233,2025-04-08,2025-06-07,2715.49,GBP
105474,233,2025-07-28,2025-09-26,1017.96,GBP
105475,233,2025-12-03,2026-02-01,659.56,GBP
105476,233,2026-01-06,2026-03-07,1432.76,GBP
105477,233,2026-03-25,2026-05-24,1402.71,GBP
105478,233,2026-04-27,2026-06-26,405.19,GBP
105479,233,2026-05-25,2026-07-24,940.59,GBP
105480,233,2026-06-28,2026-08-27,680.93,GBP
105481,233,2026-08-31,2026-10-30,749.65,GBP
105482,233,2026-09-19,2026-11-18,4235.01,GBP
105483,234,2024-10-13,2024-11-27,977.66,GBP
105484,234,2025-06-25,2025-08-09,2164.41,GBP
105485,234,2025-07-27,2025-09-10,651.89,GBP
105486,234,2025-08-17,2025-10-01,390.67,GBP
105487,234,2026-01-06,2026-02-20,1643.16,GBP
105488,234,2026-07-06,2026-08-20,2154.56,GBP
105489,234,2026-08-03,2026-09-17,2771.57,GBP
105490,234,2026-09-08,2026-10-23,2134.90,GBP
105491,235,2024-10-17,2024-11-16,7498.04,GBP
105492,235,2024-11-05,2024-12-05,10978.04,GBP
105493,235,2024-11-29,2024-12-29,3978.12,GBP
105494,235,2024-11-18,2024-12-18,4471.71,GBP
105495,235,2025-02-02,2025-03-04,2903.59,GBP
105496,235,2025-03-02,2025-04-01,5416.49,EUR
105497,235,2025-03-18,2025-04-17,4921.57,GBP
105498,235,2025-04-04,2025-05-04,12110.98,EUR
105499,235,2025-06-06,2025-07-06,3472.17,GBP
105500,235,2025-06-23,2025-07-23,5757.73,GBP
105501,235,2025-06-13,2025-07-13,8086.89,GBP
105502,235,2025-07-30,2025-08-29,9971.58,GBP
105503,235,2025-08-28,2025-09-27,3955.97,GBP
105504,235,2025-09-19,2025-10-19,4728.93,EUR
105505,235,2025-10-02,2025-11-01,13679.35,GBP
105506,235,2025-10-02,2025-11-01,3778.64,GBP
105507,235,2025-10-02,2025-11-01,5899.01,EUR
105508,235,2025-10-17,2025-11-16,3009.34,GBP
105509,235,2025-10-31,2025-11-30,5473.53,EUR
105510,235,2025-11-22,2025-12-22,3806.94,GBP
105511,235,2025-12-22,2026-01-21,3449.46,GBP
105512,235,2026-02-12,2026-03-14,7638.64,GBP
105513,235,2026-03-20,2026-04-19,18213.14,EUR
105514,235,2026-03-13,2026-04-12,7513.00,EUR
105515,235,2026-04-24,2026-05-24,6038.19,GBP
105516,235,2026-05-23,2026-06-22,6770.49,EUR
105517,235,2026-05-05,2026-06-04,5470.14,GBP
105518,235,2026-05-06,2026-06-05,4053.03,EUR
105519,235,2026-08-20,2026-09-19,3944.89,GBP
105520,236,2024-10-30,2025-01-28,37197.93,GBP
105521,236,2024-10-08,2025-01-06,25022.84,GBP
105522,236,2024-10-17,2025-01-15,28666.00,GBP
105523,236,2024-11-29,2025-02-27,24382.95,GBP
105524,236,2024-11-10,2025-02-08,14584.48,GBP
105525,236,2024-11-01,2025-01-30,29304.63,GBP
105526,236,2024-12-09,2025-03-09,82514.14,GBP
105527,236,2024-12-30,2025-03-30,13407.82,GBP
105528,236,2025-01-19,2025-04-19,36269.84,GBP
105529,236,2025-02-08,2025-05-09,24321.29,GBP
105530,236,2025-02-05,2025-05-06,16416.28,GBP
105531,236,2025-02-21,2025-05-22,34629.32,GBP
105532,236,2025-03-31,2025-06-29,25729.25,GBP
105533,236,2025-03-21,2025-06-19,22828.75,GBP
105534,236,2025-03-31,2025-06-29,26685.82,GBP
105535,236,2025-03-26,2025-06-24,43044.11,GBP
105536,236,2025-03-07,2025-06-05,43343.49,GBP
105537,236,2025-03-17,2025-06-15,16661.14,GBP
105538,236,2025-03-09,2025-06-07,19799.94,GBP
105539,236,2025-04-02,2025-07-01,51019.84,GBP
105540,236,2025-04-22,2025-07-21,13830.57,GBP
105541,236,2025-04-17,2025-07-16,36986.36,GBP
105542,236,2025-04-27,2025-07-26,32903.31,GBP
105543,236,2025-04-15,2025-07-14,17080.85,GBP
105544,236,2025-05-31,2025-08-29,17012.75,GBP
105545,236,2025-06-24,2025-09-22,47205.02,GBP
105546,236,2025-06-12,2025-09-10,31223.25,GBP
105547,236,2025-06-07,2025-09-05,32918.05,GBP
105548,236,2025-06-23,2025-09-21,73426.91,GBP
105549,236,2025-07-28,2025-10-26,28033.90,GBP
105550,236,2025-07-04,2025-10-02,53470.66,GBP
105551,236,2025-07-15,2025-10-13,17229.02,GBP
105552,236,2025-07-01,2025-09-29,74607.13,GBP
105553,236,2025-08-07,2025-11-05,38791.81,GBP
105554,236,2025-08-17,2025-11-15,23141.13,GBP
105555,236,2025-09-19,2025-12-18,29799.45,GBP
105556,236,2025-09-27,2025-12-26,34748.81,GBP
105557,236,2025-09-20,2025-12-19,27151.76,GBP
105558,236,2025-09-01,2025-11-30,15451.48,GBP
105559,236,2025-09-13,2025-12-12,35632.89,GBP
105560,236,2025-09-29,2025-12-28,30759.92,GBP
105561,236,2025-09-08,2025-12-07,17824.58,GBP
105562,236,2025-10-25,2026-01-23,42006.50,GBP
105563,236,2025-10-17,2026-01-15,34557.89,GBP
105564,236,2025-10-28,2026-01-26,39081.78,GBP
105565,236,2025-10-01,2025-12-30,59574.44,GBP
105566,236,2025-11-19,2026-02-17,43658.52,GBP
105567,236,2025-11-29,2026-02-27,34791.56,GBP
105568,236,2025-12-10,2026-03-10,35201.28,GBP
105569,236,2026-03-15,2026-06-13,33290.19,GBP
105570,236,2026-03-31,2026-06-29,29549.68,GBP
105571,236,2026-04-07,2026-07-06,15832.90,GBP
105572,236,2026-04-15,2026-07-14,42032.19,GBP
105573,236,2026-05-20,2026-08-18,52244.68,GBP
105574,236,2026-06-08,2026-09-06,18683.72,GBP
105575,236,2026-07-03,2026-10-01,48449.64,GBP
105576,236,2026-07-13,2026-10-11,23334.11,GBP
105577,236,2026-09-09,2026-12-08,16789.43,GBP
105578,236,2026-09-14,2026-12-13,33102.72,GBP
105579,236,2026-09-11,2026-12-10,22345.36,GBP
105580,236,2026-09-17,2026-12-16,25982.15,GBP
105581,236,2026-09-06,2026-12-05,19463.04,GBP
105582,237,2024-10-13,2024-11-12,2583.30,GBP
105583,237,2024-12-24,2025-01-23,1392.20,GBP
105584,237,2024-12-23,2025-01-22,1168.80,GBP
105585,237,2025-02-03,2025-03-05,852.11,GBP
105586,237,2025-05-05,2025-06-04,2131.20,GBP
105587,237,2025-09-03,2025-10-03,1262.82,GBP
105588,237,2025-09-08,2025-10-08,1489.91,GBP
105589,237,2025-10-01,2025-10-31,1388.10,GBP
105590,237,2025-11-26,2025-12-26,441.27,GBP
105591,237,2025-11-09,2025-12-09,3056.92,GBP
105592,237,2026-04-08,2026-05-08,1425.36,GBP
105593,237,2026-06-23,2026-07-23,3620.26,GBP
105594,237,2026-07-15,2026-08-14,2027.35,GBP
105595,238,2024-11-16,2024-12-16,983.13,GBP
105596,238,2025-01-19,2025-02-18,935.45,EUR
105597,238,2025-02-09,2025-03-11,2591.10,EUR
105598,238,2025-08-06,2025-09-05,1816.24,EUR
105599,238,2025-10-27,2025-11-26,1075.87,EUR
105600,238,2025-12-05,2026-01-04,4777.54,GBP
105601,238,2026-05-26,2026-06-25,1775.59,EUR
105602,238,2026-06-05,2026-07-05,580.98,EUR
105603,239,2024-10-22,2024-11-21,1638.81,GBP
105604,239,2024-11-15,2024-12-15,936.84,GBP
105605,239,2024-12-01,2024-12-31,980.75,GBP
105606,239,2025-05-19,2025-06-18,1432.94,GBP
105607,239,2025-06-03,2025-07-03,859.15,GBP
105608,239,2025-08-10,2025-09-09,375.61,GBP
105609,239,2025-11-04,2025-12-04,1535.12,GBP
105610,239,2026-01-03,2026-02-02,1557.78,GBP
105611,239,2026-03-31,2026-04-30,829.25,GBP
105612,239,2026-05-18,2026-06-17,1761.50,GBP
105613,239,2026-09-21,2026-10-21,982.65,GBP
105614,240,2024-10-09,2024-12-08,747.22,GBP
105615,240,2025-06-11,2025-08-10,2562.03,EUR
105616,240,2025-09-07,2025-11-06,1337.62,EUR
105617,241,2025-01-09,2025-03-10,498.33,GBP
105618,241,2025-03-03,2025-05-02,2315.66,GBP
105619,241,2025-06-29,2025-08-28,1894.45,GBP
105620,241,2025-11-17,2026-01-16,1269.68,GBP
105621,242,2024-10-25,2024-12-24,1280.82,EUR
105622,242,2024-12-01,2025-01-30,1375.57,GBP
105623,242,2025-11-18,2026-01-17,583.45,EUR
105624,242,2025-11-12,2026-01-11,1717.46,EUR
105625,242,2026-05-19,2026-07-18,1802.50,EUR
105626,242,2026-05-14,2026-07-13,1539.11,EUR
105627,242,2026-06-08,2026-08-07,1271.91,EUR
105628,242,2026-07-04,2026-09-02,462.32,GBP
105629,243,2024-10-13,2024-12-12,37478.37,GBP
105630,243,2024-10-16,2024-12-15,29330.39,GBP
105631,243,2024-10-20,2024-12-19,19455.72,GBP
105632,243,2024-10-10,2024-12-09,38573.78,GBP
105633,243,2024-11-23,2025-01-22,39546.57,GBP
105634,243,2024-11-23,2025-01-22,28255.05,GBP
105635,243,2024-11-18,2025-01-17,34779.08,GBP
105636,243,2024-11-27,2025-01-26,44612.98,GBP
105637,243,2024-12-21,2025-02-19,31814.19,GBP
105638,243,2024-12-14,2025-02-12,66394.15,GBP
105639,243,2024-12-28,2025-02-26,17745.86,GBP
105640,243,2024-12-04,2025-02-02,28173.37,GBP
105641,243,2025-01-11,2025-03-12,25380.19,GBP
105642,243,2025-01-26,2025-03-27,28763.86,GBP
105643,243,2025-01-30,2025-03-31,34116.04,GBP
105644,243,2025-01-21,2025-03-22,13214.63,GBP
105645,243,2025-01-06,2025-03-07,23431.25,GBP
105646,243,2025-01-22,2025-03-23,19007.48,GBP
105647,243,2025-02-28,2025-04-29,20934.46,GBP
105648,243,2025-02-07,2025-04-08,41075.72,GBP
105649,243,2025-02-07,2025-04-08,48398.46,GBP
105650,243,2025-03-07,2025-05-06,22135.83,GBP
105651,243,2025-04-23,2025-06-22,35757.61,GBP
105652,243,2025-04-10,2025-06-09,18434.60,GBP
105653,243,2025-04-18,2025-06-17,25538.28,GBP
105654,243,2025-05-20,2025-07-19,16855.85,GBP
105655,243,2025-05-08,2025-07-07,26205.12,GBP
105656,243,2025-05-18,2025-07-17,65056.82,GBP
105657,243,2025-05-15,2025-07-14,12837.51,GBP
105658,243,2025-05-29,2025-07-28,14899.58,GBP
105659,243,2025-06-09,2025-08-08,19526.85,GBP
105660,243,2025-06-05,2025-08-04,29792.21,GBP
105661,243,2025-06-10,2025-08-09,51377.76,GBP
105662,243,2025-06-19,2025-08-18,17635.64,GBP
105663,243,2025-07-06,2025-09-04,27818.57,GBP
105664,243,2025-07-20,2025-09-18,19346.59,GBP
105665,243,2025-07-01,2025-08-30,14226.44,GBP
105666,243,2025-08-21,2025-10-20,64405.14,GBP
105667,243,2025-08-20,2025-10-19,42044.77,GBP
105668,243,2025-09-24,2025-11-23,36934.55,GBP
105669,243,2025-09-28,2025-11-27,26159.62,GBP
105670,243,2025-09-10,2025-11-09,45746.47,GBP
105671,243,2025-09-21,2025-11-20,23932.45,GBP
105672,243,2025-10-09,2025-12-08,28344.79,GBP
105673,243,2025-10-04,2025-12-03,19100.84,GBP
105674,243,2025-10-09,2025-12-08,67377.72,GBP
105675,243,2025-10-19,2025-12-18,15376.03,GBP
105676,243,2025-10-16,2025-12-15,84618.71,GBP
105677,243,2025-10-28,2025-12-27,40112.11,GBP
105678,243,2025-10-13,2025-12-12,59674.61,GBP
105679,243,2025-11-16,2026-01-15,23421.11,GBP
105680,243,2025-11-16,2026-01-15,35134.18,GBP
105681,243,2025-11-02,2026-01-01,40476.31,GBP
105682,243,2025-11-25,2026-01-24,37338.59,GBP
105683,243,2025-11-14,2026-01-13,44965.16,GBP
105684,243,2025-12-12,2026-02-10,69311.67,GBP
105685,243,2025-12-07,2026-02-05,41985.67,GBP
105686,243,2025-12-03,2026-02-01,28083.29,GBP
105687,243,2026-01-02,2026-03-03,47184.76,GBP
105688,243,2026-01-31,2026-04-01,62647.70,GBP
105689,243,2026-01-05,2026-03-06,43974.22,GBP
105690,243,2026-02-01,2026-04-02,51076.38,GBP
105691,243,2026-03-24,2026-05-23,26261.37,GBP
105692,243,2026-03-07,2026-05-06,66071.33,GBP
105693,243,2026-03-20,2026-05-19,34118.17,GBP
105694,243,2026-03-19,2026-05-18,14543.73,GBP
105695,243,2026-04-20,2026-06-19,10115.09,GBP
105696,243,2026-04-07,2026-06-06,30188.78,GBP
105697,243,2026-04-17,2026-06-16,24242.23,GBP
105698,243,2026-05-19,2026-07-18,27158.05,GBP
105699,243,2026-05-07,2026-07-06,30439.79,GBP
105700,243,2026-06-10,2026-08-09,23958.31,GBP
105701,243,2026-07-23,2026-09-21,24743.01,GBP
105702,243,2026-07-28,2026-09-26,28376.17,GBP
105703,243,2026-07-05,2026-09-03,22356.10,GBP
105704,243,2026-07-29,2026-09-27,23408.15,GBP
105705,243,2026-08-08,2026-10-07,21685.21,GBP
105706,243,2026-08-12,2026-10-11,31960.66,GBP
105707,243,2026-08-01,2026-09-30,24844.03,GBP
105708,243,2026-08-11,2026-10-10,17898.71,GBP
105709,243,2026-09-26,2026-11-25,53782.04,GBP
105710,244,2024-10-25,2024-11-24,667.87,GBP
105711,244,2025-02-19,2025-03-21,1369.36,GBP
105712,244,2025-02-06,2025-03-08,3827.05,GBP
105713,244,2025-04-08,2025-05-08,776.53,GBP
105714,244,2025-05-28,2025-06-27,871.28,GBP
105715,244,2025-06-30,2025-07-30,1205.32,GBP
105716,244,2025-07-28,2025-08-27,922.13,GBP
105717,244,2025-07-11,2025-08-10,953.40,GBP
105718,244,2025-10-22,2025-11-21,784.70,GBP
105719,244,2025-11-18,2025-12-18,350.84,GBP
105720,244,2025-11-04,2025-12-04,2459.34,GBP
105721,244,2026-01-04,2026-02-03,1481.79,GBP
105722,244,2026-05-09,2026-06-08,1455.59,GBP
105723,244,2026-05-15,2026-06-14,1174.15,GBP
105724,245,2024-11-12,2025-02-10,18661.64,GBP
105725,245,2024-11-21,2025-02-19,3211.89,EUR
105726,245,2024-11-04,2025-02-02,4348.75,GBP
105727,245,2024-11-10,2025-02-08,11644.55,GBP
105728,245,2024-11-24,2025-02-22,5859.43,EUR
105729,245,2024-12-24,2025-03-24,10012.73,EUR
105730,245,2024-12-05,2025-03-05,7331.82,GBP
105731,245,2024-12-01,2025-03-01,11553.06,EUR
105732,245,2025-03-30,2025-06-28,1894.83,EUR
105733,245,2025-03-13,2025-06-11,6314.12,EUR
105734,245,2025-05-02,2025-07-31,4716.43,EUR
105735,245,2025-06-05,2025-09-03,4675.89,GBP
105736,245,2025-06-10,2025-09-08,4298.08,GBP
105737,245,2025-08-20,2025-11-18,4518.76,EUR
105738,245,2025-09-11,2025-12-10,8105.38,GBP
105739,245,2025-09-29,2025-12-28,13047.64,EUR
105740,245,2025-10-09,2026-01-07,13407.17,EUR
105741,245,2025-10-17,2026-01-15,6369.47,EUR
105742,245,2025-10-23,2026-01-21,9028.22,EUR
105743,245,2025-11-30,2026-02-28,14039.81,EUR
105744,245,2025-11-01,2026-01-30,5672.44,EUR
105745,245,2025-12-13,2026-03-13,10183.84,EUR
105746,245,2026-01-13,2026-04-13,5965.75,EUR
105747,245,2026-01-06,2026-04-06,11280.22,EUR
105748,245,2026-02-15,2026-05-16,11858.04,GBP
105749,245,2026-02-14,2026-05-15,10158.65,GBP
105750,245,2026-03-25,2026-06-23,5466.10,EUR
105751,245,2026-05-16,2026-08-14,4161.43,EUR
105752,245,2026-06-07,2026-09-05,7662.16,EUR
105753,245,2026-06-07,2026-09-05,4950.30,GBP
105754,245,2026-09-21,2026-12-20,7394.17,EUR
105755,246,2024-10-17,2024-11-16,5237.96,EUR
105756,246,2024-10-17,2024-11-16,8226.70,GBP
105757,246,2024-10-31,2024-11-30,6395.50,GBP
105758,246,2024-11-22,2024-12-22,5139.64,EUR
105759,246,2024-11-23,2024-12-23,19784.84,EUR
105760,246,2024-12-05,2025-01-04,15016.45,EUR
105761,246,2025-02-18,2025-03-20,2685.08,EUR
105762,246,2025-02-17,2025-03-19,10054.34,GBP
105763,246,2025-03-20,2025-04-19,20989.64,EUR
105764,246,2025-03-14,2025-04-13,4628.23,GBP
105765,246,2025-04-24,2025-05-24,11846.71,GBP
105766,246,2025-04-17,2025-05-17,5447.85,EUR
105767,246,2025-05-28,2025-06-27,7610.29,EUR
105768,246,2025-07-20,2025-08-19,5491.36,EUR
105769,246,2025-08-11,2025-09-10,6369.65,GBP
105770,246,2025-08-08,2025-09-07,12739.54,GBP
105771,246,2025-10-13,2025-11-12,7010.20,GBP
105772,246,2025-11-13,2025-12-13,13794.45,GBP
105773,246,2025-11-27,2025-12-27,5193.29,GBP
105774,246,2026-03-21,2026-04-20,6621.65,GBP
105775,246,2026-03-20,2026-04-19,11455.29,EUR
105776,246,2026-06-23,2026-07-23,11059.19,GBP
105777,246,2026-08-30,2026-09-29,6254.38,EUR
105778,246,2026-08-24,2026-09-23,6156.14,EUR
105779,246,2026-08-18,2026-09-17,20074.94,EUR
105780,246,2026-09-09,2026-10-09,8536.99,EUR
105781,246,2026-09-20,2026-10-20,3912.03,EUR
105782,246,2026-09-06,2026-10-06,8611.40,EUR
105783,247,2025-02-10,2025-04-11,2975.46,GBP
105784,247,2025-10-03,2025-12-02,1052.32,GBP
105785,247,2025-10-11,2025-12-10,497.41,GBP
105786,247,2026-01-29,2026-03-30,650.05,GBP
105787,247,2026-03-06,2026-05-05,789.97,GBP
105788,247,2026-09-20,2026-11-19,2142.39,GBP
105789,248,2024-11-16,2024-12-16,1452.72,EUR
105790,248,2025-01-18,2025-02-17,1811.98,EUR
105791,248,2025-07-17,2025-08-16,2110.54,EUR
105792,248,2025-11-30,2025-12-30,385.17,GBP
105793,248,2026-02-16,2026-03-18,336.33,GBP
105794,248,2026-03-26,2026-04-25,765.91,EUR
105795,248,2026-03-13,2026-04-12,704.97,EUR
105796,248,2026-04-22,2026-05-22,719.80,EUR
105797,248,2026-06-05,2026-07-05,1849.41,EUR
105798,248,2026-07-04,2026-08-03,4296.26,GBP
105799,249,2024-10-09,2025-01-07,8402.99,GBP
105800,249,2024-10-16,2025-01-14,9419.11,GBP
105801,249,2024-11-04,2025-02-02,5483.72,GBP
105802,249,2024-12-23,2025-03-23,11251.02,GBP
105803,249,2025-03-23,2025-06-21,4053.01,GBP
105804,249,2025-03-03,2025-06-01,1748.29,EUR
105805,249,2025-06-17,2025-09-15,3964.97,GBP
105806,249,2025-07-17,2025-10-15,10554.76,GBP
105807,249,2025-07-11,2025-10-09,6104.95,GBP
105808,249,2025-09-07,2025-12-06,14419.42,GBP
105809,249,2025-09-21,2025-12-20,4505.13,EUR
105810,249,2025-10-10,2026-01-08,3946.53,EUR
105811,249,2025-11-21,2026-02-19,6161.87,GBP
105812,249,2025-11-02,2026-01-31,9601.12,GBP
105813,249,2025-12-25,2026-03-25,2854.42,GBP
105814,249,2025-12-21,2026-03-21,5509.57,GBP
105815,249,2025-12-28,2026-03-28,4091.09,GBP
105816,249,2026-03-04,2026-06-02,8215.64,GBP
105817,249,2026-05-22,2026-08-20,26509.96,GBP
105818,249,2026-06-09,2026-09-07,12327.93,GBP
105819,249,2026-06-18,2026-09-16,2020.35,GBP
105820,249,2026-09-07,2026-12-06,3839.23,GBP
105821,250,2024-10-18,2024-11-17,2350.77,GBP
105822,250,2025-03-17,2025-04-16,1532.46,GBP
105823,250,2025-04-26,2025-05-26,2545.66,GBP
105824,250,2025-05-20,2025-06-19,417.45,GBP
105825,250,2025-07-15,2025-08-14,494.07,GBP
105826,250,2025-07-15,2025-08-14,1300.76,GBP
105827,250,2025-07-07,2025-08-06,1926.67,GBP
105828,250,2025-11-27,2025-12-27,868.64,GBP
105829,250,2025-12-28,2026-01-27,2270.28,GBP
105830,250,2026-03-13,2026-04-12,2837.30,GBP
105831,250,2026-04-22,2026-05-22,928.72,GBP
105832,250,2026-05-05,2026-06-04,652.84,GBP
105833,250,2026-07-29,2026-08-28,1491.94,GBP
105834,250,2026-09-23,2026-10-23,1274.56,GBP
105835,251,2024-10-14,2024-11-13,25190.44,GBP
105836,251,2024-10-03,2024-11-02,30101.20,GBP
105837,251,2024-10-28,2024-11-27,32786.26,GBP
105838,251,2024-11-30,2024-12-30,51362.60,GBP
105839,251,2024-11-30,2024-12-30,44311.64,GBP
105840,251,2024-12-08,2025-01-07,31810.94,GBP
105841,251,2025-01-19,2025-02-18,40443.74,GBP
105842,251,2025-01-26,2025-02-25,34245.65,GBP
105843,251,2025-02-20,2025-03-22,33549.97,GBP
105844,251,2025-02-20,2025-03-22,49387.90,GBP
105845,251,2025-02-01,2025-03-03,28596.00,GBP
105846,251,2025-02-14,2025-03-16,55042.20,GBP
105847,251,2025-02-23,2025-03-25,49249.52,GBP
105848,251,2025-02-06,2025-03-08,19469.04,GBP
105849,251,2025-03-19,2025-04-18,23729.81,GBP
105850,251,2025-03-10,2025-04-09,14930.37,GBP
105851,251,2025-03-21,2025-04-20,26540.38,GBP
105852,251,2025-03-01,2025-03-31,30320.26,GBP
105853,251,2025-04-01,2025-05-01,21928.15,GBP
105854,251,2025-04-07,2025-05-07,23439.28,GBP
105855,251,2025-04-22,2025-05-22,27640.95,GBP
105856,251,2025-05-19,2025-06-18,45384.81,GBP
105857,251,2025-06-15,2025-07-15,38676.90,GBP
105858,251,2025-06-27,2025-07-27,30469.44,GBP
105859,251,2025-06-12,2025-07-12,32724.21,GBP
105860,251,2025-07-22,2025-08-21,10223.44,GBP
105861,251,2025-08-05,2025-09-04,11484.95,GBP
105862,251,2025-09-12,2025-10-12,21999.49,GBP
105863,251,2025-09-27,2025-10-27,39057.56,GBP
105864,251,2025-09-02,2025-10-02,31412.69,GBP
105865,251,2025-10-20,2025-11-19,36428.52,GBP
105866,251,2025-10-16,2025-11-15,8167.29,GBP
105867,251,2025-10-14,2025-11-13,44725.15,GBP
105868,251,2025-10-24,2025-11-23,33352.15,GBP
105869,251,2025-10-02,2025-11-01,27240.73,GBP
105870,251,2025-11-11,2025-12-11,16336.93,GBP
105871,251,2025-11-22,2025-12-22,45913.13,GBP
105872,251,2025-11-10,2025-12-10,48896.59,GBP
105873,251,2025-11-25,2025-12-25,27540.07,GBP
105874,251,2025-11-11,2025-12-11,34877.08,GBP
105875,251,2025-11-02,2025-12-02,9061.74,GBP
105876,251,2025-11-18,2025-12-18,27504.81,GBP
105877,251,2025-11-10,2025-12-10,37401.67,GBP
105878,251,2025-12-04,2026-01-03,33107.75,GBP
105879,251,2025-12-25,2026-01-24,64878.08,GBP
105880,251,2026-01-01,2026-01-31,28577.96,GBP
105881,251,2026-01-12,2026-02-11,20946.15,GBP
105882,251,2026-01-05,2026-02-04,21903.67,GBP
105883,251,2026-01-14,2026-02-13,34090.67,GBP
105884,251,2026-02-06,2026-03-08,42230.00,GBP
105885,251,2026-02-05,2026-03-07,42012.65,GBP
105886,251,2026-02-06,2026-03-08,30594.95,GBP
105887,251,2026-04-06,2026-05-06,51741.68,GBP
105888,251,2026-04-16,2026-05-16,28831.97,GBP
105889,251,2026-04-10,2026-05-10,20372.80,GBP
105890,251,2026-04-14,2026-05-14,21983.54,GBP
105891,251,2026-05-20,2026-06-19,24328.81,GBP
105892,251,2026-05-12,2026-06-11,45376.91,GBP
105893,251,2026-05-05,2026-06-04,29031.39,GBP
105894,251,2026-05-23,2026-06-22,47381.17,GBP
105895,251,2026-06-18,2026-07-18,27515.17,GBP
105896,251,2026-06-22,2026-07-22,22521.60,GBP
105897,251,2026-06-25,2026-07-25,24789.69,GBP
105898,251,2026-07-11,2026-08-10,63709.83,GBP
105899,251,2026-08-09,2026-09-08,33554.37,GBP
105900,251,2026-08-15,2026-09-14,48302.82,GBP
105901,251,2026-08-19,2026-09-18,18449.05,GBP
105902,251,2026-08-12,2026-09-11,24879.17,GBP
105903,251,2026-08-10,2026-09-09,28885.09,GBP
105904,251,2026-09-25,2026-10-25,51257.09,GBP
105905,251,2026-09-01,2026-10-01,21503.51,GBP
105906,251,2026-09-23,2026-10-23,31686.50,GBP
105907,251,2026-09-30,2026-10-30,14371.27,GBP
105908,252,2024-11-10,2024-12-25,471.80,GBP
105909,252,2025-03-24,2025-05-08,989.44,GBP
105910,252,2026-09-25,2026-11-09,3028.49,GBP
105911,252,2026-09-04,2026-10-19,2448.91,GBP
105912,253,2024-10-01,2024-10-31,11161.96,GBP
105913,253,2024-10-19,2024-11-18,9114.06,GBP
105914,253,2024-11-28,2024-12-28,4275.79,GBP
105915,253,2024-11-05,2024-12-05,7115.71,GBP
105916,253,2024-11-16,2024-12-16,6655.65,GBP
105917,253,2025-03-09,2025-04-08,3888.76,GBP
105918,253,2025-03-09,2025-04-08,4954.41,GBP
105919,253,2025-04-08,2025-05-08,7934.57,GBP
105920,253,2025-04-05,2025-05-05,3439.07,GBP
105921,253,2025-08-22,2025-09-21,9652.42,GBP
105922,253,2025-10-23,2025-11-22,2824.05,GBP
105923,253,2025-10-04,2025-11-03,5848.43,GBP
105924,253,2025-11-10,2025-12-10,4341.96,GBP
105925,253,2025-12-08,2026-01-07,4647.96,GBP
105926,253,2026-02-18,2026-03-20,14870.51,GBP
105927,253,2026-02-01,2026-03-03,6226.64,GBP
105928,253,2026-03-16,2026-04-15,8511.96,GBP
105929,253,2026-04-27,2026-05-27,4337.46,GBP
105930,253,2026-04-01,2026-05-01,6908.33,GBP
105931,253,2026-05-31,2026-06-30,7243.54,GBP
105932,253,2026-06-05,2026-07-05,6422.99,GBP
105933,253,2026-06-26,2026-07-26,4138.23,GBP
105934,253,2026-06-05,2026-07-05,3916.49,GBP
105935,253,2026-06-15,2026-07-15,17898.35,GBP
105936,253,2026-08-20,2026-09-19,4447.57,GBP
105937,253,2026-09-22,2026-10-22,7603.50,GBP
105938,253,2026-09-07,2026-10-07,4614.21,GBP
105939,254,2024-10-28,2024-11-27,4595.31,EUR
105940,254,2024-10-22,2024-11-21,8580.70,GBP
105941,254,2024-12-01,2024-12-31,10538.58,GBP
105942,254,2025-01-22,2025-02-21,17396.10,GBP
105943,254,2025-05-16,2025-06-15,11711.00,GBP
105944,254,2025-06-04,2025-07-04,5884.25,GBP
105945,254,2025-07-07,2025-08-06,3280.70,GBP
105946,254,2025-07-01,2025-07-31,11042.04,GBP
105947,254,2025-09-07,2025-10-07,17777.95,EUR
105948,254,2025-09-06,2025-10-06,8779.15,GBP
105949,254,2025-10-13,2025-11-12,10490.75,GBP
105950,254,2025-11-08,2025-12-08,2412.32,GBP
105951,254,2026-01-26,2026-02-25,10841.64,EUR
105952,254,2026-01-01,2026-01-31,7978.56,EUR
105953,254,2026-03-13,2026-04-12,7176.39,GBP
105954,254,2026-04-09,2026-05-09,13968.57,EUR
105955,254,2026-05-26,2026-06-25,8568.92,EUR
105956,254,2026-06-10,2026-07-10,2641.14,GBP
105957,254,2026-07-24,2026-08-23,7481.42,GBP
105958,254,2026-07-15,2026-08-14,7082.92,EUR
105959,254,2026-07-06,2026-08-05,8586.41,GBP
105960,254,2026-08-08,2026-09-07,4078.37,GBP
105961,254,2026-09-01,2026-10-01,13257.83,GBP
105962,254,2026-09-03,2026-10-03,8616.51,GBP
105963,254,2026-09-16,2026-10-16,18047.64,EUR
105964,254,2026-09-18,2026-10-18,6814.47,EUR
105965,255,2024-10-11,2024-12-10,646.10,GBP
105966,255,2024-10-12,2024-12-11,1500.81,GBP
105967,255,2025-03-30,2025-05-29,1337.63,GBP
105968,255,2025-06-09,2025-08-08,390.74,GBP
105969,255,2025-09-10,2025-11-09,617.89,GBP
105970,255,2025-09-26,2025-11-25,1416.68,GBP
105971,255,2025-11-28,2026-01-27,1336.35,GBP
105972,255,2026-03-11,2026-05-10,2848.94,GBP
105973,256,2024-12-07,2025-01-06,1000.69,EUR
105974,256,2025-05-06,2025-06-05,931.01,GBP
105975,256,2025-06-21,2025-07-21,1619.88,EUR
105976,256,2025-09-05,2025-10-05,1261.63,EUR
105977,256,2025-10-01,2025-10-31,714.73,GBP
105978,257,2024-10-04,2025-01-02,18858.88,GBP
105979,257,2024-10-07,2025-01-05,18142.77,GBP
105980,257,2024-10-16,2025-01-14,17625.32,GBP
105981,257,2024-10-01,2024-12-30,26392.40,GBP
105982,257,2024-10-08,2025-01-06,11464.27,GBP
105983,257,2024-11-27,2025-02-25,25512.20,GBP
105984,257,2024-11-11,2025-02-09,43678.84,GBP
105985,257,2024-11-20,2025-02-18,24262.32,GBP
105986,257,2024-11-24,2025-02-22,13124.03,GBP
105987,257,2024-11-21,2025-02-19,15872.98,GBP
105988,257,2024-12-30,2025-03-30,30567.30,GBP
105989,257,2024-12-15,2025-03-15,20876.62,GBP
105990,257,2024-12-02,2025-03-02,36540.77,GBP
105991,257,2024-12-06,2025-03-06,17264.26,GBP
105992,257,2025-01-02,2025-04-02,31920.85,GBP
105993,257,2025-01-16,2025-04-16,30611.62,GBP
105994,257,2025-01-13,2025-04-13,80638.85,GBP
105995,257,2025-01-29,2025-04-29,18106.62,GBP
105996,257,2025-01-26,2025-04-26,24163.16,GBP
105997,257,2025-01-11,2025-04-11,21598.20,GBP
105998,257,2025-01-24,2025-04-24,33982.26,GBP
105999,257,2025-01-14,2025-04-14,39755.46,GBP
106000,257,2025-01-07,2025-04-07,44271.35,GBP
106001,257,2025-02-15,2025-05-16,87086.59,GBP
106002,257,2025-02-23,2025-05-24,22032.29,GBP
106003,257,2025-02-01,2025-05-02,14250.83,GBP
106004,257,2025-03-11,2025-06-09,52976.79,GBP
106005,257,2025-03-26,2025-06-24,27176.90,GBP
106006,257,2025-03-16,2025-06-14,18306.03,GBP
106007,257,2025-04-03,2025-07-02,31445.99,GBP
106008,257,2025-05-05,2025-08-03,29308.26,GBP
106009,257,2025-05-25,2025-08-23,24078.33,GBP
106010,257,2025-05-14,2025-08-12,33261.05,GBP
106011,257,2025-05-18,2025-08-16,16832.98,GBP
106012,257,2025-05-30,2025-08-28,22720.39,GBP
106013,257,2025-05-21,2025-08-19,49858.60,GBP
106014,257,2025-05-28,2025-08-26,49837.70,GBP
106015,257,2025-06-03,2025-09-01,33265.95,GBP
106016,257,2025-06-22,2025-09-20,33969.88,GBP
106017,257,2025-06-02,2025-08-31,45690.07,GBP
106018,257,2025-06-29,2025-09-27,12251.43,GBP
106019,257,2025-07-26,2025-10-24,23844.80,GBP
106020,257,2025-08-29,2025-11-27,34327.18,GBP
106021,257,2025-08-24,2025-11-22,19260.43,GBP
106022,257,2025-09-07,2025-12-06,36360.35,GBP
106023,257,2025-10-17,2026-01-15,55769.43,GBP
106024,257,2025-10-25,2026-01-23,19182.03,GBP
106025,257,2025-10-24,2026-01-22,18197.00,GBP
106026,257,2025-11-30,2026-02-28,40323.67,GBP
106027,257,2025-11-30,2026-02-28,39531.27,GBP
106028,257,2025-11-13,2026-02-11,29194.48,GBP
106029,257,2025-11-11,2026-02-09,30353.56,GBP
106030,257,2025-12-30,2026-03-30,20446.61,GBP
106031,257,2025-12-05,2026-03-05,20967.96,GBP
106032,257,2025-12-07,2026-03-07,50188.29,GBP
106033,257,2026-01-08,2026-04-08,29051.06,GBP
106034,257,2026-01-31,2026-05-01,21988.52,GBP
106035,257,2026-01-11,2026-04-11,21022.18,GBP
106036,257,2026-02-03,2026-05-04,56130.69,GBP
106037,257,2026-02-04,2026-05-05,36527.46,GBP
106038,257,2026-02-13,2026-05-14,25019.72,GBP
106039,257,2026-02-13,2026-05-14,29881.74,GBP
106040,257,2026-02-18,2026-05-19,32860.27,GBP
106041,257,2026-02-27,2026-05-28,23233.51,GBP
106042,257,2026-02-12,2026-05-13,42933.23,GBP
106043,257,2026-03-26,2026-06-24,26504.34,GBP
106044,257,2026-03-23,2026-06-21,35282.43,GBP
106045,257,2026-03-02,2026-05-31,23780.95,GBP
106046,257,2026-03-13,2026-06-11,39158.78,GBP
106047,257,2026-03-28,2026-06-26,26904.79,GBP
106048,257,2026-03-23,2026-06-21,32186.70,GBP
106049,257,2026-03-24,2026-06-22,26452.92,GBP
106050,257,2026-03-05,2026-06-03,30220.14,GBP
106051,257,2026-03-26,2026-06-24,42270.05,GBP
106052,257,2026-03-12,2026-06-10,40590.64,GBP
106053,257,2026-03-24,2026-06-22,18690.69,GBP
106054,257,2026-04-11,2026-07-10,33779.32,GBP
106055,257,2026-04-13,2026-07-12,12797.24,GBP
106056,257,2026-04-03,2026-07-02,25168.59,GBP
106057,257,2026-04-03,2026-07-02,16503.43,GBP
106058,257,2026-05-07,2026-08-05,38327.18,GBP
106059,257,2026-05-19,2026-08-17,20353.80,GBP
106060,257,2026-05-03,2026-08-01,42829.58,GBP
106061,257,2026-05-11,2026-08-09,28208.95,GBP
106062,257,2026-05-07,2026-08-05,37865.90,GBP
106063,257,2026-06-27,2026-09-25,34280.21,GBP
106064,257,2026-06-22,2026-09-20,31221.89,GBP
106065,257,2026-06-06,2026-09-04,32178.56,GBP
106066,257,2026-06-01,2026-08-30,17901.12,GBP
106067,257,2026-07-29,2026-10-27,26371.88,GBP
106068,257,2026-07-05,2026-10-03,49346.13,GBP
106069,257,2026-07-19,2026-10-17,41392.66,GBP
106070,257,2026-07-05,2026-10-03,23480.65,GBP
106071,257,2026-08-04,2026-11-02,29966.54,GBP
106072,257,2026-09-12,2026-12-11,24204.22,GBP
106073,258,2024-11-05,2024-12-05,2293.83,GBP
106074,258,2024-12-10,2025-01-09,4285.40,GBP
106075,258,2025-05-21,2025-06-20,381.93,GBP
106076,258,2025-06-24,2025-07-24,1202.22,GBP
106077,258,2025-10-30,2025-11-29,544.48,GBP
106078,258,2025-10-27,2025-11-26,2298.03,GBP
106079,258,2026-02-06,2026-03-08,2827.11,GBP
106080,258,2026-02-05,2026-03-07,1268.50,GBP
106081,258,2026-07-30,2026-08-29,764.16,GBP
106082,259,2024-11-07,2025-01-06,1089.10,GBP
106083,259,2025-03-22,2025-05-21,1362.29,GBP
106084,259,2025-06-24,2025-08-23,1326.12,GBP
106085,259,2026-03-17,2026-05-16,464.05,GBP
106086,260,2025-02-05,2025-03-22,859.20,GBP
106087,260,2025-03-06,2025-04-20,1205.14,GBP
106088,260,2025-05-06,2025-06-20,1618.50,GBP
106089,260,2025-05-05,2025-06-19,2460.78,GBP
106090,260,2025-07-15,2025-08-29,1186.72,GBP
106091,260,2025-10-25,2025-12-09,741.60,GBP
106092,260,2026-01-14,2026-02-28,749.17,GBP
106093,260,2026-02-26,2026-04-12,1360.40,GBP
106094,260,2026-05-24,2026-07-08,1456.19,GBP
106095,260,2026-05-24,2026-07-08,734.22,GBP
106096,260,2026-05-15,2026-06-29,917.70,GBP
106097,260,2026-06-12,2026-07-27,792.57,GBP
106098,260,2026-06-30,2026-08-14,464.99,GBP
106099,261,2025-02-18,2025-04-19,929.11,EUR
106100,261,2025-04-19,2025-06-18,1181.29,EUR
106101,261,2026-06-05,2026-08-04,1167.40,EUR
106102,261,2026-07-10,2026-09-08,584.62,GBP
106103,261,2026-08-20,2026-10-19,778.50,EUR
106104,261,2026-09-24,2026-11-23,604.53,EUR
106105,262,2024-10-01,2024-11-15,3770.21,EUR
106106,262,2024-10-31,2024-12-15,6780.51,GBP
106107,262,2024-11-25,2025-01-09,6161.12,GBP
106108,262,2024-11-09,2024-12-24,4931.83,GBP
106109,262,2024-11-28,2025-01-12,10223.98,EUR
106110,262,2024-12-12,2025-01-26,13431.94,GBP
106111,262,2024-12-04,2025-01-18,7207.38,GBP
106112,262,2025-01-28,2025-03-14,5106.98,EUR
106113,262,2025-01-11,2025-02-25,6085.70,EUR
106114,262,2025-01-08,2025-02-22,5743.00,GBP
106115,262,2025-01-15,2025-03-01,9064.64,EUR
106116,262,2025-03-10,2025-04-24,3500.23,GBP
106117,262,2025-03-10,2025-04-24,5983.50,EUR
106118,262,2025-05-19,2025-07-03,11162.46,GBP
106119,262,2025-05-20,2025-07-04,7903.06,EUR
106120,262,2025-05-17,2025-07-01,6745.96,EUR
106121,262,2025-09-09,2025-10-24,6755.12,GBP
106122,262,2025-09-23,2025-11-07,11854.72,GBP
106123,262,2025-10-04,2025-11-18,3050.54,EUR
106124,262,2025-12-25,2026-02-08,24168.16,GBP
106125,262,2026-01-13,2026-02-27,3772.35,EUR
106126,262,2026-03-27,2026-05-11,5728.57,GBP
106127,262,2026-03-16,2026-04-30,8042.43,EUR
106128,262,2026-04-24,2026-06-08,3672.15,EUR
106129,262,2026-04-29,2026-06-13,3115.74,GBP
106130,262,2026-05-07,2026-06-21,13284.22,EUR
106131,262,2026-05-17,2026-07-01,6079.62,GBP
106132,262,2026-06-24,2026-08-08,6207.07,GBP
106133,262,2026-06-26,2026-08-10,7521.01,GBP
106134,262,2026-06-26,2026-08-10,4301.16,EUR
106135,262,2026-06-18,2026-08-02,11867.16,EUR
106136,262,2026-09-23,2026-11-07,5425.37,GBP
106137,262,2026-09-07,2026-10-22,8186.92,GBP
106138,262,2026-09-17,2026-11-01,4855.34,GBP
106139,262,2026-09-10,2026-10-25,9516.56,GBP
106140,262,2026-09-24,2026-11-08,7146.26,EUR
106141,263,2024-11-14,2024-12-29,6644.11,GBP
106142,263,2024-11-19,2025-01-03,13072.12,GBP
106143,263,2025-02-13,2025-03-30,5245.24,GBP
106144,263,2025-02-08,2025-03-25,4744.51,GBP
106145,263,2025-02-16,2025-04-02,4665.29,GBP
106146,263,2025-02-15,2025-04-01,4338.82,GBP
106147,263,2025-02-01,2025-03-18,6713.34,GBP
106148,263,2025-03-11,2025-04-25,4639.21,GBP
106149,263,2025-03-06,2025-04-20,3745.24,GBP
106150,263,2025-04-10,2025-05-25,4818.37,GBP
106151,263,2025-04-28,2025-06-12,4112.21,GBP
106152,263,2025-04-23,2025-06-07,6614.06,GBP
106153,263,2025-06-20,2025-08-04,7724.43,GBP
106154,263,2025-08-09,2025-09-23,3256.55,GBP
106155,263,2025-08-15,2025-09-29,5260.10,GBP
106156,263,2025-09-28,2025-11-12,3459.94,GBP
106157,263,2025-09-08,2025-10-23,5992.56,GBP
106158,263,2025-10-04,2025-11-18,4341.93,GBP
106159,263,2025-10-20,2025-12-04,2169.66,GBP
106160,263,2025-11-04,2025-12-19,24589.26,GBP
106161,263,2025-11-07,2025-12-22,1990.04,GBP
106162,263,2025-11-25,2026-01-09,3142.32,GBP
106163,263,2025-12-05,2026-01-19,5180.68,GBP
106164,263,2026-02-23,2026-04-09,5507.43,GBP
106165,263,2026-02-16,2026-04-02,8582.58,GBP
106166,263,2026-02-03,2026-03-20,5096.85,GBP
106167,263,2026-02-26,2026-04-12,16884.10,GBP
106168,263,2026-03-04,2026-04-18,7495.69,GBP
106169,263,2026-07-14,2026-08-28,7446.75,GBP
106170,263,2026-07-21,2026-09-04,7057.64,GBP
106171,263,2026-09-19,2026-11-03,9157.57,GBP
106172,264,2024-12-28,2025-03-28,785.91,GBP
106173,264,2025-09-16,2025-12-15,720.81,EUR
106174,264,2025-11-13,2026-02-11,2017.94,GBP
106175,264,2026-07-21,2026-10-19,1853.34,EUR
106176,264,2026-09-10,2026-12-09,1582.52,GBP
106177,265,2024-10-05,2024-11-04,3241.67,GBP
106178,265,2024-10-23,2024-11-22,6770.28,GBP
106179,265,2024-11-10,2024-12-10,5987.96,GBP
106180,265,2025-02-27,2025-03-29,3001.56,GBP
106181,265,2025-03-22,2025-04-21,9932.77,GBP
106182,265,2025-03-28,2025-04-27,10371.71,GBP
106183,265,2025-03-13,2025-04-12,6332.60,GBP
106184,265,2025-03-29,2025-04-28,4758.50,GBP
106185,265,2025-03-09,2025-04-08,14857.93,GBP
106186,265,2025-04-12,2025-05-12,6663.63,GBP
106187,265,2025-04-26,2025-05-26,5745.65,GBP
106188,265,2025-05-17,2025-06-16,2451.32,GBP
106189,265,2025-08-22,2025-09-21,6838.32,GBP
106190,265,2025-10-24,2025-11-23,7850.32,GBP
106191,265,2025-11-05,2025-12-05,3961.79,GBP
106192,265,2025-11-26,2025-12-26,12869.06,GBP
106193,265,2025-12-12,2026-01-11,14206.34,GBP
106194,265,2026-02-10,2026-03-12,6887.04,GBP
106195,265,2026-03-17,2026-04-16,5690.88,GBP
106196,265,2026-07-18,2026-08-17,10125.68,GBP
106197,265,2026-08-06,2026-09-05,4672.77,GBP
106198,265,2026-09-01,2026-10-01,8904.87,GBP
106199,266,2024-12-17,2025-01-16,800.24,GBP
106200,266,2024-12-17,2025-01-16,763.17,GBP
106201,266,2025-05-17,2025-06-16,972.17,GBP
106202,266,2025-06-16,2025-07-16,899.70,GBP
106203,266,2026-03-10,2026-04-09,3331.62,GBP
106204,266,2026-07-26,2026-08-25,1738.23,GBP
106205,267,2025-03-23,2025-05-22,2590.04,GBP
106206,267,2025-06-04,2025-08-03,1261.04,EUR
106207,267,2025-06-29,2025-08-28,1600.19,EUR
106208,267,2025-09-26,2025-11-25,3850.03,GBP
106209,267,2025-10-10,2025-12-09,2577.31,GBP
106210,267,2026-01-06,2026-03-07,2210.91,EUR
106211,267,2026-01-17,2026-03-18,666.02,EUR
106212,267,2026-02-08,2026-04-09,549.32,EUR
106213,267,2026-03-03,2026-05-02,1791.20,GBP
106214,267,2026-06-16,2026-08-15,539.94,GBP
106215,267,2026-06-02,2026-08-01,2240.16,EUR
106216,267,2026-07-11,2026-09-09,1187.92,GBP
106217,268,2025-01-21,2025-03-22,924.86,GBP
106218,268,2025-01-08,2025-03-09,990.22,GBP
106219,268,2025-05-30,2025-07-29,1258.22,GBP
106220,268,2025-08-05,2025-10-04,929.99,GBP
106221,268,2025-09-04,2025-11-03,4205.84,GBP
106222,268,2025-11-26,2026-01-25,2094.21,GBP
106223,268,2025-11-05,2026-01-04,526.88,GBP
106224,268,2026-02-07,2026-04-08,916.94,GBP
106225,268,2026-03-30,2026-05-29,1223.42,GBP
106226,268,2026-07-09,2026-09-07,1351.05,GBP
106227,269,2024-10-16,2024-11-15,52632.96,EUR
106228,269,2024-10-20,2024-11-19,10512.57,GBP
106229,269,2024-10-06,2024-11-05,35213.40,EUR
106230,269,2024-10-21,2024-11-20,19010.64,GBP
106231,269,2024-10-30,2024-11-29,32158.48,GBP
106232,269,2024-10-24,2024-11-23,16878.79,GBP
106233,269,2024-10-09,2024-11-08,36351.32,EUR
106234,269,2024-11-25,2024-12-25,41680.06,GBP
106235,269,2024-11-24,2024-12-24,45178.59,GBP
106236,269,2024-11-30,2024-12-30,14458.72,GBP
106237,269,2025-01-21,2025-02-20,21572.78,GBP
106238,269,2025-01-18,2025-02-17,19358.38,EUR
106239,269,2025-01-24,2025-02-23,17701.01,GBP
106240,269,2025-01-21,2025-02-20,32093.64,GBP
106241,269,2025-02-16,2025-03-18,27154.38,GBP
106242,269,2025-02-11,2025-03-13,21886.33,EUR
106243,269,2025-03-28,2025-04-27,30081.68,GBP
106244,269,2025-03-31,2025-04-30,31117.35,GBP
106245,269,2025-04-08,2025-05-08,12794.40,GBP
106246,269,2025-04-16,2025-05-16,25196.97,EUR
106247,269,2025-04-05,2025-05-05,25456.15,GBP
106248,269,2025-04-28,2025-05-28,28302.06,GBP
106249,269,2025-04-15,2025-05-15,26147.14,EUR
106250,269,2025-04-26,2025-05-26,49278.12,GBP
106251,269,2025-05-05,2025-06-04,13367.20,GBP
106252,269,2025-05-27,2025-06-26,31618.97,GBP
106253,269,2025-06-07,2025-07-07,13531.52,GBP
106254,269,2025-06-01,2025-07-01,28737.03,GBP
106255,269,2025-06-01,2025-07-01,34926.93,GBP
106256,269,2025-06-05,2025-07-05,45551.46,GBP
106257,269,2025-06-04,2025-07-04,73072.21,GBP
106258,269,2025-07-22,2025-08-21,95923.24,EUR
106259,269,2025-08-24,2025-09-23,50794.47,GBP
106260,269,2025-08-06,2025-09-05,34889.22,GBP
106261,269,2025-09-13,2025-10-13,17197.89,EUR
106262,269,2025-09-22,2025-10-22,50077.81,GBP
106263,269,2025-09-23,2025-10-23,18488.22,GBP
106264,269,2025-10-30,2025-11-29,31375.68,GBP
106265,269,2025-10-20,2025-11-19,16476.52,GBP
106266,269,2025-10-06,2025-11-05,46538.18,GBP
106267,269,2025-10-30,2025-11-29,14851.63,GBP
106268,269,2025-10-04,2025-11-03,14295.81,EUR
106269,269,2025-10-05,2025-11-04,50092.53,EUR
106270,269,2025-10-10,2025-11-09,41281.68,GBP
106271,269,2025-10-21,2025-11-20,39913.36,GBP
106272,269,2025-11-10,2025-12-10,26722.11,GBP
106273,269,2025-11-10,2025-12-10,19068.27,EUR
106274,269,2025-11-01,2025-12-01,28774.95,GBP
106275,269,2025-12-21,2026-01-20,41742.58,GBP
106276,269,2025-12-12,2026-01-11,40408.05,EUR
106277,269,2025-12-29,2026-01-28,28377.95,EUR
106278,269,2025-12-30,2026-01-29,26420.14,EUR
106279,269,2025-12-03,2026-01-02,29753.82,EUR
106280,269,2026-01-30,2026-03-01,64267.65,EUR
106281,269,2026-01-26,2026-02-25,62469.23,GBP
106282,269,2026-01-15,2026-02-14,41978.74,GBP
106283,269,2026-01-10,2026-02-09,27399.87,EUR
106284,269,2026-01-10,2026-02-09,25432.75,EUR
106285,269,2026-01-27,2026-02-26,23572.56,EUR
106286,269,2026-01-15,2026-02-14,21360.20,GBP
106287,269,2026-01-18,2026-02-17,31208.08,GBP
106288,269,2026-02-27,2026-03-29,19822.26,GBP
106289,269,2026-02-12,2026-03-14,24328.98,EUR
106290,269,2026-02-26,2026-03-28,40275.16,GBP
106291,269,2026-02-04,2026-03-06,35891.47,EUR
106292,269,2026-03-01,2026-03-31,24610.76,EUR
106293,269,2026-04-08,2026-05-08,31368.91,GBP
106294,269,2026-04-29,2026-05-29,15801.42,GBP
106295,269,2026-05-22,2026-06-21,47314.14,EUR
106296,269,2026-05-14,2026-06-13,22518.51,GBP
106297,269,2026-06-13,2026-07-13,30405.06,GBP
106298,269,2026-06-26,2026-07-26,26959.32,GBP
106299,269,2026-06-19,2026-07-19,60201.21,GBP
106300,269,2026-06-04,2026-07-04,82877.34,GBP
106301,269,2026-06-14,2026-07-14,21788.84,EUR
106302,269,2026-07-16,2026-08-15,8521.84,GBP
106303,269,2026-07-24,2026-08-23,41025.73,GBP
106304,269,2026-07-23,2026-08-22,27369.62,GBP
106305,269,2026-07-13,2026-08-12,19048.30,EUR
106306,269,2026-07-16,2026-08-15,57381.59,EUR
106307,269,2026-08-15,2026-09-14,24921.67,EUR
106308,269,2026-08-02,2026-09-01,22760.44,GBP
106309,269,2026-08-12,2026-09-11,16212.23,EUR
106310,269,2026-08-20,2026-09-19,10214.56,GBP
106311,269,2026-08-27,2026-09-26,26428.83,GBP
106312,269,2026-08-13,2026-09-12,9595.04,GBP
106313,269,2026-09-11,2026-10-11,15978.68,GBP
106314,269,2026-09-09,2026-10-09,21874.34,GBP
106315,269,2026-09-30,2026-10-30,21436.16,GBP
106316,269,2026-09-24,2026-10-24,25056.50,EUR
106317,269,2026-09-10,2026-10-10,24946.84,GBP
106318,269,2026-09-01,2026-10-01,15630.15,GBP
106319,270,2024-10-17,2024-11-16,1228.57,EUR
106320,270,2024-10-10,2024-11-09,2311.59,EUR
106321,270,2024-12-30,2025-01-29,3352.99,EUR
106322,270,2025-04-19,2025-05-19,2302.74,GBP
106323,270,2025-04-29,2025-05-29,1590.36,EUR
106324,270,2025-07-08,2025-08-07,2406.09,GBP
106325,270,2025-12-18,2026-01-17,524.96,EUR
106326,270,2026-01-23,2026-02-22,3660.83,GBP
106327,270,2026-03-29,2026-04-28,1256.07,EUR
106328,270,2026-06-05,2026-07-05,607.18,EUR
106329,270,2026-09-15,2026-10-15,824.04,GBP
106330,270,2026-09-21,2026-10-21,1672.04,EUR
106331,271,2024-11-16,2025-01-15,492.05,EUR
106332,271,2025-05-10,2025-07-09,1072.65,EUR
106333,271,2025-05-27,2025-07-26,1717.57,GBP
106334,271,2025-10-28,2025-12-27,556.30,EUR
106335,271,2025-11-12,2026-01-11,817.33,EUR
106336,271,2026-02-09,2026-04-10,764.17,EUR
106337,271,2026-03-06,2026-05-05,1149.53,EUR
106338,271,2026-07-05,2026-09-03,1791.05,EUR
106339,271,2026-08-03,2026-10-02,1068.12,GBP
106340,271,2026-08-13,2026-10-12,1392.87,GBP
106341,271,2026-08-25,2026-10-24,640.93,EUR
106342,272,2025-01-14,2025-03-15,812.09,GBP
106343,272,2025-04-13,2025-06-12,3438.70,GBP
106344,272,2025-06-26,2025-08-25,2330.83,GBP
106345,272,2025-09-22,2025-11-21,2206.22,GBP
106346,272,2025-11-22,2026-01-21,4710.15,GBP
106347,272,2025-12-10,2026-02-08,871.49,GBP
106348,272,2026-01-17,2026-03-18,856.88,GBP
106349,272,2026-02-26,2026-04-27,3170.00,GBP
106350,272,2026-05-22,2026-07-21,2155.62,GBP
106351,272,2026-05-17,2026-07-16,2139.82,GBP
106352,272,2026-08-16,2026-10-15,1358.97,GBP
106353,272,2026-09-15,2026-11-14,929.83,GBP
106354,272,2026-09-14,2026-11-13,496.92,GBP
106355,273,2024-10-19,2025-01-17,11090.28,GBP
106356,273,2024-11-14,2025-02-12,10649.97,GBP
106357,273,2025-01-24,2025-04-24,22512.96,GBP
106358,273,2025-01-26,2025-04-26,8101.72,GBP
106359,273,2025-01-06,2025-04-06,4618.61,GBP
106360,273,2025-03-16,2025-06-14,7616.95,GBP
106361,273,2025-03-04,2025-06-02,10971.05,GBP
106362,273,2025-05-25,2025-08-23,9363.77,GBP
106363,273,2025-05-26,2025-08-24,11854.57,GBP
106364,273,2025-05-26,2025-08-24,9270.82,GBP
106365,273,2025-06-21,2025-09-19,7711.43,GBP
106366,273,2025-07-20,2025-10-18,4119.69,GBP
106367,273,2025-07-13,2025-10-11,15212.91,GBP
106368,273,2025-09-20,2025-12-19,6845.04,GBP
106369,273,2025-09-08,2025-12-07,4134.35,GBP
106370,273,2025-11-09,2026-02-07,7935.40,GBP
106371,273,2026-01-25,2026-04-25,12405.46,GBP
106372,273,2026-02-12,2026-05-13,3575.06,GBP
106373,273,2026-02-16,2026-05-17,4413.83,GBP
106374,273,2026-03-03,2026-06-01,5711.55,GBP
106375,273,2026-03-21,2026-06-19,10990.24,GBP
106376,273,2026-03-30,2026-06-28,8395.61,GBP
106377,273,2026-05-27,2026-08-25,7154.71,GBP
106378,273,2026-05-01,2026-07-30,9157.06,GBP
106379,273,2026-07-22,2026-10-20,8252.22,GBP
106380,273,2026-08-12,2026-11-10,6942.04,GBP
106381,274,2024-10-14,2024-11-28,5735.10,GBP
106382,274,2025-03-13,2025-04-27,1223.69,EUR
106383,274,2025-04-23,2025-06-07,1222.26,EUR
106384,274,2025-10-21,2025-12-05,1322.29,GBP
106385,274,2025-12-25,2026-02-08,1494.78,GBP
106386,274,2026-01-14,2026-02-28,2305.07,EUR
106387,274,2026-04-14,2026-05-29,2006.41,GBP
106388,274,2026-05-08,2026-06-22,2642.89,EUR
106389,274,2026-05-26,2026-07-10,1151.47,EUR
106390,274,2026-06-17,2026-08-01,599.83,EUR
106391,275,2024-12-16,2025-02-14,670.30,GBP
106392,275,2025-04-10,2025-06-09,1196.53,GBP
106393,275,2025-05-08,2025-07-07,467.79,GBP
106394,275,2025-09-22,2025-11-21,1399.22,GBP
106395,275,2025-11-09,2026-01-08,801.83,GBP
106396,275,2025-11-15,2026-01-14,1609.37,GBP
106397,275,2026-01-05,2026-03-06,1641.63,GBP
106398,275,2026-02-04,2026-04-05,644.86,GBP
106399,275,2026-03-20,2026-05-19,1711.62,GBP
106400,275,2026-06-29,2026-08-28,2665.69,GBP
106401,275,2026-09-26,2026-11-25,3089.18,GBP
106402,276,2024-11-18,2024-12-18,10515.23,GBP
106403,276,2024-11-10,2024-12-10,4694.28,GBP
106404,276,2024-11-21,2024-12-21,11020.80,GBP
106405,276,2024-11-03,2024-12-03,2780.96,GBP
106406,276,2024-11-18,2024-12-18,8706.26,GBP
106407,276,2025-02-23,2025-03-25,9593.27,GBP
106408,276,2025-02-12,2025-03-14,8383.01,GBP
106409,276,2025-03-04,2025-04-03,9012.78,GBP
106410,276,2025-03-25,2025-04-24,7386.90,GBP
106411,276,2025-04-06,2025-05-06,12091.77,GBP
106412,276,2025-04-25,2025-05-25,8681.73,GBP
106413,276,2025-04-07,2025-05-07,10392.25,GBP
106414,276,2025-05-12,2025-06-11,7949.71,GBP
106415,276,2025-08-21,2025-09-20,3100.75,GBP
106416,276,2025-09-23,2025-10-23,9858.28,GBP
106417,276,2025-10-03,2025-11-02,6142.27,GBP
106418,276,2025-10-01,2025-10-31,5458.11,GBP
106419,276,2025-10-31,2025-11-30,6056.84,GBP
106420,276,2026-01-13,2026-02-12,3987.00,GBP
106421,276,2026-01-29,2026-02-28,19123.18,GBP
106422,276,2026-01-21,2026-02-20,4143.78,GBP
106423,276,2026-02-06,2026-03-08,7624.16,GBP
106424,276,2026-02-26,2026-03-28,10661.74,GBP
106425,276,2026-02-07,2026-03-09,7659.54,GBP
106426,276,2026-06-12,2026-07-12,13631.23,GBP
106427,276,2026-06-06,2026-07-06,9569.39,GBP
106428,276,2026-07-04,2026-08-03,2817.41,GBP
106429,276,2026-07-13,2026-08-12,12310.15,GBP
106430,276,2026-08-25,2026-09-24,8657.71,GBP
106431,276,2026-09-08,2026-10-08,15715.86,GBP
106432,276,2026-09-17,2026-10-17,7718.79,GBP
106433,276,2026-09-02,2026-10-02,6250.43,GBP
106434,276,2026-09-15,2026-10-15,14723.45,GBP
106435,276,2026-09-12,2026-10-12,6281.96,GBP
106436,277,2024-10-15,2025-01-13,727.44,GBP
106437,277,2025-02-26,2025-05-27,1922.52,GBP
106438,277,2025-03-14,2025-06-12,728.63,GBP
106439,277,2025-04-13,2025-07-12,3282.86,GBP
106440,277,2025-08-26,2025-11-24,893.19,GBP
106441,277,2025-09-07,2025-12-06,1182.05,GBP
106442,277,2025-11-28,2026-02-26,2914.70,GBP
106443,277,2025-11-01,2026-01-30,2010.94,GBP
106444,277,2026-01-11,2026-04-11,751.84,GBP
106445,277,2026-01-01,2026-04-01,6327.27,GBP
106446,277,2026-09-16,2026-12-15,995.72,GBP
106447,278,2024-11-16,2024-12-16,545.00,GBP
106448,278,2025-01-31,2025-03-02,470.35,GBP
106449,278,2025-02-20,2025-03-22,1252.89,GBP
106450,278,2025-03-05,2025-04-04,669.47,GBP
106451,278,2025-03-03,2025-04-02,1249.59,GBP
106452,278,2025-04-18,2025-05-18,622.78,GBP
106453,278,2025-05-09,2025-06-08,2287.68,GBP
106454,278,2025-08-23,2025-09-22,3497.48,GBP
106455,278,2025-10-15,2025-11-14,1287.07,GBP
106456,278,2025-12-11,2026-01-10,3035.13,GBP
106457,278,2026-02-20,2026-03-22,2352.89,GBP
106458,278,2026-03-23,2026-04-22,974.28,GBP
106459,278,2026-03-16,2026-04-15,1346.88,GBP
106460,278,2026-04-03,2026-05-03,899.18,GBP
106461,278,2026-06-13,2026-07-13,2360.42,GBP
106462,278,2026-07-31,2026-08-30,442.84,GBP
106463,278,2026-08-21,2026-09-20,321.35,GBP
106464,278,2026-09-10,2026-10-10,2095.20,GBP
106465,279,2024-10-21,2024-12-20,944.73,GBP
106466,279,2025-04-03,2025-06-02,451.65,GBP
106467,279,2025-05-11,2025-07-10,1702.18,GBP
106468,279,2025-10-28,2025-12-27,1232.38,GBP
106469,279,2025-11-14,2026-01-13,886.06,GBP
106470,279,2025-12-28,2026-02-26,854.75,GBP
106471,279,2026-04-08,2026-06-07,1218.82,GBP
106472,279,2026-05-06,2026-07-05,1933.98,GBP
106473,279,2026-06-05,2026-08-04,982.01,GBP
106474,279,2026-09-19,2026-11-18,1629.83,GBP
106475,280,2024-11-02,2024-12-02,1759.95,EUR
106476,280,2024-12-09,2025-01-08,728.01,EUR
106477,280,2025-01-05,2025-02-04,1093.24,EUR
106478,280,2025-12-18,2026-01-17,407.90,EUR
106479,281,2024-10-10,2024-11-24,2641.37,GBP
106480,281,2024-11-13,2024-12-28,701.36,GBP
106481,281,2025-01-15,2025-03-01,2128.90,GBP
106482,281,2025-03-24,2025-05-08,1813.39,GBP
106483,281,2025-03-29,2025-05-13,410.28,GBP
106484,281,2025-08-16,2025-09-30,2093.02,GBP
106485,281,2025-12-14,2026-01-28,1756.46,GBP
106486,281,2026-04-06,2026-05-21,1903.02,GBP
106487,281,2026-09-15,2026-10-30,1663.06,GBP
106488,282,2024-10-13,2024-12-12,5291.66,GBP
106489,282,2024-11-02,2025-01-01,6723.65,GBP
106490,282,2024-11-14,2025-01-13,3270.64,GBP
106491,282,2024-12-17,2025-02-15,6304.61,GBP
106492,282,2024-12-03,2025-02-01,7514.53,GBP
106493,282,2025-04-11,2025-06-10,9064.21,GBP
106494,282,2025-05-27,2025-07-26,14333.96,GBP
106495,282,2025-06-30,2025-08-29,2562.11,GBP
106496,282,2025-06-26,2025-08-25,13793.27,GBP
106497,282,2025-07-21,2025-09-19,5510.90,GBP
106498,282,2025-07-20,2025-09-18,5464.84,GBP
106499,282,2025-07-12,2025-09-10,3938.94,GBP
106500,282,2025-08-14,2025-10-13,5850.70,GBP
106501,282,2025-08-09,2025-10-08,4153.08,GBP
106502,282,2025-09-18,2025-11-17,3196.44,GBP
106503,282,2025-10-17,2025-12-16,4394.69,GBP
106504,282,2025-10-16,2025-12-15,4876.15,GBP
106505,282,2025-10-31,2025-12-30,5366.79,GBP
106506,282,2025-10-20,2025-12-19,7641.67,GBP
106507,282,2025-10-03,2025-12-02,3646.00,GBP
106508,282,2025-11-15,2026-01-14,6265.50,GBP
106509,282,2025-11-26,2026-01-25,4243.05,GBP
106510,282,2025-11-22,2026-01-21,10180.96,GBP
106511,282,2025-12-01,2026-01-30,12060.12,GBP
106512,282,2025-12-27,2026-02-25,10086.43,GBP
106513,282,2026-01-28,2026-03-29,5306.36,GBP
106514,282,2026-01-18,2026-03-19,2154.10,GBP
106515,282,2026-03-13,2026-05-12,4798.92,GBP
106516,282,2026-05-28,2026-07-27,9669.56,GBP
106517,282,2026-05-02,2026-07-01,3173.12,GBP
106518,282,2026-05-15,2026-07-14,4501.34,GBP
106519,282,2026-05-03,2026-07-02,7681.21,GBP
106520,282,2026-07-25,2026-09-23,5555.61,GBP
106521,282,2026-08-31,2026-10-30,5196.44,GBP
106522,282,2026-09-18,2026-11-17,10878.20,GBP
106523,283,2024-10-05,2024-11-19,1664.09,GBP
106524,283,2025-01-17,2025-03-03,11380.16,GBP
106525,283,2025-02-28,2025-04-14,5847.17,GBP
106526,283,2025-02-14,2025-03-31,5620.69,GBP
106527,283,2025-02-28,2025-04-14,2721.56,GBP
106528,283,2025-03-06,2025-04-20,9814.44,GBP
106529,283,2025-05-12,2025-06-26,6113.90,GBP
106530,283,2025-06-09,2025-07-24,10992.40,GBP
106531,283,2025-07-13,2025-08-27,4308.97,GBP
106532,283,2025-09-12,2025-10-27,21187.73,GBP
106533,283,2025-10-27,2025-12-11,3977.73,GBP
106534,283,2025-10-31,2025-12-15,6719.20,GBP
106535,283,2025-11-13,2025-12-28,9398.95,GBP
106536,283,2025-12-04,2026-01-18,5314.37,GBP
106537,283,2025-12-01,2026-01-15,13640.43,GBP
106538,283,2026-01-25,2026-03-11,7390.43,GBP
106539,283,2026-02-02,2026-03-19,2088.43,GBP
106540,283,2026-02-04,2026-03-21,10651.12,GBP
106541,283,2026-03-16,2026-04-30,1817.45,GBP
106542,283,2026-04-03,2026-05-18,9953.22,GBP
106543,283,2026-05-03,2026-06-17,25687.29,GBP
106544,283,2026-07-14,2026-08-28,17311.76,GBP
106545,283,2026-08-10,2026-09-24,5231.22,GBP
106546,283,2026-08-05,2026-09-19,7333.59,GBP
106547,283,2026-09-13,2026-10-28,4338.03,GBP
106548,283,2026-09-28,2026-11-12,24900.05,GBP
106549,284,2024-10-20,2025-01-18,19609.28,GBP
106550,284,2024-11-18,2025-02-16,10210.90,GBP
106551,284,2024-11-20,2025-02-18,14004.78,GBP
106552,284,2024-12-02,2025-03-02,8457.03,GBP
106553,284,2024-12-31,2025-03-31,5865.61,GBP
106554,284,2024-12-15,2025-03-15,5340.78,GBP
106555,284,2025-01-03,2025-04-03,7264.95,GBP
106556,284,2025-01-05,2025-04-05,4897.49,GBP
106557,284,2025-01-01,2025-04-01,2819.33,GBP
106558,284,2025-02-27,2025-05-28,6832.76,GBP
106559,284,2025-03-10,2025-06-08,13401.02,GBP
106560,284,2025-03-17,2025-06-15,4994.35,GBP
106561,284,2025-04-20,2025-07-19,23859.29,GBP
106562,284,2025-04-22,2025-07-21,5738.35,GBP
106563,284,2025-07-18,2025-10-16,9078.47,GBP
106564,284,2025-09-02,2025-12-01,2572.45,GBP
106565,284,2025-09-13,2025-12-12,3899.08,GBP
106566,284,2025-10-14,2026-01-12,7355.96,GBP
106567,284,2025-10-23,2026-01-21,4511.65,GBP
106568,284,2025-11-17,2026-02-15,14331.45,GBP
106569,284,2026-01-30,2026-04-30,9687.06,GBP
106570,284,2026-02-08,2026-05-09,6108.26,GBP
106571,284,2026-02-28,2026-05-29,6086.75,GBP
106572,284,2026-03-20,2026-06-18,4594.68,GBP
106573,284,2026-05-26,2026-08-24,4626.10,GBP
106574,284,2026-06-17,2026-09-15,2257.30,GBP
106575,284,2026-07-01,2026-09-29,3239.15,GBP
106576,284,2026-07-05,2026-10-03,5996.86,GBP
106577,284,2026-07-21,2026-10-19,9842.83,GBP
106578,284,2026-08-06,2026-11-04,17171.97,GBP
106579,284,2026-09-04,2026-12-03,4404.59,GBP
106580,285,2024-10-31,2024-11-30,17698.61,GBP
106581,285,2024-10-01,2024-10-31,41030.81,GBP
106582,285,2024-10-19,2024-11-18,45824.88,GBP
106583,285,2024-10-19,2024-11-18,15074.59,GBP
106584,285,2024-10-01,2024-10-31,29086.77,GBP
106585,285,2024-11-21,2024-12-21,45428.67,GBP
106586,285,2024-12-11,2025-01-10,18643.06,GBP
106587,285,2025-01-20,2025-02-19,45721.98,GBP
106588,285,2025-01-02,2025-02-01,29008.68,GBP
106589,285,2025-02-11,2025-03-13,35407.89,GBP
106590,285,2025-02-24,2025-03-26,40556.56,GBP
106591,285,2025-02-28,2025-03-30,37780.06,GBP
106592,285,2025-03-19,2025-04-18,40827.21,GBP
106593,285,2025-03-25,2025-04-24,26538.70,GBP
106594,285,2025-03-04,2025-04-03,39792.42,GBP
106595,285,2025-03-26,2025-04-25,39183.11,GBP
106596,285,2025-03-16,2025-04-15,41360.61,GBP
106597,285,2025-04-20,2025-05-20,31475.60,GBP
106598,285,2025-04-27,2025-05-27,23366.56,GBP
106599,285,2025-04-18,2025-05-18,50046.71,GBP
106600,285,2025-04-21,2025-05-21,23308.57,GBP
106601,285,2025-04-09,2025-05-09,39631.21,GBP
106602,285,2025-04-06,2025-05-06,33792.75,GBP
106603,285,2025-04-25,2025-05-25,20191.95,GBP
106604,285,2025-05-26,2025-06-25,24150.20,GBP
106605,285,2025-05-11,2025-06-10,64766.43,GBP
106606,285,2025-05-27,2025-06-26,34606.21,GBP
106607,285,2025-05-23,2025-06-22,29354.77,GBP
106608,285,2025-05-06,2025-06-05,19532.14,GBP
106609,285,2025-05-22,2025-06-21,37984.51,GBP
106610,285,2025-05-30,2025-06-29,22892.34,GBP
106611,285,2025-07-18,2025-08-17,32492.07,GBP
106612,285,2025-07-10,2025-08-09,35944.07,GBP
106613,285,2025-08-24,2025-09-23,29838.72,GBP
106614,285,2025-08-28,2025-09-27,47587.48,GBP
106615,285,2025-08-27,2025-09-26,19541.52,GBP
106616,285,2025-09-19,2025-10-19,14198.30,GBP
106617,285,2025-09-26,2025-10-26,32634.13,GBP
106618,285,2025-09-12,2025-10-12,24776.00,GBP
106619,285,2025-09-08,2025-10-08,26576.63,GBP
106620,285,2025-09-22,2025-10-22,72186.18,GBP
106621,285,2025-10-26,2025-11-25,24091.20,GBP
106622,285,2025-10-19,2025-11-18,44486.71,GBP
106623,285,2025-10-18,2025-11-17,65693.58,GBP
106624,285,2025-10-01,2025-10-31,21634.94,GBP
106625,285,2025-10-31,2025-11-30,15899.19,GBP
106626,285,2025-10-16,2025-11-15,38762.08,GBP
106627,285,2025-10-05,2025-11-04,21428.61,GBP
106628,285,2025-10-26,2025-11-25,17346.87,GBP
106629,285,2025-10-27,2025-11-26,14578.15,GBP
106630,285,2025-11-26,2025-12-26,35211.18,GBP
106631,285,2025-11-09,2025-12-09,12999.16,GBP
106632,285,2025-11-25,2025-12-25,12913.04,GBP
106633,285,2025-11-08,2025-12-08,27602.78,GBP
106634,285,2025-11-10,2025-12-10,39999.97,GBP
106635,285,2025-11-12,2025-12-12,28690.45,GBP
106636,285,2025-11-29,2025-12-29,34397.96,GBP
106637,285,2025-11-20,2025-12-20,31078.86,GBP
106638,285,2025-12-04,2026-01-03,16043.35,GBP
106639,285,2025-12-29,2026-01-28,47830.76,GBP
106640,285,2026-01-19,2026-02-18,28706.15,GBP
106641,285,2026-02-15,2026-03-17,25345.03,GBP
106642,285,2026-02-06,2026-03-08,28092.56,GBP
106643,285,2026-02-18,2026-03-20,24984.25,GBP
106644,285,2026-02-07,2026-03-09,14760.54,GBP
106645,285,2026-02-21,2026-03-23,38814.12,GBP
106646,285,2026-03-27,2026-04-26,14973.16,GBP
106647,285,2026-03-18,2026-04-17,24880.75,GBP
106648,285,2026-03-03,2026-04-02,25917.14,GBP
106649,285,2026-04-27,2026-05-27,14991.01,GBP
106650,285,2026-04-16,2026-05-16,48246.44,GBP
106651,285,2026-04-21,2026-05-21,46304.27,GBP
106652,285,2026-05-05,2026-06-04,42804.76,GBP
106653,285,2026-05-18,2026-06-17,28229.27,GBP
106654,285,2026-05-22,2026-06-21,28161.50,GBP
106655,285,2026-06-20,2026-07-20,32525.23,GBP
106656,285,2026-06-22,2026-07-22,23011.65,GBP
106657,285,2026-06-15,2026-07-15,37351.69,GBP
106658,285,2026-06-08,2026-07-08,10758.31,GBP
106659,285,2026-06-23,2026-07-23,22357.25,GBP
106660,285,2026-07-10,2026-08-09,27502.58,GBP
106661,285,2026-08-31,2026-09-30,20598.90,GBP
106662,285,2026-08-09,2026-09-08,38637.77,GBP
106663,285,2026-08-05,2026-09-04,26321.95,GBP
106664,285,2026-08-27,2026-09-26,15553.45,GBP
106665,285,2026-08-08,2026-09-07,17611.09,GBP
106666,285,2026-08-28,2026-09-27,39343.05,GBP
106667,285,2026-09-27,2026-10-27,39105.84,GBP
106668,285,2026-09-24,2026-10-24,37403.10,GBP
106669,285,2026-09-14,2026-10-14,25515.95,GBP
106670,285,2026-09-30,2026-10-30,50304.02,GBP
106671,286,2024-10-09,2024-12-08,3069.39,GBP
106672,286,2024-11-28,2025-01-27,1643.38,GBP
106673,286,2025-05-20,2025-07-19,772.99,GBP
106674,286,2025-08-20,2025-10-19,1891.48,GBP
106675,286,2025-08-19,2025-10-18,3222.02,GBP
106676,286,2025-09-13,2025-11-12,1382.63,GBP
106677,286,2025-11-26,2026-01-25,987.16,EUR
106678,287,2025-03-03,2025-04-02,2053.83,GBP
106679,287,2025-04-12,2025-05-12,1456.27,GBP
106680,287,2025-10-04,2025-11-03,1260.51,GBP
106681,287,2025-11-11,2025-12-11,1395.13,GBP
106682,287,2025-11-18,2025-12-18,1807.28,GBP
106683,287,2025-12-27,2026-01-26,2684.19,GBP
106684,288,2024-10-28,2024-11-27,54617.59,GBP
106685,288,2024-10-24,2024-11-23,37910.04,GBP
106686,288,2024-10-26,2024-11-25,32751.58,GBP
106687,288,2024-10-03,2024-11-02,19969.56,GBP
106688,288,2024-11-07,2024-12-07,42122.83,GBP
106689,288,2024-11-14,2024-12-14,38122.22,GBP
106690,288,2024-11-23,2024-12-23,25873.19,GBP
106691,288,2024-11-09,2024-12-09,13740.30,GBP
106692,288,2024-11-03,2024-12-03,10987.14,GBP
106693,288,2024-11-15,2024-12-15,40353.93,GBP
106694,288,2024-12-08,2025-01-07,16015.00,GBP
106695,288,2024-12-16,2025-01-15,26249.81,GBP
106696,288,2024-12-07,2025-01-06,62085.75,GBP
106697,288,2025-01-18,2025-02-17,41598.38,GBP
106698,288,2025-03-21,2025-04-20,42389.72,GBP
106699,288,2025-03-21,2025-04-20,23913.67,GBP
106700,288,2025-03-21,2025-04-20,14999.25,GBP
106701,288,2025-03-20,2025-04-19,25107.48,GBP
106702,288,2025-03-31,2025-04-30,39989.98,GBP
106703,288,2025-03-05,2025-04-04,53234.76,GBP
106704,288,2025-04-25,2025-05-25,43550.50,GBP
106705,288,2025-04-24,2025-05-24,26421.35,GBP
106706,288,2025-05-26,2025-06-25,28446.47,GBP
106707,288,2025-06-10,2025-07-10,24468.76,GBP
106708,288,2025-06-21,2025-07-21,39152.80,GBP
106709,288,2025-06-15,2025-07-15,35039.67,GBP
106710,288,2025-06-13,2025-07-13,80179.35,GBP
106711,288,2025-06-10,2025-07-10,55782.28,GBP
106712,288,2025-06-21,2025-07-21,22437.00,GBP
106713,288,2025-07-09,2025-08-08,25015.06,GBP
106714,288,2025-07-01,2025-07-31,20232.72,GBP
106715,288,2025-08-15,2025-09-14,14841.24,GBP
106716,288,2025-09-05,2025-10-05,88702.91,GBP
106717,288,2025-09-10,2025-10-10,26928.95,GBP
106718,288,2025-09-14,2025-10-14,14577.41,GBP
106719,288,2025-10-24,2025-11-23,33359.72,GBP
106720,288,2025-10-11,2025-11-10,40690.52,GBP
106721,288,2025-10-06,2025-11-05,17796.45,GBP
106722,288,2025-11-05,2025-12-05,27962.05,GBP
106723,288,2025-11-02,2025-12-02,29820.08,GBP
106724,288,2025-11-29,2025-12-29,23528.04,GBP
106725,288,2025-11-20,2025-12-20,41476.42,GBP
106726,288,2025-11-04,2025-12-04,35089.31,GBP
106727,288,2025-12-22,2026-01-21,19567.37,GBP
106728,288,2026-01-18,2026-02-17,23137.89,GBP
106729,288,2026-01-04,2026-02-03,32465.68,GBP
106730,288,2026-02-07,2026-03-09,24436.71,GBP
106731,288,2026-02-05,2026-03-07,24473.26,GBP
106732,288,2026-02-12,2026-03-14,62174.11,GBP
106733,288,2026-02-15,2026-03-17,15996.38,GBP
106734,288,2026-02-24,2026-03-26,19139.69,GBP
106735,288,2026-02-26,2026-03-28,35298.89,GBP
106736,288,2026-02-18,2026-03-20,36987.09,GBP
106737,288,2026-02-17,2026-03-19,26668.87,GBP
106738,288,2026-03-29,2026-04-28,33977.81,GBP
106739,288,2026-03-27,2026-04-26,13262.62,GBP
106740,288,2026-03-20,2026-04-19,23176.59,GBP
106741,288,2026-04-02,2026-05-02,22040.06,GBP
106742,288,2026-04-25,2026-05-25,37793.66,GBP
106743,288,2026-04-13,2026-05-13,35969.19,GBP
106744,288,2026-05-23,2026-06-22,16221.58,GBP
106745,288,2026-05-09,2026-06-08,44583.22,GBP
106746,288,2026-06-10,2026-07-10,32078.41,GBP
106747,288,2026-06-12,2026-07-12,29498.77,GBP
106748,288,2026-07-17,2026-08-16,25130.74,GBP
106749,288,2026-08-29,2026-09-28,126352.55,GBP
106750,288,2026-08-05,2026-09-04,44436.73,GBP
106751,288,2026-08-03,2026-09-02,31403.12,GBP
106752,288,2026-09-25,2026-10-25,29302.09,GBP
106753,288,2026-09-29,2026-10-29,26389.13,GBP
106754,288,2026-09-11,2026-10-11,19840.18,GBP
106755,288,2026-09-11,2026-10-11,28952.63,GBP
106756,289,2024-11-09,2024-12-09,847.73,GBP
106757,289,2025-03-04,2025-04-03,5742.15,GBP
106758,289,2025-07-18,2025-08-17,1656.17,GBP
106759,289,2025-08-10,2025-09-09,878.50,GBP
106760,289,2025-12-29,2026-01-28,4154.18,GBP
106761,289,2025-12-18,2026-01-17,2372.13,GBP
106762,289,2026-05-15,2026-06-14,1319.14,GBP
106763,290,2024-10-31,2024-11-30,4657.79,GBP
106764,290,2024-10-09,2024-11-08,8034.08,GBP
106765,290,2024-12-09,2025-01-08,5283.91,GBP
106766,290,2025-01-25,2025-02-24,6375.96,GBP
106767,290,2025-01-19,2025-02-18,6690.66,GBP
106768,290,2025-01-05,2025-02-04,4762.26,GBP
106769,290,2025-02-02,2025-03-04,5469.22,GBP
106770,290,2025-02-04,2025-03-06,5412.71,GBP
106771,290,2025-03-31,2025-04-30,11029.16,GBP
106772,290,2025-04-27,2025-05-27,8524.71,GBP
106773,290,2025-04-25,2025-05-25,3891.51,GBP
106774,290,2025-05-14,2025-06-13,7435.95,GBP
106775,290,2025-06-09,2025-07-09,3675.60,GBP
106776,290,2025-08-24,2025-09-23,1276.34,GBP
106777,290,2025-09-26,2025-10-26,7940.12,GBP
106778,290,2025-09-13,2025-10-13,5300.75,GBP
106779,290,2025-10-08,2025-11-07,6044.24,GBP
106780,290,2025-10-09,2025-11-08,2706.20,GBP
106781,290,2025-10-25,2025-11-24,9290.29,GBP
106782,290,2026-02-27,2026-03-29,2203.10,GBP
106783,290,2026-03-14,2026-04-13,5775.92,GBP
106784,290,2026-05-29,2026-06-28,4121.52,GBP
106785,290,2026-06-20,2026-07-20,10397.18,GBP
106786,290,2026-06-08,2026-07-08,13526.50,GBP
106787,290,2026-06-01,2026-07-01,5463.68,GBP
106788,290,2026-07-31,2026-08-30,8436.41,GBP
106789,291,2024-11-29,2024-12-29,4578.72,GBP
106790,291,2024-11-22,2024-12-22,2802.11,GBP
106791,291,2024-11-27,2024-12-27,3902.95,GBP
106792,291,2024-12-22,2025-01-21,1417.75,GBP
106793,291,2024-12-22,2025-01-21,9052.62,GBP
106794,291,2024-12-07,2025-01-06,8416.62,GBP
106795,291,2025-01-01,2025-01-31,4586.44,GBP
106796,291,2025-01-31,2025-03-02,7633.49,GBP
106797,291,2025-02-18,2025-03-20,5376.03,GBP
106798,291,2025-02-24,2025-03-26,3903.32,GBP
106799,291,2025-03-05,2025-04-04,14413.13,GBP
106800,291,2025-03-03,2025-04-02,8448.20,GBP
106801,291,2025-04-27,2025-05-27,8207.75,GBP
106802,291,2025-04-01,2025-05-01,8452.92,GBP
106803,291,2025-04-05,2025-05-05,5841.73,GBP
106804,291,2025-05-23,2025-06-22,7057.37,GBP
106805,291,2025-05-15,2025-06-14,4811.49,GBP
106806,291,2025-06-17,2025-07-17,4777.00,GBP
106807,291,2025-08-05,2025-09-04,7435.26,GBP
106808,291,2025-08-30,2025-09-29,5558.83,GBP
106809,291,2025-09-10,2025-10-10,4886.12,GBP
106810,291,2025-10-06,2025-11-05,9060.05,GBP
106811,291,2025-10-20,2025-11-19,5394.57,GBP
106812,291,2025-10-01,2025-10-31,4482.10,GBP
106813,291,2025-11-24,2025-12-24,5627.12,GBP
106814,291,2025-11-07,2025-12-07,10321.36,GBP
106815,291,2025-11-18,2025-12-18,2904.85,GBP
106816,291,2025-12-11,2026-01-10,8447.32,GBP
106817,291,2026-01-31,2026-03-02,6506.46,GBP
106818,291,2026-03-11,2026-04-10,8267.09,GBP
106819,291,2026-03-09,2026-04-08,7555.64,GBP
106820,291,2026-04-07,2026-05-07,8055.89,GBP
106821,291,2026-04-16,2026-05-16,10118.68,GBP
106822,291,2026-04-22,2026-05-22,8035.19,GBP
106823,291,2026-04-04,2026-05-04,13578.00,GBP
106824,291,2026-05-20,2026-06-19,2496.34,GBP
106825,291,2026-06-26,2026-07-26,14767.00,GBP
106826,291,2026-07-20,2026-08-19,13660.23,GBP
106827,291,2026-07-11,2026-08-10,4077.58,GBP
106828,291,2026-08-04,2026-09-03,8063.91,GBP
106829,291,2026-09-05,2026-10-05,5201.59,GBP
106830,291,2026-09-22,2026-10-22,3248.87,GBP
106831,292,2024-10-21,2024-12-20,1639.36,GBP
106832,292,2024-12-15,2025-02-13,1055.02,GBP
106833,292,2025-02-06,2025-04-07,979.23,GBP
106834,292,2025-02-20,2025-04-21,470.20,GBP
106835,292,2025-02-07,2025-04-08,1417.72,GBP
106836,292,2025-04-17,2025-06-16,2377.83,GBP
106837,292,2025-06-03,2025-08-02,1411.47,GBP
106838,292,2025-10-06,2025-12-05,565.84,GBP
106839,292,2025-10-05,2025-12-04,687.14,GBP
106840,292,2025-11-17,2026-01-16,1026.81,GBP
106841,292,2025-12-24,2026-02-22,899.89,GBP
106842,292,2026-01-31,2026-04-01,1673.07,GBP
106843,292,2026-02-04,2026-04-05,1579.60,GBP
106844,293,2024-12-24,2025-02-22,1661.42,GBP
106845,293,2025-08-25,2025-10-24,1573.31,EUR
106846,293,2025-09-03,2025-11-02,481.58,EUR
106847,293,2025-10-01,2025-11-30,2766.50,GBP
106848,293,2025-11-24,2026-01-23,817.57,GBP
106849,293,2026-02-21,2026-04-22,1059.06,GBP
106850,293,2026-04-25,2026-06-24,738.99,EUR
106851,293,2026-05-01,2026-06-30,1282.43,EUR
106852,293,2026-06-19,2026-08-18,596.36,EUR
106853,293,2026-09-08,2026-11-07,1514.16,EUR
106854,294,2025-01-19,2025-03-20,567.15,GBP
106855,294,2025-01-25,2025-03-26,1518.28,GBP
106856,294,2025-01-10,2025-03-11,680.87,GBP
106857,294,2025-03-31,2025-05-30,1667.30,GBP
106858,294,2025-05-17,2025-07-16,2696.09,GBP
106859,294,2025-06-04,2025-08-03,744.87,GBP
106860,294,2025-07-14,2025-09-12,1038.07,GBP
106861,294,2025-10-02,2025-12-01,657.92,GBP
106862,294,2025-10-22,2025-12-21,634.46,GBP
106863,294,2025-11-30,2026-01-29,1175.89,GBP
106864,294,2025-11-05,2026-01-04,529.17,GBP
106865,294,2026-02-10,2026-04-11,656.66,GBP
106866,294,2026-09-27,2026-11-26,2282.82,GBP
106867,294,2026-09-14,2026-11-13,1173.55,GBP
106868,295,2024-11-19,2024-12-19,486.73,EUR
106869,295,2025-03-06,2025-04-05,1387.00,EUR
106870,295,2025-05-06,2025-06-05,2022.36,EUR
106871,295,2025-09-18,2025-10-18,837.10,GBP
106872,295,2026-01-20,2026-02-19,1100.87,GBP
106873,295,2026-04-21,2026-05-21,870.38,EUR
106874,295,2026-07-27,2026-08-26,645.79,EUR
106875,295,2026-07-01,2026-07-31,669.20,GBP
106876,296,2025-01-06,2025-02-05,1277.46,GBP
106877,296,2025-05-16,2025-06-15,893.81,GBP
106878,296,2025-09-27,2025-10-27,1733.95,GBP
106879,296,2025-10-13,2025-11-12,936.64,GBP
106880,296,2026-02-08,2026-03-10,1558.47,GBP
106881,296,2026-04-17,2026-05-17,1034.51,GBP
106882,296,2026-05-28,2026-06-27,547.99,GBP
106883,296,2026-05-14,2026-06-13,857.93,GBP
106884,296,2026-06-18,2026-07-18,577.86,GBP
106885,297,2025-01-26,2025-02-25,2461.35,GBP
106886,297,2025-05-29,2025-06-28,715.12,GBP
106887,297,2025-10-05,2025-11-04,1956.10,GBP
106888,297,2026-02-20,2026-03-22,1191.53,GBP
106889,297,2026-03-22,2026-04-21,821.31,GBP
106890,297,2026-04-04,2026-05-04,1393.14,GBP
106891,297,2026-06-16,2026-07-16,388.00,GBP
106892,298,2024-10-13,2024-12-12,18694.59,GBP
106893,298,2024-10-20,2024-12-19,2138.41,GBP
106894,298,2024-10-20,2024-12-19,8067.40,GBP
106895,298,2024-11-29,2025-01-28,13633.44,GBP
106896,298,2025-01-15,2025-03-16,4175.41,GBP
106897,298,2025-02-22,2025-04-23,9828.16,GBP
106898,298,2025-02-13,2025-04-14,11866.23,GBP
106899,298,2025-03-21,2025-05-20,6506.18,GBP
106900,298,2025-04-14,2025-06-13,9996.88,GBP
106901,298,2025-08-03,2025-10-02,5135.66,GBP
106902,298,2025-09-29,2025-11-28,3426.95,GBP
106903,298,2025-10-18,2025-12-17,7147.68,GBP
106904,298,2025-10-26,2025-12-25,3064.56,GBP
106905,298,2025-12-04,2026-02-02,3604.54,GBP
106906,298,2026-01-19,2026-03-20,10598.29,GBP
106907,298,2026-01-17,2026-03-18,5293.65,GBP
106908,298,2026-02-03,2026-04-04,21687.93,GBP
106909,298,2026-03-25,2026-05-24,5060.07,GBP
106910,298,2026-03-09,2026-05-08,7454.46,GBP
106911,298,2026-03-05,2026-05-04,6059.70,GBP
106912,298,2026-04-01,2026-05-31,8714.62,GBP
106913,298,2026-05-19,2026-07-18,9514.75,GBP
106914,298,2026-06-07,2026-08-06,4265.75,GBP
106915,298,2026-07-28,2026-09-26,2991.33,GBP
106916,298,2026-07-27,2026-09-25,5922.41,GBP
106917,298,2026-08-08,2026-10-07,3416.06,GBP
106918,298,2026-09-14,2026-11-13,6656.42,GBP
106919,299,2024-10-20,2024-12-19,39937.52,GBP
106920,299,2024-11-28,2025-01-27,28654.46,GBP
106921,299,2024-11-29,2025-01-28,34687.51,GBP
106922,299,2024-11-02,2025-01-01,20609.86,GBP
106923,299,2024-12-07,2025-02-05,46051.25,GBP
106924,299,2024-12-12,2025-02-10,35039.56,GBP
106925,299,2024-12-08,2025-02-06,47337.76,GBP
106926,299,2024-12-29,2025-02-27,74562.56,GBP
106927,299,2024-12-29,2025-02-27,18946.77,GBP
106928,299,2025-01-29,2025-03-30,95401.81,GBP
106929,299,2025-01-13,2025-03-14,42426.75,GBP
106930,299,2025-01-28,2025-03-29,56925.10,GBP
106931,299,2025-02-24,2025-04-25,19636.34,GBP
106932,299,2025-03-24,2025-05-23,13610.47,GBP
106933,299,2025-03-03,2025-05-02,34280.08,GBP
106934,299,2025-04-29,2025-06-28,23227.73,GBP
106935,299,2025-04-06,2025-06-05,41952.77,GBP
106936,299,2025-04-01,2025-05-31,39370.17,GBP
106937,299,2025-05-12,2025-07-11,23905.47,GBP
106938,299,2025-05-08,2025-07-07,32778.08,GBP
106939,299,2025-05-12,2025-07-11,26072.33,GBP
106940,299,2025-05-29,2025-07-28,58014.62,GBP
106941,299,2025-06-20,2025-08-19,20189.78,GBP
106942,299,2025-06-02,2025-08-01,28489.79,GBP
106943,299,2025-07-01,2025-08-30,40661.52,GBP
106944,299,2025-07-17,2025-09-15,15943.81,GBP
106945,299,2025-08-29,2025-10-28,23985.90,GBP
106946,299,2025-08-26,2025-10-25,35420.79,GBP
106947,299,2025-08-08,2025-10-07,63208.53,GBP
106948,299,2025-08-13,2025-10-12,27716.38,GBP
106949,299,2025-09-11,2025-11-10,42325.86,GBP
106950,299,2025-09-07,2025-11-06,35371.91,GBP
106951,299,2025-09-07,2025-11-06,28339.18,GBP
106952,299,2025-10-15,2025-12-14,12631.49,GBP
106953,299,2025-10-26,2025-12-25,63658.92,GBP
106954,299,2025-10-23,2025-12-22,37173.85,GBP
106955,299,2025-10-03,2025-12-02,20765.45,GBP
106956,299,2025-10-03,2025-12-02,31864.15,GBP
106957,299,2025-10-24,2025-12-23,19563.56,GBP
106958,299,2025-10-04,2025-12-03,22421.03,GBP
106959,299,2025-11-13,2026-01-12,25596.19,GBP
106960,299,2025-12-26,2026-02-24,42327.96,GBP
106961,299,2026-01-24,2026-03-25,44457.45,GBP
106962,299,2026-01-16,2026-03-17,46569.47,GBP
106963,299,2026-02-17,2026-04-18,18553.67,GBP
106964,299,2026-03-28,2026-05-27,21085.58,GBP
106965,299,2026-03-05,2026-05-04,33985.77,GBP
106966,299,2026-03-21,2026-05-20,25224.85,GBP
106967,299,2026-03-05,2026-05-04,30291.05,GBP
106968,299,2026-04-02,2026-06-01,28149.75,GBP
106969,299,2026-04-04,2026-06-03,34706.46,GBP
106970,299,2026-05-25,2026-07-24,28870.85,GBP
106971,299,2026-05-13,2026-07-12,10828.66,GBP
106972,299,2026-05-01,2026-06-30,16457.51,GBP
106973,299,2026-07-13,2026-09-11,12074.33,GBP
106974,299,2026-07-21,2026-09-19,17027.87,GBP
106975,299,2026-08-31,2026-10-30,20025.06,GBP
106976,299,2026-08-25,2026-10-24,30530.50,GBP
106977,299,2026-08-01,2026-09-30,28832.12,GBP
106978,299,2026-08-06,2026-10-05,38726.81,GBP
106979,299,2026-09-12,2026-11-11,18977.34,GBP
106980,300,2024-10-11,2024-11-10,4975.14,EUR
106981,300,2024-10-08,2024-11-07,4138.61,GBP
106982,300,2024-12-16,2025-01-15,8600.22,EUR
106983,300,2024-12-29,2025-01-28,7943.93,GBP
106984,300,2025-01-04,2025-02-03,3504.90,GBP
106985,300,2025-01-08,2025-02-07,8285.51,EUR
106986,300,2025-01-05,2025-02-04,6309.07,EUR
106987,300,2025-02-10,2025-03-12,8707.38,EUR
106988,300,2025-02-04,2025-03-06,4368.76,GBP
106989,300,2025-03-22,2025-04-21,11124.92,EUR
106990,300,2025-03-10,2025-04-09,5964.94,EUR
106991,300,2025-05-13,2025-06-12,15008.99,GBP
106992,300,2025-05-12,2025-06-11,6117.56,EUR
106993,300,2025-06-27,2025-07-27,24521.71,GBP
106994,300,2025-09-14,2025-10-14,9059.25,EUR
106995,300,2025-09-18,2025-10-18,13229.37,EUR
106996,300,2025-09-13,2025-10-13,7916.09,GBP
106997,300,2025-10-30,2025-11-29,2958.74,EUR
106998,300,2025-11-30,2025-12-30,9339.99,GBP
106999,300,2025-12-06,2026-01-05,11489.34,EUR
107000,300,2026-01-03,2026-02-02,10755.32,EUR
107001,300,2026-03-14,2026-04-13,7946.53,GBP
107002,300,2026-03-26,2026-04-25,6364.02,GBP
107003,300,2026-03-17,2026-04-16,6537.86,EUR
107004,300,2026-05-25,2026-06-24,3967.11,EUR
107005,300,2026-07-04,2026-08-03,8888.82,EUR
107006,300,2026-07-06,2026-08-05,10308.48,GBP
107007,300,2026-07-04,2026-08-03,9698.17,GBP
107008,300,2026-08-13,2026-09-12,3542.33,EUR
107009,300,2026-09-20,2026-10-20,6525.86,GBP
107010,300,2026-09-13,2026-10-13,11713.78,EUR
