"payment_id","invoice_id","payment_date","payment_amount","currency"
900001,100001,2024-11-28,6760.53,GBP
900002,100002,2025-01-03,1504.54,GBP
900003,100002,2025-02-14,1168.75,GBP
900004,100003,2025-01-23,4444.68,GBP
900005,100004,2025-03-04,7156.44,GBP
900006,100005,2025-03-10,2013.05,GBP
900007,100006,2025-06-28,4290.56,GBP
900008,100007,2025-06-17,11179.25,GBP
900009,100008,2025-07-31,5870.33,GBP
900010,100009,2025-09-01,8358.90,GBP
900011,100010,2025-09-05,8988.98,GBP
900012,100011,2025-11-10,5944.55,GBP
900013,100012,2025-12-29,8499.02,GBP
900014,100013,2025-11-11,2254.81,GBP
900015,100013,2025-12-26,3520.43,GBP
900016,100014,2026-02-17,3584.64,GBP
900017,100014,2026-04-03,2590.13,GBP
900018,100015,2026-02-05,11792.89,GBP
900019,100016,2026-02-02,1607.84,GBP
900020,100016,2026-03-20,2981.32,GBP
900021,100017,2026-02-12,6506.50,GBP
900022,100018,2026-01-26,3317.92,GBP
900023,100018,2026-02-12,4166.18,GBP
900024,100019,2026-03-03,6954.33,GBP
900025,100020,2026-05-01,2898.74,GBP
900026,100021,2026-04-10,1873.60,GBP
900027,100021,2026-04-24,2019.08,GBP
900028,100022,2026-05-13,4967.40,GBP
900029,100024,2026-05-23,6056.33,GBP
900030,100025,2026-05-25,4974.86,GBP
900031,100026,2026-07-21,3257.07,GBP
900032,100027,2026-08-21,5149.60,GBP
900033,100028,2026-08-16,21308.49,GBP
900034,100033,2024-10-31,3917.53,EUR
900035,100034,2024-12-03,3328.80,GBP
900036,100035,2024-12-03,4666.70,EUR
900037,100036,2025-02-21,3433.11,EUR
900038,100036,2025-03-07,2778.17,EUR
900039,100037,2025-03-04,3160.76,EUR
900040,100038,2025-03-07,10268.84,EUR
900041,100039,2025-05-11,4562.51,EUR
900042,100039,2025-06-12,9043.33,EUR
900043,100040,2025-06-01,4412.65,GBP
900044,100041,2025-07-21,2476.46,EUR
900045,100041,2025-08-07,1936.51,EUR
900046,100042,2025-08-28,8901.33,EUR
900047,100043,2025-09-26,4406.14,EUR
900048,100044,2025-10-18,3831.38,EUR
900049,100045,2025-11-20,4107.96,EUR
900050,100046,2025-12-02,5186.76,EUR
900051,100047,2025-12-25,4043.57,EUR
900052,100047,2026-01-04,3496.72,EUR
900053,100048,2026-02-11,13503.92,GBP
900054,100049,2026-03-06,9167.67,EUR
900055,100050,2026-04-22,10800.15,GBP
900056,100051,2026-04-08,7453.80,EUR
900057,100052,2026-04-17,5518.74,GBP
900058,100053,2026-06-08,8109.45,EUR
900059,100054,2026-07-19,2487.66,EUR
900060,100055,2026-08-06,2448.30,GBP
900061,100056,2025-02-03,1026.16,EUR
900062,100057,2025-01-07,1419.54,GBP
900063,100057,2025-02-03,1078.13,GBP
900064,100058,2025-03-07,2011.01,EUR
900065,100059,2025-03-12,1538.94,GBP
900066,100060,2025-03-14,1265.03,GBP
900067,100061,2025-03-16,2913.31,GBP
900068,100062,2025-07-18,353.34,EUR
900069,100063,2025-12-22,656.33,GBP
900070,100063,2026-01-04,939.51,GBP
900071,100064,2026-02-16,267.79,GBP
900072,100064,2026-03-08,251.21,GBP
900073,100065,2026-05-30,1802.97,GBP
900074,100066,2026-05-14,1382.18,GBP
900075,100067,2026-07-27,400.63,GBP
900076,100068,2025-07-07,1662.02,GBP
900077,100069,2026-04-24,1109.94,GBP
900078,100070,2026-05-10,1739.83,GBP
900079,100071,2026-05-31,304.37,GBP
900080,100071,2026-06-29,600.85,GBP
900081,100072,2026-06-30,1671.02,GBP
900082,100073,2026-06-13,2451.02,GBP
900083,100074,2024-12-28,10861.83,GBP
900084,100075,2025-01-31,4856.14,GBP
900085,100076,2025-01-11,3908.64,GBP
900086,100077,2025-05-30,6392.69,GBP
900087,100078,2025-05-29,3635.82,GBP
900088,100079,2025-05-27,4353.56,GBP
900089,100080,2025-06-07,3517.83,GBP
900090,100081,2025-07-15,2178.50,GBP
900091,100081,2025-08-11,2284.06,GBP
900092,100082,2025-08-08,17677.34,GBP
900093,100083,2025-09-30,4687.13,GBP
900094,100084,2025-10-19,3562.47,GBP
900095,100085,2025-10-02,4849.02,GBP
900096,100086,2025-11-23,5776.15,GBP
900097,100087,2025-11-08,8284.19,GBP
900098,100088,2025-12-17,5241.32,GBP
900099,100089,2026-01-11,6849.31,GBP
900100,100090,2026-02-22,9551.81,GBP
900101,100091,2026-06-29,3286.27,GBP
900102,100091,2026-07-27,3315.42,GBP
900103,100092,2026-07-24,7177.80,GBP
900104,100093,2026-07-26,4343.42,GBP
900105,100094,2026-09-13,10531.68,GBP
900106,100095,2026-09-10,7907.47,GBP
900107,100102,2025-02-19,1179.95,GBP
900108,100103,2025-05-18,1297.29,GBP
900109,100104,2025-08-08,1684.41,GBP
900110,100105,2025-07-11,2630.75,GBP
900111,100106,2026-04-11,2087.37,GBP
900112,100107,2026-06-14,660.82,GBP
900113,100108,2026-08-21,1901.12,GBP
900114,100109,2025-02-22,892.80,EUR
900115,100110,2025-04-24,1413.46,EUR
900116,100111,2025-04-26,1081.77,EUR
900117,100112,2025-05-30,977.29,GBP
900118,100113,2026-08-06,822.60,EUR
900119,100114,2026-06-24,1349.03,EUR
900120,100115,2026-07-22,1961.25,EUR
900121,100116,2026-07-26,740.53,GBP
900122,100118,2026-09-26,316.03,EUR
900123,100120,2025-03-16,1365.31,GBP
900124,100121,2026-02-22,956.47,GBP
900125,100122,2026-03-24,1393.31,GBP
900126,100123,2026-03-26,1453.22,GBP
900127,100124,2026-06-17,1520.23,GBP
900128,100125,2026-07-15,2104.89,GBP
900129,100126,2024-11-21,7675.77,GBP
900130,100127,2024-11-10,9120.68,GBP
900131,100128,2024-12-20,4054.49,GBP
900132,100129,2025-01-25,12126.68,GBP
900133,100130,2025-02-10,14744.58,GBP
900134,100130,2025-03-22,11781.46,GBP
900135,100131,2025-01-23,4493.42,GBP
900136,100132,2025-03-30,5595.57,GBP
900137,100133,2025-05-26,8378.48,GBP
900138,100134,2025-07-16,7308.35,GBP
900139,100135,2025-10-06,17765.62,GBP
900140,100136,2025-09-18,8553.10,GBP
900141,100137,2025-09-07,4080.69,GBP
900142,100138,2025-10-21,7087.31,GBP
900143,100139,2025-12-14,4328.01,GBP
900144,100140,2026-01-03,8795.13,GBP
900145,100141,2026-01-05,2546.95,GBP
900146,100141,2026-01-16,3063.49,GBP
900147,100142,2026-03-05,5231.52,GBP
900148,100143,2026-03-09,10607.86,GBP
900149,100144,2026-03-24,4214.77,GBP
900150,100145,2026-06-06,6808.30,GBP
900151,100146,2026-05-24,4426.57,GBP
900152,100147,2026-06-03,8683.66,GBP
900153,100148,2026-06-27,19389.55,GBP
900154,100149,2026-06-18,8284.14,GBP
900155,100150,2026-09-17,3856.77,GBP
900156,100153,2025-05-04,2415.06,EUR
900157,100154,2025-05-07,287.53,GBP
900158,100155,2025-10-21,1067.52,GBP
900159,100156,2025-11-01,1926.96,GBP
900160,100157,2025-12-16,1540.55,GBP
900161,100158,2026-04-04,3721.16,GBP
900162,100159,2026-07-25,1492.01,EUR
900163,100160,2025-01-24,11637.99,GBP
900164,100161,2025-04-04,5087.01,EUR
900165,100162,2025-03-25,1633.07,EUR
900166,100163,2025-05-01,6543.62,EUR
900167,100164,2025-07-14,12886.68,EUR
900168,100165,2025-07-10,10572.98,EUR
900169,100165,2025-08-23,9292.73,EUR
900170,100166,2025-07-16,4294.36,GBP
900171,100166,2025-08-02,3722.40,GBP
900172,100167,2025-08-05,8416.16,EUR
900173,100168,2025-10-27,10714.94,EUR
900174,100169,2026-02-23,9912.24,EUR
900175,100170,2026-02-18,5910.71,GBP
900176,100171,2026-04-06,13774.47,EUR
900177,100172,2026-04-29,9003.13,EUR
900178,100173,2026-05-19,4036.56,GBP
900179,100173,2026-06-01,3606.49,GBP
900180,100174,2026-07-25,14260.17,EUR
900181,100175,2026-06-12,5450.29,EUR
900182,100176,2026-06-29,11375.94,EUR
900183,100177,2026-09-02,6137.47,GBP
900184,100182,2025-10-30,1695.39,GBP
900185,100183,2026-04-05,3088.63,GBP
900186,100184,2026-05-28,2708.46,GBP
900187,100186,2025-02-10,3036.49,GBP
900188,100187,2025-01-29,6841.71,EUR
900189,100188,2025-04-03,2811.77,EUR
900190,100189,2025-05-04,6731.91,EUR
900191,100190,2025-06-01,4469.22,EUR
900192,100190,2025-06-24,5321.88,EUR
900193,100191,2025-08-01,8519.58,EUR
900194,100192,2025-07-06,5293.79,EUR
900195,100193,2025-07-27,4804.26,GBP
900196,100194,2025-10-28,3587.16,EUR
900197,100195,2026-01-28,5161.82,GBP
900198,100196,2026-02-22,7225.81,EUR
900199,100197,2026-02-20,16120.08,EUR
900200,100198,2026-02-02,7246.53,GBP
900201,100199,2026-02-20,6138.87,EUR
900202,100200,2026-03-06,2905.01,EUR
900203,100200,2026-03-19,3587.68,EUR
900204,100201,2026-05-13,19631.25,EUR
900205,100202,2026-06-11,12034.05,GBP
900206,100203,2026-08-28,10293.51,EUR
900207,100204,2026-09-24,5574.70,GBP
900208,100205,2024-12-24,1207.93,GBP
900209,100206,2024-12-06,2840.32,GBP
900210,100207,2025-03-28,1055.53,GBP
900211,100208,2025-05-10,855.27,GBP
900212,100208,2025-06-18,951.89,GBP
900213,100209,2025-12-31,712.02,GBP
900214,100210,2025-12-19,713.99,GBP
900215,100211,2026-04-01,1924.78,GBP
900216,100212,2026-03-14,1167.64,GBP
900217,100214,2025-03-22,1488.39,EUR
900218,100215,2025-04-26,682.08,EUR
900219,100216,2025-12-10,1508.45,EUR
900220,100217,2026-03-04,583.74,EUR
900221,100217,2026-04-16,555.25,EUR
900222,100218,2026-03-22,674.25,EUR
900223,100218,2026-04-15,586.81,EUR
900224,100219,2026-04-18,4382.05,EUR
900225,100220,2026-05-30,732.49,EUR
900226,100223,2025-06-19,796.50,EUR
900227,100224,2025-12-30,735.10,GBP
900228,100225,2026-02-15,2378.45,EUR
900229,100226,2026-02-20,1055.43,EUR
900230,100227,2026-05-02,670.78,EUR
900231,100228,2026-08-16,881.74,GBP
900232,100229,2026-08-14,1322.90,EUR
900233,100230,2026-09-13,678.41,GBP
900234,100232,2024-11-22,944.21,EUR
900235,100233,2025-11-17,2180.82,EUR
900236,100234,2026-05-23,376.14,EUR
900237,100234,2026-07-04,269.90,EUR
900238,100235,2026-06-12,1309.57,GBP
900239,100236,2026-06-25,715.43,GBP
900240,100237,2026-09-03,747.18,EUR
900241,100238,2024-12-07,1147.36,GBP
900242,100239,2024-12-24,468.66,GBP
900243,100239,2025-02-05,780.98,GBP
900244,100240,2025-07-10,960.69,EUR
900245,100241,2025-08-29,549.45,EUR
900246,100242,2026-01-05,5244.96,EUR
900247,100243,2026-07-21,1085.73,EUR
900248,100244,2026-07-15,947.56,EUR
900249,100245,2024-11-17,1139.65,GBP
900250,100245,2024-12-16,885.22,GBP
900251,100246,2024-12-15,866.86,GBP
900252,100247,2024-12-21,402.33,GBP
900253,100248,2024-12-16,3434.63,GBP
900254,100249,2025-03-08,398.21,GBP
900255,100249,2025-04-26,689.49,GBP
900256,100250,2025-07-07,654.29,GBP
900257,100251,2026-01-04,849.00,GBP
900258,100252,2026-01-30,1124.34,GBP
900259,100253,2026-03-25,1799.82,GBP
900260,100254,2025-01-19,3380.42,EUR
900261,100255,2026-05-19,1119.14,EUR
900262,100256,2026-08-13,1239.93,GBP
900263,100256,2026-09-19,921.40,GBP
900264,100257,2024-11-29,1255.53,GBP
900265,100258,2025-02-21,1861.55,GBP
900266,100259,2025-01-01,640.93,GBP
900267,100260,2025-04-21,1093.35,GBP
900268,100261,2025-06-15,3088.07,GBP
900269,100262,2025-12-22,7523.57,GBP
900270,100263,2026-01-08,3003.89,GBP
900271,100264,2026-01-16,216.16,GBP
900272,100264,2026-02-04,180.84,GBP
900273,100265,2026-07-12,728.73,GBP
900274,100269,2024-12-10,21010.08,GBP
900275,100270,2024-12-15,12396.83,GBP
900276,100270,2024-12-31,8378.71,GBP
900277,100271,2025-01-25,40287.89,GBP
900278,100272,2025-01-21,21758.46,GBP
900279,100273,2025-01-08,44334.12,GBP
900280,100274,2025-03-04,46822.77,GBP
900281,100275,2025-03-07,16323.43,GBP
900282,100276,2025-03-18,56904.17,GBP
900283,100277,2025-03-18,17695.54,GBP
900284,100278,2025-03-01,13907.83,GBP
900285,100278,2025-04-01,28302.84,GBP
900286,100279,2025-04-04,9363.86,GBP
900287,100279,2025-05-20,21609.72,GBP
900288,100280,2025-03-30,15789.99,GBP
900289,100281,2025-03-20,20653.68,GBP
900290,100282,2025-04-30,20014.40,GBP
900291,100283,2025-05-19,47578.82,GBP
900292,100284,2025-04-27,45041.22,GBP
900293,100285,2025-04-13,8161.39,GBP
900294,100286,2025-05-15,49477.92,GBP
900295,100287,2025-06-03,24536.78,GBP
900296,100288,2025-05-21,26384.03,GBP
900297,100289,2025-06-06,57525.35,GBP
900298,100290,2025-07-21,39326.25,GBP
900299,100291,2025-06-23,24156.44,GBP
900300,100292,2025-06-19,9024.67,GBP
900301,100293,2025-07-01,40407.19,GBP
900302,100293,2025-07-29,26958.04,GBP
900303,100294,2025-07-16,15817.46,GBP
900304,100295,2025-07-19,32111.06,GBP
900305,100296,2025-08-30,8173.65,GBP
900306,100296,2025-10-05,5455.72,GBP
900307,100297,2025-08-24,27336.37,GBP
900308,100298,2025-09-10,10246.79,GBP
900309,100298,2025-09-20,17368.50,GBP
900310,100299,2025-09-28,29541.92,GBP
900311,100300,2025-10-23,26891.91,GBP
900312,100301,2025-10-28,25640.53,GBP
900313,100302,2025-10-26,31465.26,GBP
900314,100303,2025-10-27,22897.37,GBP
900315,100304,2025-10-21,30782.46,GBP
900316,100305,2025-10-28,30941.45,GBP
900317,100307,2025-12-05,79931.15,GBP
900318,100308,2025-11-12,13919.31,GBP
900319,100308,2025-11-29,26566.68,GBP
900320,100309,2025-11-19,27553.87,GBP
900321,100309,2025-12-03,21566.05,GBP
900322,100310,2025-11-18,38155.35,GBP
900323,100311,2025-12-18,23884.86,GBP
900324,100312,2025-12-17,23166.00,GBP
900325,100313,2026-01-11,43661.46,GBP
900326,100314,2026-01-06,21697.21,GBP
900327,100315,2025-12-05,45057.51,GBP
900328,100316,2025-12-25,33201.41,GBP
900329,100317,2026-01-28,22045.28,GBP
900330,100318,2026-02-02,25933.10,GBP
900331,100319,2026-02-07,21913.23,GBP
900332,100320,2026-01-01,38989.19,GBP
900333,100321,2025-12-20,19178.26,GBP
900334,100322,2026-02-12,34857.66,GBP
900335,100323,2026-02-21,26817.56,GBP
900336,100324,2026-02-13,19230.96,GBP
900337,100325,2026-03-07,49356.63,GBP
900338,100326,2026-03-13,26539.70,GBP
900339,100327,2026-03-25,34833.90,GBP
900340,100328,2026-03-29,35427.35,GBP
900341,100329,2026-05-22,18645.67,GBP
900342,100330,2026-04-10,27061.37,GBP
900343,100331,2026-05-04,30626.38,GBP
900344,100332,2026-06-01,85158.87,GBP
900345,100333,2026-05-27,24573.65,GBP
900346,100334,2026-05-20,14690.00,GBP
900347,100334,2026-06-22,13362.12,GBP
900348,100335,2026-05-06,15669.41,GBP
900349,100335,2026-05-20,18388.72,GBP
900350,100336,2026-07-04,39607.52,GBP
900351,100338,2026-06-28,27887.66,GBP
900352,100339,2026-06-16,15890.82,GBP
900353,100340,2026-07-08,17000.51,GBP
900354,100341,2026-08-04,39052.28,GBP
900355,100343,2026-09-14,19674.84,GBP
900356,100344,2026-09-14,63688.16,GBP
900357,100352,2025-05-22,1341.29,GBP
900358,100353,2025-08-31,776.18,GBP
900359,100354,2025-11-30,1237.91,GBP
900360,100355,2026-04-11,1071.19,GBP
900361,100356,2026-05-13,1046.87,GBP
900362,100357,2026-08-24,1385.15,GBP
900363,100358,2026-09-30,540.01,GBP
900364,100360,2025-03-18,4584.55,GBP
900365,100361,2025-04-17,4708.51,GBP
900366,100362,2025-04-09,3588.05,GBP
900367,100363,2025-06-19,9171.57,GBP
900368,100364,2025-03-06,10592.38,GBP
900369,100365,2025-05-18,8893.82,GBP
900370,100368,2025-07-31,9178.35,GBP
900371,100369,2025-10-01,3289.64,GBP
900372,100370,2025-12-30,11035.07,GBP
900373,100371,2025-11-30,5862.52,GBP
900374,100373,2025-11-20,3747.69,GBP
900375,100373,2025-12-13,4307.24,GBP
900376,100374,2025-12-03,5476.03,GBP
900377,100375,2026-03-26,6635.31,GBP
900378,100376,2026-04-15,3893.13,GBP
900379,100377,2026-07-02,6603.00,GBP
900380,100377,2026-07-19,5289.80,GBP
900381,100378,2026-04-09,13267.20,GBP
900382,100379,2026-08-10,4834.67,GBP
900383,100380,2026-06-08,4114.49,GBP
900384,100381,2026-08-30,1851.74,GBP
900385,100381,2026-09-20,3341.53,GBP
900386,100382,2026-09-13,13828.58,GBP
900387,100386,2024-11-07,43248.51,GBP
900388,100387,2024-12-18,32658.53,GBP
900389,100388,2024-11-13,20922.97,GBP
900390,100389,2024-11-13,10843.43,GBP
900391,100389,2024-12-02,8029.91,GBP
900392,100390,2024-11-15,24055.44,GBP
900393,100391,2024-12-09,17128.14,GBP
900394,100393,2024-11-22,22454.62,GBP
900395,100394,2024-12-18,24320.89,GBP
900396,100395,2025-01-29,15786.01,GBP
900397,100395,2025-03-11,29766.11,GBP
900398,100396,2025-02-04,11818.16,GBP
900399,100397,2025-02-23,43150.61,GBP
900400,100398,2025-02-21,21790.58,GBP
900401,100399,2025-04-16,20064.91,GBP
900402,100400,2025-02-26,44092.93,GBP
900403,100401,2025-03-05,45384.50,GBP
900404,100402,2025-04-17,22411.35,GBP
900405,100403,2025-04-04,21538.83,GBP
900406,100404,2025-04-30,37016.81,GBP
900407,100405,2025-05-16,70810.98,GBP
900408,100406,2025-05-15,15583.74,GBP
900409,100406,2025-06-24,27148.07,GBP
900410,100407,2025-04-20,112396.75,GBP
900411,100408,2025-05-31,25889.20,GBP
900412,100409,2025-05-28,45675.36,GBP
900413,100410,2025-05-17,17595.15,GBP
900414,100410,2025-06-28,23694.93,GBP
900415,100411,2025-06-16,20711.86,GBP
900416,100412,2025-05-21,26188.15,GBP
900417,100412,2025-06-27,20480.76,GBP
900418,100413,2025-06-18,13590.74,GBP
900419,100414,2025-06-12,31815.77,GBP
900420,100415,2025-07-31,10514.29,GBP
900421,100415,2025-08-18,18305.61,GBP
900422,100416,2025-07-20,20675.95,GBP
900423,100417,2025-08-20,28717.22,GBP
900424,100418,2025-08-05,24670.00,GBP
900425,100419,2025-08-15,34876.06,GBP
900426,100420,2025-09-17,59835.75,GBP
900427,100421,2025-09-13,14461.44,GBP
900428,100422,2025-09-25,25220.05,GBP
900429,100423,2025-09-17,18532.62,GBP
900430,100424,2025-11-10,22114.15,GBP
900431,100425,2025-10-27,30166.44,GBP
900432,100426,2025-10-29,27303.89,GBP
900433,100427,2025-10-29,30851.43,GBP
900434,100428,2025-11-17,18438.83,GBP
900435,100429,2025-11-03,15726.88,GBP
900436,100430,2025-11-03,28380.65,GBP
900437,100431,2025-11-25,37097.51,GBP
900438,100432,2025-11-16,24693.87,GBP
900439,100433,2025-12-01,24706.37,GBP
900440,100434,2025-12-31,30995.48,GBP
900441,100435,2025-10-28,65201.02,GBP
900442,100436,2025-12-04,20721.99,GBP
900443,100437,2025-11-30,33918.49,GBP
900444,100438,2025-12-25,17479.23,GBP
900445,100439,2026-01-25,15523.17,GBP
900446,100439,2026-02-16,21173.86,GBP
900447,100440,2026-01-12,18642.78,GBP
900448,100441,2026-02-07,12133.80,GBP
900449,100442,2026-01-06,22415.47,GBP
900450,100443,2025-12-15,40586.14,GBP
900451,100445,2026-02-21,27496.27,GBP
900452,100446,2026-01-26,10426.72,GBP
900453,100447,2026-02-01,29678.97,GBP
900454,100448,2026-02-20,23833.12,GBP
900455,100449,2026-02-17,28838.01,GBP
900456,100450,2026-04-04,26583.85,GBP
900457,100451,2026-03-20,18027.64,GBP
900458,100452,2026-03-20,99355.65,GBP
900459,100453,2026-03-07,33234.14,GBP
900460,100454,2026-05-08,20886.15,GBP
900461,100455,2026-04-09,24639.72,GBP
900462,100456,2026-04-12,66583.73,GBP
900463,100457,2026-04-19,28592.24,GBP
900464,100458,2026-04-06,28817.84,GBP
900465,100459,2026-04-13,46058.27,GBP
900466,100460,2026-04-06,24147.73,GBP
900467,100461,2026-03-20,43491.75,GBP
900468,100462,2026-04-26,13744.17,GBP
900469,100463,2026-06-02,31141.78,GBP
900470,100464,2026-06-08,8272.82,GBP
900471,100464,2026-07-07,10043.32,GBP
900472,100465,2026-05-29,39634.49,GBP
900473,100466,2026-07-10,70877.78,GBP
900474,100467,2026-06-25,11929.46,GBP
900475,100468,2026-05-31,53074.08,GBP
900476,100469,2026-07-15,13968.71,GBP
900477,100470,2026-08-28,11217.05,GBP
900478,100471,2026-07-08,28232.73,GBP
900479,100472,2026-08-18,22369.15,GBP
900480,100473,2026-08-20,43416.64,GBP
900481,100474,2026-08-02,50487.33,GBP
900482,100475,2026-09-11,16226.39,GBP
900483,100476,2026-08-23,18216.26,GBP
900484,100477,2026-08-23,31213.73,GBP
900485,100478,2026-08-04,53547.56,GBP
900486,100479,2026-09-21,36591.47,GBP
900487,100488,2024-12-02,994.97,GBP
900488,100489,2025-07-17,1137.25,GBP
900489,100489,2025-08-04,1491.53,GBP
900490,100490,2025-10-30,981.53,GBP
900491,100491,2025-12-15,1094.07,GBP
900492,100492,2026-01-24,812.93,GBP
900493,100493,2026-04-09,768.52,GBP
900494,100494,2026-05-17,2092.66,GBP
900495,100495,2026-09-16,1284.47,GBP
900496,100496,2024-12-08,9304.30,GBP
900497,100497,2025-04-15,6268.87,GBP
900498,100498,2025-07-04,3357.99,GBP
900499,100498,2025-08-01,5615.82,GBP
900500,100499,2025-07-19,6760.03,GBP
900501,100500,2025-07-10,6302.65,GBP
900502,100501,2025-08-29,7195.14,GBP
900503,100502,2025-10-16,15995.34,GBP
900504,100503,2025-10-09,5384.39,GBP
900505,100504,2025-11-04,4885.32,GBP
900506,100505,2025-12-31,21773.75,GBP
900507,100506,2026-01-05,9726.48,GBP
900508,100507,2026-01-17,4417.80,GBP
900509,100507,2026-03-07,9124.84,GBP
900510,100508,2026-02-22,4432.90,GBP
900511,100509,2026-02-22,5155.58,GBP
900512,100510,2026-03-02,10000.96,GBP
900513,100511,2026-03-28,1751.74,GBP
900514,100511,2026-04-29,2825.66,GBP
900515,100512,2026-05-21,4749.38,GBP
900516,100513,2026-06-15,9348.71,GBP
900517,100514,2026-07-07,11788.24,GBP
900518,100515,2026-06-22,6099.31,GBP
900519,100516,2026-06-24,5966.00,GBP
900520,100517,2026-06-25,5697.38,GBP
900521,100518,2026-07-12,12679.57,GBP
900522,100519,2026-07-20,6212.99,GBP
900523,100520,2026-07-19,4702.51,GBP
900524,100521,2026-09-09,12877.77,GBP
900525,100522,2026-08-03,3400.85,GBP
900526,100522,2026-09-18,3269.20,GBP
900527,100523,2026-09-26,8876.86,GBP
900528,100524,2026-09-14,7735.11,GBP
900529,100528,2024-11-27,6960.41,GBP
900530,100529,2024-11-01,8631.23,EUR
900531,100530,2025-01-05,3850.48,GBP
900532,100531,2024-12-28,6960.07,EUR
900533,100532,2025-01-27,3844.78,EUR
900534,100533,2025-02-27,9308.95,EUR
900535,100534,2025-03-07,2465.58,GBP
900536,100535,2025-03-24,1293.80,EUR
900537,100535,2025-04-03,2528.22,EUR
900538,100536,2025-03-31,6338.01,GBP
900539,100537,2025-04-26,5787.73,GBP
900540,100538,2025-05-11,8223.76,EUR
900541,100539,2025-05-01,2425.52,GBP
900542,100539,2025-05-16,4341.81,GBP
900543,100540,2025-06-14,4265.60,GBP
900544,100540,2025-07-26,3853.94,GBP
900545,100541,2025-07-30,6180.59,EUR
900546,100542,2025-07-24,7286.57,EUR
900547,100543,2025-07-12,7354.45,GBP
900548,100544,2025-08-18,5200.21,GBP
900549,100545,2025-08-16,4642.80,GBP
900550,100546,2025-08-29,2938.96,EUR
900551,100547,2025-09-17,5411.16,EUR
900552,100548,2025-10-28,12446.95,GBP
900553,100549,2025-11-21,5801.36,EUR
900554,100550,2026-01-03,7927.34,GBP
900555,100551,2025-12-04,9501.93,GBP
900556,100552,2025-12-11,8731.72,GBP
900557,100553,2026-01-15,10335.40,EUR
900558,100554,2026-04-05,8540.73,GBP
900559,100555,2026-03-23,2531.78,EUR
900560,100556,2026-04-16,2574.33,GBP
900561,100557,2026-07-16,5080.29,EUR
900562,100558,2026-07-26,8182.37,EUR
900563,100558,2026-08-16,5917.49,EUR
900564,100559,2026-08-12,8862.61,EUR
900565,100561,2026-09-24,4222.89,EUR
900566,100563,2025-02-27,5258.67,EUR
900567,100564,2025-02-14,6299.05,GBP
900568,100565,2025-04-24,6296.07,GBP
900569,100566,2025-04-20,5513.92,GBP
900570,100567,2025-05-03,4007.06,GBP
900571,100568,2025-04-28,5947.01,GBP
900572,100569,2025-05-12,5542.61,GBP
900573,100570,2025-05-25,3255.78,GBP
900574,100571,2025-07-18,6201.61,GBP
900575,100572,2026-01-21,6804.37,GBP
900576,100573,2026-02-24,3541.21,EUR
900577,100574,2026-04-08,2756.39,EUR
900578,100575,2026-05-07,8612.64,GBP
900579,100576,2026-05-18,3546.10,GBP
900580,100577,2026-06-18,7626.12,EUR
900581,100578,2026-09-04,7642.02,GBP
900582,100581,2025-02-22,1785.75,GBP
900583,100582,2025-02-13,481.40,GBP
900584,100583,2025-02-21,454.47,GBP
900585,100584,2025-06-01,938.44,GBP
900586,100584,2025-07-20,1763.25,GBP
900587,100585,2026-04-14,1789.29,GBP
900588,100586,2026-08-16,762.61,GBP
900589,100589,2025-05-25,367.99,GBP
900590,100590,2025-07-22,775.79,GBP
900591,100591,2026-02-14,729.79,GBP
900592,100592,2026-03-26,913.25,GBP
900593,100593,2026-03-26,740.69,GBP
900594,100594,2026-04-16,645.00,GBP
900595,100595,2026-04-19,1368.84,GBP
900596,100596,2026-06-02,1433.30,GBP
900597,100597,2025-12-13,645.23,GBP
900598,100598,2026-04-25,565.72,GBP
900599,100603,2025-04-12,475.60,GBP
900600,100604,2025-05-28,473.19,EUR
900601,100604,2025-07-08,876.88,EUR
900602,100605,2025-04-16,1706.90,EUR
900603,100606,2025-06-11,1187.40,EUR
900604,100607,2025-05-12,1268.24,GBP
900605,100608,2025-07-26,1097.15,GBP
900606,100609,2026-03-24,907.64,EUR
900607,100609,2026-04-28,1109.76,EUR
900608,100610,2026-05-16,811.46,GBP
900609,100611,2026-09-08,317.64,GBP
900610,100615,2025-02-06,19841.87,GBP
900611,100616,2024-12-23,16427.72,GBP
900612,100617,2024-12-11,12655.95,GBP
900613,100618,2024-12-07,35868.51,GBP
900614,100619,2024-12-31,34073.85,GBP
900615,100620,2025-02-07,64385.60,GBP
900616,100621,2025-02-18,39697.69,GBP
900617,100622,2025-01-15,9429.36,GBP
900618,100623,2025-03-07,35816.53,GBP
900619,100624,2025-02-18,19459.22,GBP
900620,100625,2025-02-24,46494.26,GBP
900621,100626,2025-03-04,43414.80,GBP
900622,100627,2025-05-05,32875.42,GBP
900623,100628,2025-04-30,39184.67,GBP
900624,100629,2025-03-14,44112.06,GBP
900625,100630,2025-04-19,44253.49,GBP
900626,100631,2025-04-28,32772.90,GBP
900627,100633,2025-06-12,17780.22,GBP
900628,100634,2025-08-21,23592.37,GBP
900629,100635,2025-07-16,12228.12,GBP
900630,100636,2025-07-12,29214.02,GBP
900631,100637,2025-06-29,26573.51,GBP
900632,100638,2025-08-19,53878.83,GBP
900633,100639,2025-08-14,18963.57,GBP
900634,100639,2025-09-18,32167.52,GBP
900635,100640,2025-08-30,44960.97,GBP
900636,100641,2025-10-12,15378.41,GBP
900637,100642,2025-09-22,16781.67,GBP
900638,100643,2025-10-22,26838.84,GBP
900639,100644,2025-10-24,35122.68,GBP
900640,100645,2025-10-10,15506.70,GBP
900641,100645,2025-10-31,21288.91,GBP
900642,100646,2025-11-21,33672.30,GBP
900643,100647,2025-11-08,10883.51,GBP
900644,100648,2025-10-31,19661.25,GBP
900645,100649,2025-11-15,29016.11,GBP
900646,100650,2025-10-27,14798.87,GBP
900647,100651,2025-12-26,20182.11,GBP
900648,100652,2025-12-12,72744.86,GBP
900649,100653,2025-12-21,40531.37,GBP
900650,100654,2025-12-29,28705.56,GBP
900651,100654,2026-02-14,21048.55,GBP
900652,100655,2026-02-01,72692.69,GBP
900653,100656,2026-02-24,52326.69,GBP
900654,100657,2026-02-27,10689.05,GBP
900655,100657,2026-04-04,17422.62,GBP
900656,100658,2025-12-21,41748.87,GBP
900657,100659,2026-01-19,23989.43,GBP
900658,100660,2026-01-11,28433.97,GBP
900659,100661,2026-03-11,48254.49,GBP
900660,100663,2026-02-12,23530.65,GBP
900661,100665,2026-04-25,15524.99,GBP
900662,100665,2026-05-09,18281.86,GBP
900663,100666,2026-03-15,33480.39,GBP
900664,100667,2026-05-22,14761.68,GBP
900665,100667,2026-06-16,33924.77,GBP
900666,100669,2026-04-19,30998.94,GBP
900667,100670,2026-04-30,27025.30,GBP
900668,100671,2026-05-12,28395.06,GBP
900669,100672,2026-06-18,17467.43,GBP
900670,100673,2026-06-07,30943.53,GBP
900671,100674,2026-07-01,9388.35,GBP
900672,100674,2026-07-29,15433.76,GBP
900673,100675,2026-07-09,34788.20,GBP
900674,100676,2026-07-19,12253.05,GBP
900675,100677,2026-07-05,43540.31,GBP
900676,100678,2026-08-30,18665.28,GBP
900677,100679,2026-07-25,20701.11,GBP
900678,100680,2026-08-22,22584.94,GBP
900679,100681,2026-07-30,32667.99,GBP
900680,100682,2026-07-24,47147.95,GBP
900681,100683,2026-08-11,15802.09,GBP
900682,100684,2026-09-01,23525.88,GBP
900683,100685,2026-08-29,8630.77,GBP
900684,100685,2026-09-18,16508.47,GBP
900685,100686,2026-08-28,23617.22,GBP
900686,100687,2026-09-18,23278.99,GBP
900687,100688,2026-09-30,59964.12,GBP
900688,100689,2026-09-24,20618.18,GBP
900689,100694,2025-02-06,71769.21,GBP
900690,100695,2025-02-23,9603.04,GBP
900691,100696,2025-03-28,32428.54,GBP
900692,100697,2025-04-11,28552.86,GBP
900693,100698,2025-02-04,12677.85,GBP
900694,100698,2025-03-14,18599.08,GBP
900695,100699,2025-01-28,27344.87,GBP
900696,100700,2025-04-05,20288.79,GBP
900697,100701,2025-04-24,14284.25,GBP
900698,100702,2025-04-10,29506.64,GBP
900699,100703,2025-03-16,34626.14,GBP
900700,100704,2025-07-11,36306.77,GBP
900701,100705,2025-08-20,29976.69,GBP
900702,100706,2025-06-25,22652.95,GBP
900703,100707,2025-04-23,25022.16,GBP
900704,100708,2025-05-27,11187.87,GBP
900705,100709,2025-07-25,10149.00,GBP
900706,100710,2025-07-15,33629.81,GBP
900707,100711,2025-06-20,25594.31,GBP
900708,100712,2025-06-14,16704.00,GBP
900709,100713,2025-07-06,40934.66,GBP
900710,100714,2025-08-19,23784.39,GBP
900711,100715,2025-08-27,7315.14,GBP
900712,100715,2025-09-14,14094.41,GBP
900713,100716,2025-10-01,10467.99,GBP
900714,100718,2025-09-30,13909.68,GBP
900715,100719,2025-10-02,16791.42,GBP
900716,100720,2025-12-16,67178.11,GBP
900717,100721,2025-12-06,34669.90,GBP
900718,100722,2025-11-01,20507.65,GBP
900719,100723,2025-12-11,23594.41,GBP
900720,100724,2025-10-15,24648.11,GBP
900721,100725,2025-11-20,13452.37,GBP
900722,100726,2025-12-23,49830.61,GBP
900723,100727,2026-01-27,17740.91,GBP
900724,100728,2025-12-23,15835.21,GBP
900725,100730,2025-12-01,20566.87,GBP
900726,100731,2026-01-03,13043.30,GBP
900727,100733,2026-01-29,39177.11,GBP
900728,100734,2025-12-26,19961.22,GBP
900729,100735,2026-04-12,51593.07,GBP
900730,100736,2026-03-17,47113.43,GBP
900731,100737,2026-01-29,14767.48,GBP
900732,100739,2026-04-15,13293.66,GBP
900733,100740,2026-02-26,35522.88,GBP
900734,100741,2026-04-28,30371.38,GBP
900735,100742,2026-04-27,66074.40,GBP
900736,100743,2026-07-23,29306.01,GBP
900737,100744,2026-07-23,17239.84,GBP
900738,100745,2026-07-10,28244.59,GBP
900739,100746,2026-06-25,52581.75,GBP
900740,100747,2026-07-07,19812.54,GBP
900741,100748,2026-08-16,36511.86,GBP
900742,100750,2026-09-04,27335.49,GBP
900743,100751,2026-09-11,21211.93,GBP
900744,100752,2026-09-09,19121.34,GBP
900745,100754,2026-08-07,19977.49,GBP
900746,100755,2026-09-11,41732.34,GBP
900747,100756,2026-09-23,39384.74,GBP
900748,100769,2025-06-28,422.75,GBP
900749,100770,2025-08-05,1452.57,GBP
900750,100771,2026-05-29,488.21,GBP
900751,100775,2025-02-09,4632.20,GBP
900752,100776,2025-02-02,2113.57,GBP
900753,100776,2025-02-18,2493.43,GBP
900754,100777,2025-01-14,8190.66,GBP
900755,100778,2025-02-23,9655.73,GBP
900756,100779,2025-04-02,4503.10,GBP
900757,100780,2025-06-01,6895.40,GBP
900758,100781,2025-10-17,5152.32,GBP
900759,100781,2025-11-10,9621.89,GBP
900760,100782,2025-10-13,7594.99,GBP
900761,100783,2025-11-22,4148.69,GBP
900762,100784,2026-01-22,7001.79,GBP
900763,100785,2026-01-18,5608.00,GBP
900764,100786,2026-01-01,8212.11,GBP
900765,100787,2026-02-05,5940.79,GBP
900766,100788,2026-02-12,9934.96,GBP
900767,100789,2026-04-17,7795.77,GBP
900768,100790,2026-05-30,16727.13,GBP
900769,100791,2026-06-02,6645.05,GBP
900770,100792,2026-06-17,6326.61,GBP
900771,100793,2026-07-10,3830.00,GBP
900772,100794,2026-09-16,6825.04,GBP
900773,100796,2024-11-19,618.00,GBP
900774,100797,2024-12-06,1249.56,GBP
900775,100798,2025-02-16,1924.32,GBP
900776,100799,2025-08-01,1448.12,GBP
900777,100800,2025-10-06,834.48,GBP
900778,100801,2025-11-28,1186.41,GBP
900779,100802,2026-02-11,758.25,GBP
900780,100803,2026-05-16,1141.14,GBP
900781,100804,2024-12-10,3178.08,EUR
900782,100804,2025-01-01,5667.10,EUR
900783,100805,2024-12-20,29975.70,GBP
900784,100806,2024-12-23,50734.90,GBP
900785,100807,2024-12-08,18345.81,EUR
900786,100808,2024-12-17,57890.64,EUR
900787,100809,2024-12-11,21169.83,GBP
900788,100810,2024-12-05,20351.87,EUR
900789,100811,2024-12-28,10236.22,EUR
900790,100811,2025-01-09,15411.45,EUR
900791,100812,2025-01-21,45504.45,EUR
900792,100813,2025-02-02,12563.54,EUR
900793,100813,2025-02-18,9897.25,EUR
900794,100814,2025-01-20,31593.96,EUR
900795,100815,2025-01-15,33858.45,EUR
900796,100816,2025-01-31,19475.72,EUR
900797,100817,2025-01-21,21754.05,EUR
900798,100818,2025-01-30,18819.90,EUR
900799,100819,2025-02-15,8139.09,GBP
900800,100820,2025-02-13,27366.61,EUR
900801,100821,2025-03-04,46547.42,GBP
900802,100822,2025-03-04,24172.70,GBP
900803,100823,2025-05-06,41977.18,EUR
900804,100824,2025-04-15,27404.71,GBP
900805,100825,2025-04-28,26710.33,EUR
900806,100826,2025-04-14,25728.64,EUR
900807,100827,2025-05-14,31338.58,EUR
900808,100828,2025-05-14,4679.12,EUR
900809,100828,2025-06-06,10036.81,EUR
900810,100829,2025-05-16,30201.67,EUR
900811,100830,2025-06-12,17903.46,EUR
900812,100830,2025-07-03,14159.79,EUR
900813,100831,2025-07-04,14637.74,EUR
900814,100831,2025-07-16,18405.24,EUR
900815,100832,2025-06-16,45109.53,GBP
900816,100833,2025-07-18,25167.26,EUR
900817,100834,2025-07-08,8824.17,GBP
900818,100834,2025-07-31,10275.93,GBP
900819,100835,2025-07-26,28400.57,EUR
900820,100836,2025-07-19,48641.91,GBP
900821,100837,2025-07-30,7197.46,GBP
900822,100837,2025-08-20,5682.45,GBP
900823,100838,2025-08-20,12715.81,GBP
900824,100838,2025-09-01,26226.40,GBP
900825,100839,2025-08-31,7757.60,EUR
900826,100839,2025-09-24,11080.50,EUR
900827,100840,2025-08-29,40975.84,EUR
900828,100841,2025-08-06,28320.13,GBP
900829,100842,2025-09-12,68159.01,EUR
900830,100843,2025-09-16,13969.21,EUR
900831,100843,2025-10-04,13213.82,EUR
900832,100844,2025-09-03,23528.13,GBP
900833,100845,2025-11-04,26204.33,GBP
900834,100846,2025-10-30,15060.25,GBP
900835,100847,2025-11-18,11657.12,EUR
900836,100848,2025-11-29,19433.23,GBP
900837,100849,2025-11-08,11308.82,GBP
900838,100850,2025-12-07,48057.28,GBP
900839,100851,2025-11-24,17831.28,GBP
900840,100852,2025-11-12,16769.88,GBP
900841,100853,2025-11-03,42025.22,GBP
900842,100854,2025-11-06,20091.64,EUR
900843,100855,2025-12-25,48302.90,GBP
900844,100856,2025-12-16,20957.95,EUR
900845,100857,2025-12-04,13653.88,GBP
900846,100858,2026-01-30,18680.06,EUR
900847,100859,2026-01-09,29232.10,EUR
900848,100860,2026-01-04,11176.17,GBP
900849,100860,2026-01-17,19190.80,GBP
900850,100861,2026-03-05,36324.18,EUR
900851,100863,2026-03-27,23932.97,EUR
900852,100864,2026-03-22,57336.21,EUR
900853,100865,2026-05-04,19241.83,GBP
900854,100866,2026-05-03,26885.15,EUR
900855,100867,2026-05-17,18160.88,GBP
900856,100868,2026-05-13,26830.10,EUR
900857,100869,2026-04-28,32878.32,EUR
900858,100870,2026-04-30,47979.41,EUR
900859,100871,2026-05-21,10983.01,EUR
900860,100871,2026-06-23,16377.49,EUR
900861,100872,2026-05-05,43378.38,GBP
900862,100873,2026-05-09,30460.12,GBP
900863,100874,2026-05-09,7186.68,GBP
900864,100874,2026-06-06,7624.46,GBP
900865,100875,2026-06-29,18580.53,GBP
900866,100876,2026-06-19,35642.55,GBP
900867,100877,2026-06-11,31429.82,EUR
900868,100878,2026-07-12,33081.63,GBP
900869,100879,2026-08-11,27683.10,GBP
900870,100880,2026-08-08,46557.64,EUR
900871,100881,2026-09-08,12333.55,GBP
900872,100882,2026-08-18,70913.83,GBP
900873,100883,2026-09-09,37120.30,GBP
900874,100884,2026-09-15,22478.42,EUR
900875,100887,2026-09-19,29930.71,EUR
900876,100890,2025-03-22,470.53,EUR
900877,100891,2025-04-07,2290.59,EUR
900878,100892,2026-03-23,1917.23,GBP
900879,100893,2026-03-16,1026.37,GBP
900880,100893,2026-04-15,2250.80,GBP
900881,100894,2026-06-23,2038.82,GBP
900882,100895,2026-07-11,929.17,EUR
900883,100896,2026-09-01,1968.29,GBP
900884,100897,2025-01-06,33163.09,EUR
900885,100898,2024-12-11,10751.13,EUR
900886,100899,2024-12-09,17778.83,EUR
900887,100900,2024-12-09,27962.23,EUR
900888,100901,2025-01-16,29931.30,GBP
900889,100902,2024-12-01,6908.10,GBP
900890,100902,2024-12-11,13245.52,GBP
900891,100903,2025-01-09,40165.67,EUR
900892,100904,2025-01-24,25380.96,GBP
900893,100905,2025-01-26,10789.87,GBP
900894,100906,2025-01-25,20646.77,GBP
900895,100907,2025-03-07,41006.79,GBP
900896,100908,2025-02-12,17982.21,GBP
900897,100909,2025-03-02,25351.45,EUR
900898,100910,2025-02-11,50366.88,GBP
900899,100911,2025-03-01,14671.35,EUR
900900,100912,2025-02-18,32114.44,GBP
900901,100913,2025-03-14,45434.51,GBP
900902,100914,2025-03-21,18284.00,GBP
900903,100915,2025-04-03,8238.82,GBP
900904,100915,2025-04-16,11151.23,GBP
900905,100916,2025-04-05,23600.05,EUR
900906,100917,2025-04-06,25728.69,EUR
900907,100918,2025-05-15,36440.23,GBP
900908,100919,2025-05-06,20362.51,GBP
900909,100920,2025-06-12,54542.79,EUR
900910,100921,2025-06-15,31523.90,GBP
900911,100922,2025-06-11,18370.30,EUR
900912,100923,2025-06-14,15134.90,GBP
900913,100924,2025-07-21,34577.25,EUR
900914,100925,2025-07-30,22512.90,GBP
900915,100926,2025-07-16,13136.46,EUR
900916,100927,2025-08-29,19035.59,GBP
900917,100927,2025-09-08,18672.32,GBP
900918,100928,2025-08-28,20924.68,EUR
900919,100929,2025-08-03,10798.91,GBP
900920,100930,2025-08-10,14383.89,GBP
900921,100931,2025-08-14,18631.91,GBP
900922,100932,2025-08-29,11964.88,GBP
900923,100933,2025-09-07,26116.64,GBP
900924,100933,2025-10-05,46430.60,GBP
900925,100934,2025-09-18,12792.33,EUR
900926,100935,2025-09-22,27011.80,GBP
900927,100936,2025-09-24,107825.28,GBP
900928,100937,2025-10-06,36952.49,GBP
900929,100938,2025-09-19,20425.67,GBP
900930,100938,2025-11-05,18863.35,GBP
900931,100939,2025-09-28,36190.44,GBP
900932,100940,2025-10-30,42684.65,GBP
900933,100941,2025-11-15,22577.52,EUR
900934,100942,2025-11-11,16403.83,GBP
900935,100943,2025-12-24,39068.05,GBP
900936,100944,2026-01-01,23001.10,GBP
900937,100945,2026-01-03,19687.31,EUR
900938,100946,2025-12-19,41682.82,GBP
900939,100947,2026-01-29,33402.56,GBP
900940,100948,2026-02-18,21125.24,GBP
900941,100949,2026-02-05,32568.16,EUR
900942,100950,2026-02-06,25756.31,EUR
900943,100951,2026-02-07,39928.07,EUR
900944,100952,2026-02-22,45012.25,GBP
900945,100953,2026-02-28,25240.83,GBP
900946,100954,2026-03-08,32407.81,GBP
900947,100955,2026-02-08,19285.45,GBP
900948,100955,2026-03-21,33914.19,GBP
900949,100956,2026-03-14,14336.98,EUR
900950,100957,2026-03-21,42044.32,GBP
900951,100958,2026-02-28,35567.00,GBP
900952,100959,2026-03-31,14210.80,GBP
900953,100960,2026-04-13,21189.63,GBP
900954,100961,2026-04-29,12201.50,GBP
900955,100962,2026-04-19,8132.81,GBP
900956,100962,2026-06-04,14520.62,GBP
900957,100963,2026-05-24,32024.41,EUR
900958,100964,2026-05-31,6972.54,GBP
900959,100964,2026-06-27,11329.35,GBP
900960,100965,2026-05-12,62119.72,GBP
900961,100966,2026-06-26,54056.67,EUR
900962,100967,2026-06-11,19958.06,GBP
900963,100967,2026-07-28,17045.30,GBP
900964,100968,2026-05-28,19832.65,EUR
900965,100969,2026-07-13,38593.57,EUR
900966,100970,2026-07-26,17585.39,EUR
900967,100971,2026-07-24,27668.96,EUR
900968,100972,2026-06-30,39400.21,EUR
900969,100973,2026-07-10,31381.97,EUR
900970,100974,2026-09-01,28274.74,GBP
900971,100975,2026-08-21,19409.74,EUR
900972,100976,2026-09-24,32101.05,GBP
900973,100977,2026-09-23,17376.79,GBP
900974,100981,2026-09-30,21715.86,GBP
900975,100982,2024-11-26,6484.33,GBP
900976,100983,2024-12-05,6315.57,EUR
900977,100984,2024-12-31,6963.03,EUR
900978,100985,2025-03-25,16105.16,GBP
900979,100986,2025-04-13,7578.81,GBP
900980,100987,2025-06-06,5548.30,GBP
900981,100988,2025-06-03,4652.98,GBP
900982,100989,2025-07-13,11528.21,EUR
900983,100990,2025-11-15,2893.22,GBP
900984,100991,2025-11-02,8708.17,EUR
900985,100992,2025-12-06,2691.93,EUR
900986,100993,2025-12-22,6516.13,GBP
900987,100994,2026-02-18,6600.72,EUR
900988,100995,2026-03-05,4974.31,GBP
900989,100996,2026-04-26,5711.26,GBP
900990,100997,2026-04-13,3568.15,GBP
900991,100998,2026-03-21,6370.90,GBP
900992,100999,2026-04-27,10750.99,GBP
900993,101000,2026-07-26,4065.47,GBP
900994,101001,2026-09-24,6481.28,EUR
900995,101003,2024-11-17,1064.52,EUR
900996,101004,2024-11-14,3445.20,EUR
900997,101005,2025-05-17,634.09,GBP
900998,101006,2025-06-07,1947.19,GBP
900999,101007,2025-09-16,1410.34,GBP
901000,101008,2025-09-19,707.05,EUR
901001,101009,2025-12-04,1211.94,GBP
901002,101010,2026-01-27,786.62,GBP
901003,101011,2026-07-09,1709.67,GBP
901004,101012,2024-12-06,680.51,GBP
901005,101013,2025-03-31,476.01,GBP
901006,101014,2025-08-27,1953.42,GBP
901007,101015,2025-12-24,1576.87,GBP
901008,101016,2025-12-24,1366.84,GBP
901009,101017,2026-04-28,1486.77,GBP
901010,101018,2026-06-07,318.66,GBP
901011,101020,2024-11-30,1367.89,GBP
901012,101020,2025-01-04,2564.51,GBP
901013,101021,2024-11-27,6006.20,GBP
901014,101022,2025-02-16,4865.67,GBP
901015,101023,2025-02-25,4548.40,GBP
901016,101023,2025-03-18,10098.00,GBP
901017,101024,2025-03-04,11456.83,GBP
901018,101024,2025-03-19,11108.83,GBP
901019,101025,2025-03-14,12709.63,GBP
901020,101026,2025-04-04,3544.36,GBP
901021,101027,2025-04-29,2973.96,GBP
901022,101028,2025-05-02,8867.57,GBP
901023,101029,2025-05-14,4258.49,GBP
901024,101030,2025-06-10,10859.23,GBP
901025,101031,2025-07-30,7034.09,GBP
901026,101032,2025-07-11,2825.48,GBP
901027,101032,2025-08-18,2076.53,GBP
901028,101033,2025-09-28,7911.94,GBP
901029,101034,2025-09-06,8185.59,GBP
901030,101035,2025-09-16,5916.18,GBP
901031,101036,2025-10-17,15130.51,GBP
901032,101037,2025-11-06,8919.34,GBP
901033,101038,2025-11-17,6838.05,GBP
901034,101039,2025-11-11,8220.00,GBP
901035,101040,2025-12-14,4720.87,GBP
901036,101040,2026-01-20,5582.46,GBP
901037,101041,2026-01-23,6174.61,GBP
901038,101042,2026-01-13,3558.01,GBP
901039,101042,2026-02-09,3045.42,GBP
901040,101043,2026-01-02,23087.67,GBP
901041,101044,2026-03-13,5100.57,GBP
901042,101045,2026-06-01,16960.45,GBP
901043,101046,2026-05-17,2396.11,GBP
901044,101047,2026-05-18,1625.51,GBP
901045,101048,2026-06-13,8124.39,GBP
901046,101049,2026-06-11,7797.05,GBP
901047,101050,2026-07-22,9186.49,GBP
901048,101051,2026-07-20,11434.01,GBP
901049,101052,2026-08-28,4258.08,GBP
901050,101053,2026-09-27,3978.53,GBP
901051,101054,2026-09-06,4941.77,GBP
901052,101058,2025-01-29,1073.17,EUR
901053,101059,2025-02-07,1220.52,EUR
901054,101060,2025-04-09,1509.92,EUR
901055,101061,2025-10-09,2731.80,GBP
901056,101062,2025-11-16,971.70,EUR
901057,101063,2025-12-25,1393.13,EUR
901058,101064,2026-02-19,918.86,GBP
901059,101064,2026-03-10,1465.85,GBP
901060,101065,2026-09-12,454.40,EUR
901061,101066,2026-08-05,485.44,GBP
901062,101067,2024-11-22,1936.12,GBP
901063,101068,2025-04-25,2388.70,GBP
901064,101069,2025-05-14,2731.27,GBP
901065,101070,2026-02-13,1776.30,GBP
901066,101071,2026-04-09,1110.08,GBP
901067,101072,2026-04-01,1514.68,GBP
901068,101073,2026-05-07,710.98,GBP
901069,101074,2026-07-31,1455.57,GBP
901070,101075,2026-09-24,3814.25,GBP
901071,101076,2024-11-19,27323.52,EUR
901072,101077,2024-11-30,17029.70,GBP
901073,101077,2024-12-29,15269.40,GBP
901074,101078,2024-12-01,30234.59,GBP
901075,101079,2024-12-28,24703.91,EUR
901076,101080,2024-12-04,16435.83,GBP
901077,101081,2024-12-12,62071.81,GBP
901078,101082,2024-12-13,46452.22,GBP
901079,101083,2025-01-14,37544.41,GBP
901080,101083,2025-02-17,40314.71,GBP
901081,101084,2024-12-31,19750.53,GBP
901082,101085,2025-01-21,7770.79,GBP
901083,101085,2025-02-02,7181.32,GBP
901084,101086,2025-01-08,46304.08,GBP
901085,101087,2025-02-06,6871.73,GBP
901086,101087,2025-03-24,14867.94,GBP
901087,101088,2025-02-19,39613.53,GBP
901088,101089,2025-03-09,24807.37,GBP
901089,101090,2025-03-03,32653.94,GBP
901090,101091,2025-03-26,11959.63,GBP
901091,101092,2025-04-19,30668.86,GBP
901092,101093,2025-05-19,11493.77,EUR
901093,101094,2025-04-29,9096.33,EUR
901094,101094,2025-05-26,10698.07,EUR
901095,101095,2025-04-10,21545.03,GBP
901096,101096,2025-04-11,27858.10,GBP
901097,101097,2025-06-24,44093.17,GBP
901098,101098,2025-06-03,37489.43,GBP
901099,101099,2025-06-25,24742.44,GBP
901100,101100,2025-06-05,27732.32,GBP
901101,101101,2025-06-18,11413.04,GBP
901102,101101,2025-07-30,9889.29,GBP
901103,101102,2025-06-20,24602.36,EUR
901104,101103,2025-06-16,69423.03,EUR
901105,101104,2025-07-30,84243.87,GBP
901106,101105,2025-06-25,15744.31,GBP
901107,101106,2025-07-29,27255.90,EUR
901108,101107,2025-08-12,33045.01,GBP
901109,101108,2025-08-04,41927.50,GBP
901110,101109,2025-07-31,60332.90,GBP
901111,101110,2025-07-20,25007.10,EUR
901112,101111,2025-07-24,25398.56,GBP
901113,101112,2025-09-16,28655.16,EUR
901114,101113,2025-09-02,8361.78,GBP
901115,101113,2025-10-12,13465.87,GBP
901116,101114,2025-11-02,25136.81,GBP
901117,101115,2025-10-23,26130.60,GBP
901118,101116,2025-10-14,32249.06,EUR
901119,101117,2025-11-09,34314.55,GBP
901120,101118,2025-11-13,25105.35,GBP
901121,101119,2025-11-21,36534.91,GBP
901122,101120,2025-12-17,35524.60,EUR
901123,101121,2025-11-14,27747.95,GBP
901124,101122,2025-12-08,16603.52,EUR
901125,101123,2025-11-27,12235.72,GBP
901126,101124,2026-01-03,40923.71,GBP
901127,101125,2026-01-31,118614.28,GBP
901128,101126,2026-01-20,38287.53,GBP
901129,101127,2026-02-22,29683.95,GBP
901130,101128,2026-04-13,66065.11,GBP
901131,101129,2026-04-17,26949.35,GBP
901132,101130,2026-03-14,55647.71,GBP
901133,101131,2026-03-24,25591.46,GBP
901134,101132,2026-05-04,50363.71,GBP
901135,101134,2026-04-29,25514.19,GBP
901136,101135,2026-04-24,36159.68,GBP
901137,101136,2026-05-16,42402.87,GBP
901138,101137,2026-06-23,18127.34,GBP
901139,101138,2026-06-04,30968.06,GBP
901140,101139,2026-06-15,25723.15,GBP
901141,101140,2026-06-22,13381.51,GBP
901142,101141,2026-07-15,10804.86,EUR
901143,101141,2026-08-17,17793.34,EUR
901144,101142,2026-06-06,18020.04,GBP
901145,101143,2026-08-01,45205.39,EUR
901146,101144,2026-07-13,26818.15,GBP
901147,101145,2026-07-30,15574.37,GBP
901148,101146,2026-07-28,15345.46,GBP
901149,101147,2026-08-19,33368.67,GBP
901150,101148,2026-07-28,8691.68,EUR
901151,101148,2026-09-08,12341.34,EUR
901152,101149,2026-08-12,19471.36,EUR
901153,101151,2026-08-15,15288.02,EUR
901154,101152,2026-09-13,13040.21,GBP
901155,101158,2025-01-13,673.22,GBP
901156,101159,2025-12-24,619.75,GBP
901157,101160,2026-05-05,1368.36,GBP
901158,101161,2026-08-10,2174.85,GBP
901159,101162,2026-08-11,532.13,GBP
901160,101162,2026-09-17,636.54,GBP
901161,101167,2024-12-21,545.61,EUR
901162,101168,2025-09-03,1611.16,EUR
901163,101169,2025-10-25,2049.22,EUR
901164,101170,2026-01-13,1105.65,EUR
901165,101171,2026-02-12,915.38,EUR
901166,101172,2026-02-25,799.17,EUR
901167,101173,2026-03-15,816.56,EUR
901168,101174,2026-04-05,4214.74,EUR
901169,101175,2026-06-05,1253.41,EUR
901170,101176,2026-06-30,3160.94,EUR
901171,101178,2025-03-15,251.05,GBP
901172,101179,2025-03-29,374.39,GBP
901173,101180,2025-06-09,1376.90,GBP
901174,101181,2025-07-13,1082.60,GBP
901175,101182,2025-07-30,1651.57,GBP
901176,101183,2025-08-21,912.91,GBP
901177,101184,2025-09-11,1673.33,GBP
901178,101185,2025-12-28,728.70,GBP
901179,101186,2026-01-02,1155.48,GBP
901180,101187,2026-02-08,2221.02,GBP
901181,101188,2026-04-11,824.50,GBP
901182,101189,2026-05-16,1009.23,GBP
901183,101190,2026-04-28,1193.99,GBP
901184,101191,2026-08-01,1214.86,GBP
901185,101194,2025-02-08,433.42,EUR
901186,101194,2025-02-24,649.54,EUR
901187,101195,2025-03-15,1176.38,EUR
901188,101196,2025-04-29,891.52,GBP
901189,101197,2025-05-09,1021.98,EUR
901190,101198,2025-06-01,1368.87,EUR
901191,101199,2025-08-07,855.95,EUR
901192,101200,2025-09-17,1237.70,GBP
901193,101201,2026-04-27,1117.22,GBP
901194,101202,2026-05-16,329.22,EUR
901195,101203,2026-06-13,229.32,EUR
901196,101203,2026-07-19,327.18,EUR
901197,101204,2026-06-08,676.24,EUR
901198,101205,2024-12-14,20273.80,GBP
901199,101206,2025-01-25,17225.57,EUR
901200,101207,2024-12-15,13518.73,EUR
901201,101208,2024-12-07,12671.90,EUR
901202,101209,2024-12-23,14600.84,EUR
901203,101210,2024-12-21,48514.71,GBP
901204,101211,2025-03-06,16292.73,EUR
901205,101211,2025-03-31,27167.16,EUR
901206,101212,2025-02-11,24991.76,GBP
901207,101213,2024-12-29,31757.33,EUR
901208,101214,2025-02-04,26509.02,EUR
901209,101215,2025-01-22,31187.49,EUR
901210,101216,2025-04-12,15168.07,EUR
901211,101217,2025-04-23,25086.26,GBP
901212,101218,2025-03-28,37048.24,GBP
901213,101219,2025-05-01,47796.96,EUR
901214,101220,2025-05-15,28112.77,GBP
901215,101221,2025-06-11,38962.71,GBP
901216,101222,2025-07-02,19181.07,GBP
901217,101223,2025-05-12,32740.27,GBP
901218,101224,2025-06-23,28440.73,GBP
901219,101225,2025-07-01,37086.44,GBP
901220,101226,2025-07-02,22862.71,EUR
901221,101227,2025-07-05,29865.08,GBP
901222,101228,2025-08-18,38848.73,EUR
901223,101229,2025-08-06,71215.30,GBP
901224,101230,2025-08-06,14223.52,GBP
901225,101231,2025-08-14,27128.30,EUR
901226,101232,2025-09-07,24984.40,GBP
901227,101233,2025-08-20,17629.97,EUR
901228,101234,2025-09-29,23022.53,EUR
901229,101235,2025-09-03,12043.72,EUR
901230,101235,2025-10-11,8870.79,EUR
901231,101236,2025-10-02,42031.96,EUR
901232,101237,2025-09-22,24301.96,EUR
901233,101238,2025-09-30,17740.19,EUR
901234,101239,2025-11-18,12881.14,EUR
901235,101239,2025-12-01,14669.18,EUR
901236,101240,2025-12-18,48967.99,GBP
901237,101241,2025-12-20,30596.97,GBP
901238,101242,2025-12-27,55953.10,GBP
901239,101243,2025-12-16,41992.70,GBP
901240,101244,2025-11-15,39838.22,GBP
901241,101245,2025-12-16,30194.13,EUR
901242,101246,2025-11-16,26877.82,EUR
901243,101247,2026-01-02,54089.09,GBP
901244,101248,2026-01-10,32272.52,EUR
901245,101249,2026-01-02,29674.07,EUR
901246,101250,2026-03-31,24726.93,GBP
901247,101251,2026-03-07,16056.58,EUR
901248,101252,2026-03-16,29903.15,GBP
901249,101253,2026-04-28,12802.75,GBP
901250,101254,2026-04-22,27405.17,GBP
901251,101255,2026-03-26,25047.62,EUR
901252,101256,2026-05-18,19818.67,EUR
901253,101257,2026-05-03,23180.27,GBP
901254,101258,2026-05-24,27461.67,GBP
901255,101259,2026-05-28,11701.79,EUR
901256,101259,2026-07-16,15789.48,EUR
901257,101260,2026-05-22,34303.85,EUR
901258,101261,2026-04-22,53743.61,GBP
901259,101262,2026-05-06,20920.45,EUR
901260,101263,2026-06-11,20554.64,EUR
901261,101264,2026-05-26,26317.51,EUR
901262,101265,2026-05-27,16708.78,GBP
901263,101266,2026-07-23,30770.62,EUR
901264,101267,2026-07-16,33163.42,GBP
901265,101268,2026-06-20,9743.49,EUR
901266,101269,2026-07-27,15458.50,EUR
901267,101269,2026-08-31,31577.43,EUR
901268,101270,2026-07-14,14579.61,GBP
901269,101271,2026-08-15,37511.58,GBP
901270,101272,2026-07-08,44993.73,GBP
901271,101273,2026-06-27,27619.23,EUR
901272,101274,2026-09-05,11485.42,GBP
901273,101275,2026-09-09,25175.84,GBP
901274,101276,2026-09-09,25987.36,EUR
901275,101277,2026-09-10,34463.60,EUR
901276,101278,2026-09-07,49397.28,EUR
901277,101281,2025-04-27,1102.18,EUR
901278,101282,2025-09-03,3364.45,GBP
901279,101283,2025-08-16,831.90,EUR
901280,101284,2025-11-28,2038.74,GBP
901281,101285,2026-03-23,1744.57,EUR
901282,101286,2026-05-16,1246.89,EUR
901283,101288,2024-12-13,1032.40,GBP
901284,101289,2025-04-23,628.03,EUR
901285,101289,2025-06-08,448.33,EUR
901286,101290,2025-06-03,1671.90,GBP
901287,101291,2025-11-22,988.88,EUR
901288,101291,2026-01-04,973.12,EUR
901289,101292,2025-12-25,536.15,EUR
901290,101292,2026-01-09,1010.58,EUR
901291,101293,2026-03-23,5200.64,EUR
901292,101294,2026-06-14,933.60,GBP
901293,101295,2026-08-06,446.90,GBP
901294,101296,2026-08-26,816.17,GBP
901295,101297,2025-01-23,559.59,GBP
901296,101297,2025-03-06,384.95,GBP
901297,101298,2025-01-07,440.44,GBP
901298,101298,2025-02-24,581.17,GBP
901299,101299,2025-07-22,889.95,GBP
901300,101300,2025-12-13,749.11,GBP
901301,101302,2024-12-15,21517.61,GBP
901302,101303,2024-12-17,13450.15,GBP
901303,101303,2025-02-04,20986.73,GBP
901304,101304,2024-12-07,9868.64,GBP
901305,101305,2024-12-23,25434.08,GBP
901306,101306,2024-12-17,63834.24,GBP
901307,101307,2024-12-19,42324.68,GBP
901308,101308,2025-01-23,15125.52,GBP
901309,101309,2024-12-29,19727.75,GBP
901310,101310,2025-01-07,54505.85,GBP
901311,101311,2024-12-27,26461.17,GBP
901312,101312,2025-01-15,35462.89,GBP
901313,101313,2024-12-20,24388.55,GBP
901314,101314,2025-01-16,37694.24,GBP
901315,101315,2025-01-19,23713.83,GBP
901316,101316,2025-02-12,27205.28,GBP
901317,101317,2025-02-05,22827.54,GBP
901318,101318,2025-02-15,16250.11,GBP
901319,101319,2025-02-25,21063.77,GBP
901320,101320,2025-03-21,30543.46,GBP
901321,101320,2025-04-21,34477.53,GBP
901322,101321,2025-03-21,62053.44,GBP
901323,101322,2025-03-03,14923.37,GBP
901324,101323,2025-03-09,71107.42,GBP
901325,101324,2025-04-11,27604.85,GBP
901326,101325,2025-04-11,55888.73,GBP
901327,101326,2025-04-14,8596.36,GBP
901328,101326,2025-05-14,15152.52,GBP
901329,101327,2025-04-21,12670.18,GBP
901330,101328,2025-04-15,12250.41,GBP
901331,101328,2025-04-29,8686.64,GBP
901332,101329,2025-04-04,21156.24,GBP
901333,101330,2025-04-10,23259.81,GBP
901334,101330,2025-05-19,15881.89,GBP
901335,101331,2025-04-07,32860.34,GBP
901336,101332,2025-05-10,33288.03,GBP
901337,101333,2025-05-21,19298.40,GBP
901338,101333,2025-06-24,36194.34,GBP
901339,101334,2025-05-08,22588.97,GBP
901340,101335,2025-05-05,26490.16,GBP
901341,101336,2025-06-12,32769.74,GBP
901342,101337,2025-06-14,28636.83,GBP
901343,101338,2025-06-06,17263.46,GBP
901344,101339,2025-06-18,28562.34,GBP
901345,101340,2025-06-03,21958.09,GBP
901346,101341,2025-06-19,10501.40,GBP
901347,101341,2025-07-04,19239.00,GBP
901348,101342,2025-06-28,25171.99,GBP
901349,101343,2025-06-28,42367.90,GBP
901350,101344,2025-07-20,16776.61,GBP
901351,101345,2025-06-23,28181.90,GBP
901352,101346,2025-06-24,32739.55,GBP
901353,101347,2025-06-26,52175.62,GBP
901354,101348,2025-06-25,10392.94,GBP
901355,101348,2025-08-10,16332.76,GBP
901356,101349,2025-07-09,19619.61,GBP
901357,101350,2025-07-22,39113.86,GBP
901358,101351,2025-07-08,24160.53,GBP
901359,101352,2025-08-31,24441.21,GBP
901360,101353,2025-09-03,27780.01,GBP
901361,101354,2025-09-12,7170.58,GBP
901362,101354,2025-10-06,8480.17,GBP
901363,101355,2025-09-21,28144.32,GBP
901364,101356,2025-09-21,17797.13,GBP
901365,101357,2025-10-10,27863.45,GBP
901366,101358,2025-10-26,29913.15,GBP
901367,101359,2025-10-23,45667.81,GBP
901368,101360,2025-11-20,26714.85,GBP
901369,101361,2025-10-30,9469.56,GBP
901370,101361,2025-12-07,16107.43,GBP
901371,101362,2025-10-22,26335.42,GBP
901372,101363,2025-12-02,12993.65,GBP
901373,101364,2025-12-02,12279.36,GBP
901374,101364,2026-01-15,12958.41,GBP
901375,101365,2025-12-25,23616.66,GBP
901376,101366,2025-12-14,25306.85,GBP
901377,101367,2026-02-12,43795.78,GBP
901378,101368,2026-03-06,29187.02,GBP
901379,101369,2026-02-22,17586.50,GBP
901380,101370,2026-03-24,14514.45,GBP
901381,101371,2026-03-14,51573.42,GBP
901382,101372,2026-03-27,20131.81,GBP
901383,101373,2026-03-24,38109.99,GBP
901384,101374,2026-03-30,73286.98,GBP
901385,101375,2026-04-15,5991.65,GBP
901386,101375,2026-06-03,13173.39,GBP
901387,101376,2026-04-11,25168.69,GBP
901388,101377,2026-04-22,24106.08,GBP
901389,101378,2026-04-10,15569.28,GBP
901390,101379,2026-04-10,14761.62,GBP
901391,101380,2026-06-11,25246.94,GBP
901392,101381,2026-06-02,30709.08,GBP
901393,101382,2026-05-25,5919.51,GBP
901394,101382,2026-06-12,8983.33,GBP
901395,101383,2026-07-12,20198.07,GBP
901396,101384,2026-07-18,21883.02,GBP
901397,101385,2026-07-09,26876.98,GBP
901398,101386,2026-08-10,48038.56,GBP
901399,101387,2026-08-11,20745.55,GBP
901400,101387,2026-09-05,18659.92,GBP
901401,101388,2026-08-16,52161.19,GBP
901402,101389,2026-08-18,60440.49,GBP
901403,101390,2026-08-30,27483.96,GBP
901404,101391,2026-09-21,37031.46,GBP
901405,101392,2026-09-11,20247.84,GBP
901406,101398,2024-11-18,1651.41,GBP
901407,101399,2024-11-06,464.19,GBP
901408,101400,2024-12-31,917.70,GBP
901409,101401,2025-04-22,874.27,GBP
901410,101402,2025-04-26,1468.65,GBP
901411,101403,2026-01-12,760.10,GBP
901412,101404,2026-01-08,1834.09,GBP
901413,101405,2025-02-06,2654.21,GBP
901414,101405,2025-02-16,4160.33,GBP
901415,101406,2025-01-29,6915.81,GBP
901416,101407,2025-03-02,6637.46,GBP
901417,101408,2025-01-27,13702.60,GBP
901418,101409,2025-03-20,8373.78,GBP
901419,101410,2025-07-11,5165.46,GBP
901420,101411,2025-05-29,8585.56,GBP
901421,101412,2025-08-11,11552.64,GBP
901422,101414,2025-08-17,8649.72,GBP
901423,101415,2026-01-15,988.67,GBP
901424,101415,2026-02-20,1646.45,GBP
901425,101417,2026-04-03,4606.93,GBP
901426,101418,2026-03-13,8887.75,GBP
901427,101419,2026-04-12,6227.75,GBP
901428,101420,2026-05-26,7981.11,GBP
901429,101421,2026-05-20,11733.12,GBP
901430,101422,2026-06-24,2080.19,GBP
901431,101423,2026-07-05,7691.18,GBP
901432,101424,2026-09-13,6075.39,GBP
901433,101428,2026-09-29,3977.97,GBP
901434,101432,2025-01-09,3978.15,GBP
901435,101433,2025-01-21,11648.69,GBP
901436,101434,2025-01-05,7133.80,GBP
901437,101435,2025-02-16,3667.47,GBP
901438,101436,2025-03-31,8806.13,GBP
901439,101437,2025-05-07,6318.92,GBP
901440,101438,2025-06-10,4353.86,GBP
901441,101439,2025-07-02,5908.80,GBP
901442,101440,2025-09-19,4421.33,GBP
901443,101441,2025-11-27,4123.83,GBP
901444,101442,2025-11-22,10240.32,GBP
901445,101443,2025-12-17,10572.93,GBP
901446,101444,2025-12-13,8078.95,GBP
901447,101445,2026-01-22,6952.99,GBP
901448,101446,2026-01-27,7370.94,GBP
901449,101447,2026-02-02,3477.04,GBP
901450,101448,2026-04-20,6569.62,GBP
901451,101449,2026-04-19,9055.37,GBP
901452,101450,2026-04-28,8160.00,GBP
901453,101450,2026-06-05,7753.43,GBP
901454,101455,2025-01-14,4582.96,GBP
901455,101456,2025-01-21,5192.13,GBP
901456,101456,2025-03-08,6984.35,GBP
901457,101457,2025-01-23,5916.42,GBP
901458,101458,2025-03-23,8504.26,GBP
901459,101459,2025-03-22,5000.88,GBP
901460,101460,2025-06-07,2843.94,GBP
901461,101460,2025-06-28,2750.34,GBP
901462,101461,2025-06-19,7103.79,GBP
901463,101462,2025-09-07,4196.08,GBP
901464,101463,2025-09-28,6917.09,GBP
901465,101464,2025-10-01,8999.53,GBP
901466,101465,2025-11-13,6881.67,GBP
901467,101466,2025-12-13,2863.05,GBP
901468,101466,2026-01-28,2625.01,GBP
901469,101467,2025-12-19,3707.99,GBP
901470,101468,2025-12-25,4631.67,GBP
901471,101469,2026-01-04,8447.42,GBP
901472,101469,2026-01-27,7844.59,GBP
901473,101470,2026-01-20,2326.16,GBP
901474,101470,2026-02-06,3297.43,GBP
901475,101471,2026-04-04,4532.11,GBP
901476,101471,2026-05-09,3676.15,GBP
901477,101472,2026-05-28,10227.00,GBP
901478,101473,2026-07-05,2297.10,GBP
901479,101473,2026-08-01,3280.71,GBP
901480,101474,2026-06-07,15013.98,GBP
901481,101475,2026-06-27,13033.45,GBP
901482,101476,2026-06-09,3861.99,GBP
901483,101477,2026-07-17,8023.64,GBP
901484,101478,2026-07-07,2124.82,GBP
901485,101478,2026-07-24,2837.30,GBP
901486,101479,2026-07-25,4808.00,GBP
901487,101480,2026-08-11,8228.90,GBP
901488,101484,2024-11-22,13866.64,GBP
901489,101485,2024-12-02,32447.62,GBP
901490,101485,2024-12-24,23540.40,GBP
901491,101486,2024-11-22,44936.76,GBP
901492,101487,2024-12-11,25076.32,EUR
901493,101488,2024-12-20,28912.49,EUR
901494,101489,2024-12-09,21810.19,GBP
901495,101490,2024-12-22,27441.69,GBP
901496,101491,2025-02-16,30318.28,GBP
901497,101492,2025-02-23,27801.89,EUR
901498,101493,2025-02-19,18366.91,EUR
901499,101494,2025-01-31,8848.45,EUR
901500,101495,2025-02-17,40685.98,EUR
901501,101496,2025-03-03,52283.41,EUR
901502,101497,2025-03-31,47360.85,EUR
901503,101497,2025-04-12,38653.55,EUR
901504,101498,2025-03-25,68034.00,GBP
901505,101499,2025-03-29,22509.90,GBP
901506,101500,2025-05-23,12138.48,GBP
901507,101501,2025-05-13,16590.83,GBP
901508,101501,2025-05-23,18989.22,GBP
901509,101502,2025-05-21,51886.72,EUR
901510,101503,2025-05-17,28729.14,GBP
901511,101504,2025-06-26,22738.15,GBP
901512,101505,2025-06-15,29014.61,EUR
901513,101506,2025-06-03,11028.81,GBP
901514,101506,2025-06-22,23455.16,GBP
901515,101507,2025-06-14,38141.18,GBP
901516,101508,2025-06-28,15045.75,EUR
901517,101509,2025-05-27,20197.64,GBP
901518,101510,2025-08-01,27138.75,GBP
901519,101511,2025-07-24,23034.18,EUR
901520,101512,2025-09-08,14898.68,GBP
901521,101513,2025-09-12,26670.29,GBP
901522,101514,2025-10-31,42124.21,EUR
901523,101515,2025-10-19,30419.10,EUR
901524,101516,2025-10-14,14376.66,EUR
901525,101517,2025-11-15,12738.23,EUR
901526,101518,2025-12-02,25268.35,EUR
901527,101519,2025-11-26,6451.32,EUR
901528,101519,2026-01-07,9404.19,EUR
901529,101520,2025-11-25,26181.41,GBP
901530,101521,2025-11-28,30729.25,EUR
901531,101522,2025-11-28,34948.33,EUR
901532,101523,2025-11-04,44876.91,GBP
901533,101524,2025-11-11,51430.81,EUR
901534,101525,2026-01-03,47479.95,EUR
901535,101526,2025-12-17,23134.72,GBP
901536,101527,2025-12-25,26653.97,EUR
901537,101528,2025-12-22,12301.52,EUR
901538,101528,2026-01-02,18488.92,EUR
901539,101529,2026-01-31,10072.97,EUR
901540,101529,2026-03-14,6950.74,EUR
901541,101530,2026-02-17,32606.80,GBP
901542,101531,2026-03-19,44897.19,EUR
901543,101532,2026-03-16,29555.71,EUR
901544,101533,2026-03-27,40856.83,EUR
901545,101534,2026-04-07,48578.59,EUR
901546,101535,2026-05-04,30374.18,EUR
901547,101536,2026-04-27,7531.98,GBP
901548,101536,2026-06-03,14094.78,GBP
901549,101537,2026-04-12,29525.82,EUR
901550,101538,2026-05-27,25988.64,EUR
901551,101539,2026-05-10,15871.03,EUR
901552,101540,2026-06-02,17182.20,EUR
901553,101541,2026-05-17,30912.15,EUR
901554,101542,2026-06-22,8643.69,EUR
901555,101542,2026-07-31,12636.02,EUR
901556,101543,2026-06-27,5350.72,EUR
901557,101543,2026-07-20,6894.33,EUR
901558,101544,2026-06-08,19990.63,EUR
901559,101545,2026-06-16,16217.38,GBP
901560,101546,2026-07-15,14237.52,GBP
901561,101547,2026-07-13,13727.49,EUR
901562,101547,2026-08-20,20268.31,EUR
901563,101548,2026-07-22,22109.00,GBP
901564,101549,2026-07-12,33838.53,EUR
901565,101550,2026-07-23,60681.42,EUR
901566,101551,2026-08-28,33846.63,GBP
901567,101553,2026-09-08,23360.33,EUR
901568,101558,2025-02-06,1479.14,GBP
901569,101558,2025-03-18,3313.22,GBP
901570,101559,2025-02-17,3135.34,GBP
901571,101560,2025-05-04,8576.26,GBP
901572,101561,2025-04-02,8957.17,GBP
901573,101562,2025-05-21,6454.22,GBP
901574,101563,2025-07-21,6436.42,GBP
901575,101564,2025-08-12,2660.44,GBP
901576,101565,2025-08-16,5169.89,GBP
901577,101566,2025-08-17,3594.00,GBP
901578,101567,2025-10-03,6896.49,GBP
901579,101568,2025-12-15,6455.45,GBP
901580,101569,2026-01-21,6476.97,GBP
901581,101570,2026-01-18,4956.55,GBP
901582,101571,2026-01-31,5978.67,GBP
901583,101572,2026-01-15,3629.05,GBP
901584,101573,2026-02-02,5308.18,GBP
901585,101574,2026-04-02,4629.57,GBP
901586,101575,2026-05-11,5688.85,GBP
901587,101576,2026-06-13,5982.55,GBP
901588,101577,2026-07-18,2796.36,GBP
901589,101578,2026-07-24,5912.93,GBP
901590,101579,2026-08-08,5108.60,GBP
901591,101580,2026-08-08,10504.86,GBP
901592,101585,2025-01-26,17006.34,GBP
901593,101586,2024-12-14,23250.24,GBP
901594,101587,2025-02-11,31064.08,GBP
901595,101588,2025-02-05,19630.42,GBP
901596,101589,2024-12-29,30770.66,GBP
901597,101590,2025-02-20,48785.52,GBP
901598,101591,2025-03-06,21320.45,GBP
901599,101592,2025-02-05,28337.61,GBP
901600,101593,2025-02-08,119408.96,GBP
901601,101595,2025-03-07,21124.19,GBP
901602,101596,2025-04-03,35577.35,GBP
901603,101598,2025-05-19,31426.49,GBP
901604,101599,2025-04-26,31289.69,GBP
901605,101600,2025-06-09,22661.17,GBP
901606,101601,2025-05-14,21294.47,GBP
901607,101602,2025-06-16,47604.04,GBP
901608,101603,2025-06-06,9673.39,GBP
901609,101603,2025-07-13,13608.65,GBP
901610,101604,2025-05-18,61712.66,GBP
901611,101605,2025-05-13,21727.81,GBP
901612,101607,2025-07-28,44537.89,GBP
901613,101608,2025-09-04,7238.83,GBP
901614,101608,2025-09-16,7699.94,GBP
901615,101609,2025-08-04,30234.62,GBP
901616,101610,2025-08-31,35852.26,GBP
901617,101612,2025-07-07,57999.69,GBP
901618,101613,2025-08-21,54737.10,GBP
901619,101614,2025-10-03,15994.53,GBP
901620,101614,2025-11-13,29495.84,GBP
901621,101615,2025-09-15,27678.80,GBP
901622,101616,2025-09-02,36054.60,GBP
901623,101617,2025-08-25,36153.05,GBP
901624,101618,2025-07-19,11148.57,GBP
901625,101619,2025-07-28,5075.00,GBP
901626,101619,2025-08-09,4144.92,GBP
901627,101620,2025-08-05,10477.29,GBP
901628,101620,2025-09-02,14805.49,GBP
901629,101621,2025-08-13,20538.52,GBP
901630,101622,2025-11-11,30447.43,GBP
901631,101623,2025-10-24,11612.26,GBP
901632,101623,2025-12-03,19353.45,GBP
901633,101624,2025-10-27,21943.26,GBP
901634,101625,2025-11-03,29732.49,GBP
901635,101626,2025-10-14,14617.05,GBP
901636,101628,2025-11-02,48684.32,GBP
901637,101629,2026-01-25,25115.06,GBP
901638,101630,2026-01-24,27196.53,GBP
901639,101631,2026-01-10,13233.07,GBP
901640,101631,2026-02-21,18350.35,GBP
901641,101632,2026-02-11,25708.45,GBP
901642,101633,2026-01-07,25190.96,GBP
901643,101634,2026-03-03,21595.57,GBP
901644,101636,2026-05-06,18688.46,GBP
901645,101637,2026-01-26,18934.22,GBP
901646,101638,2026-05-10,13351.81,GBP
901647,101638,2026-06-08,22710.18,GBP
901648,101639,2026-01-12,26218.08,GBP
901649,101640,2026-02-10,15069.00,GBP
901650,101641,2026-02-13,41227.20,GBP
901651,101642,2026-02-01,15878.04,GBP
901652,101643,2026-01-26,29478.51,GBP
901653,101644,2026-02-14,33178.90,GBP
901654,101645,2026-03-06,28212.01,GBP
901655,101646,2026-05-01,43829.15,GBP
901656,101647,2026-04-18,57199.65,GBP
901657,101649,2026-02-26,37906.68,GBP
901658,101652,2026-05-12,71052.68,GBP
901659,101653,2026-03-18,25286.66,GBP
901660,101654,2026-04-06,28140.50,GBP
901661,101655,2026-04-15,25698.98,GBP
901662,101656,2026-04-05,19952.08,GBP
901663,101657,2026-04-17,43814.66,GBP
901664,101658,2026-03-18,36296.11,GBP
901665,101659,2026-06-16,23509.16,GBP
901666,101660,2026-07-07,20049.11,GBP
901667,101661,2026-05-19,28169.37,GBP
901668,101662,2026-05-27,25200.59,GBP
901669,101663,2026-06-05,17057.13,GBP
901670,101664,2026-07-07,41487.80,GBP
901671,101666,2026-06-17,25647.14,GBP
901672,101667,2026-05-24,21735.62,GBP
901673,101668,2026-05-14,27911.35,GBP
901674,101669,2026-06-23,23268.58,GBP
901675,101670,2026-07-04,28778.94,GBP
901676,101671,2026-08-03,16657.72,GBP
901677,101672,2026-05-07,14410.04,GBP
901678,101673,2026-07-21,15016.20,GBP
901679,101675,2026-08-31,8391.82,GBP
901680,101675,2026-09-23,13009.39,GBP
901681,101677,2026-09-25,26497.18,GBP
901682,101682,2024-12-07,900.82,GBP
901683,101683,2025-05-07,2343.31,GBP
901684,101684,2025-08-13,436.31,GBP
901685,101684,2025-08-31,314.99,GBP
901686,101685,2025-08-31,449.22,GBP
901687,101686,2026-02-03,1713.01,GBP
901688,101687,2026-03-13,1877.04,GBP
901689,101688,2026-04-23,1719.14,GBP
901690,101689,2024-12-18,7684.26,GBP
901691,101690,2025-01-10,13267.63,GBP
901692,101691,2024-12-25,2894.85,GBP
901693,101691,2025-01-20,3038.41,GBP
901694,101692,2025-01-08,8885.37,GBP
901695,101693,2024-12-27,4341.72,GBP
901696,101693,2025-02-02,10068.10,GBP
901697,101694,2024-12-21,6750.84,GBP
901698,101695,2025-01-20,5719.34,GBP
901699,101695,2025-02-03,9715.98,GBP
901700,101696,2025-02-06,4787.48,GBP
901701,101697,2025-02-04,8300.86,GBP
901702,101698,2025-04-10,6993.26,GBP
901703,101699,2025-04-21,6280.90,GBP
901704,101700,2025-04-04,6213.95,GBP
901705,101701,2025-06-13,3212.78,GBP
901706,101702,2025-05-28,4852.21,GBP
901707,101703,2025-07-11,7359.55,GBP
901708,101704,2025-07-18,7679.88,GBP
901709,101705,2025-08-05,2419.09,GBP
901710,101705,2025-08-18,2768.78,GBP
901711,101706,2025-10-07,4370.19,GBP
901712,101707,2025-11-17,2782.97,GBP
901713,101708,2025-12-07,4616.18,GBP
901714,101708,2025-12-22,6930.57,GBP
901715,101709,2025-12-04,4416.66,GBP
901716,101710,2025-11-27,13753.43,GBP
901717,101711,2025-11-25,9439.02,GBP
901718,101712,2026-01-07,10425.74,GBP
901719,101713,2025-12-28,7237.18,GBP
901720,101714,2026-03-28,8520.54,GBP
901721,101715,2026-04-13,6087.06,GBP
901722,101716,2026-05-04,5128.23,GBP
901723,101717,2026-05-02,9488.17,GBP
901724,101718,2026-06-07,7799.50,GBP
901725,101719,2026-07-09,10103.69,GBP
901726,101720,2026-06-26,7238.07,GBP
901727,101721,2026-06-20,5550.98,GBP
901728,101722,2026-08-28,7257.35,GBP
901729,101722,2026-09-13,5701.24,GBP
901730,101723,2026-09-13,4034.63,GBP
901731,101724,2024-12-21,625.72,GBP
901732,101725,2024-12-10,2744.65,GBP
901733,101726,2025-01-20,523.67,GBP
901734,101727,2025-03-20,1737.77,GBP
901735,101728,2025-03-07,5314.37,GBP
901736,101729,2025-04-17,585.55,GBP
901737,101730,2025-10-06,13434.37,GBP
901738,101731,2026-01-20,870.72,GBP
901739,101732,2026-04-24,581.21,GBP
901740,101733,2026-06-08,2220.50,GBP
901741,101734,2026-08-18,880.62,GBP
901742,101735,2026-07-26,1856.37,GBP
901743,101738,2024-11-22,2542.63,GBP
901744,101739,2024-11-25,2010.48,GBP
901745,101740,2025-07-12,1800.37,GBP
901746,101741,2025-12-24,1115.47,GBP
901747,101742,2026-01-25,1566.20,GBP
901748,101744,2026-03-12,270.53,GBP
901749,101744,2026-04-14,380.73,GBP
901750,101745,2026-04-18,1626.75,GBP
901751,101746,2026-07-10,599.67,GBP
901752,101747,2026-08-08,607.67,GBP
901753,101748,2025-01-23,3500.49,GBP
901754,101749,2025-01-04,2067.88,GBP
901755,101749,2025-02-18,3933.36,GBP
901756,101750,2025-02-21,7300.37,GBP
901757,101751,2025-04-23,3543.46,GBP
901758,101752,2025-05-15,9044.78,GBP
901759,101753,2025-06-11,3583.76,GBP
901760,101753,2025-07-12,5023.63,GBP
901761,101754,2025-08-19,7053.90,GBP
901762,101755,2025-09-25,2774.88,GBP
901763,101756,2025-08-29,8334.85,GBP
901764,101757,2025-10-12,2208.35,GBP
901765,101757,2025-11-01,4542.74,GBP
901766,101758,2025-10-26,4111.08,GBP
901767,101759,2025-11-24,3932.71,GBP
901768,101760,2025-11-22,3411.75,GBP
901769,101761,2025-12-12,3472.54,GBP
901770,101762,2025-12-14,4769.47,GBP
901771,101763,2025-12-20,15799.24,GBP
901772,101764,2026-02-05,3299.30,GBP
901773,101765,2026-01-27,6849.90,GBP
901774,101766,2026-03-23,5252.32,GBP
901775,101767,2026-03-16,7982.17,GBP
901776,101768,2026-04-04,7177.72,GBP
901777,101769,2026-03-31,3944.56,GBP
901778,101770,2026-04-11,1610.91,GBP
901779,101770,2026-05-16,3679.88,GBP
901780,101771,2026-04-16,3681.76,GBP
901781,101772,2026-07-24,4994.23,GBP
901782,101773,2026-07-28,7161.05,GBP
901783,101774,2026-09-10,7456.01,GBP
901784,101775,2026-08-20,4201.26,GBP
901785,101779,2024-12-26,33625.24,GBP
901786,101780,2024-12-03,33571.17,GBP
901787,101781,2024-12-07,23664.91,GBP
901788,101782,2024-12-10,25823.08,GBP
901789,101783,2025-01-02,40875.54,GBP
901790,101784,2024-12-20,36787.99,GBP
901791,101785,2024-12-25,27096.89,GBP
901792,101786,2025-01-07,24834.69,GBP
901793,101787,2025-01-21,22973.22,GBP
901794,101788,2025-01-18,46182.97,GBP
901795,101789,2025-01-03,36128.72,GBP
901796,101790,2025-01-22,32258.20,GBP
901797,101791,2025-01-25,28105.63,GBP
901798,101792,2025-01-27,15639.17,GBP
901799,101793,2025-02-04,42492.70,GBP
901800,101794,2025-03-13,9363.54,GBP
901801,101795,2025-02-18,15329.82,GBP
901802,101795,2025-02-28,20188.68,GBP
901803,101796,2025-03-05,38314.10,GBP
901804,101797,2025-04-26,31165.83,GBP
901805,101798,2025-04-30,19755.98,GBP
901806,101799,2025-04-15,16402.50,GBP
901807,101800,2025-03-30,76915.76,GBP
901808,101801,2025-04-16,58376.85,GBP
901809,101802,2025-04-28,26814.03,GBP
901810,101803,2025-05-08,55072.21,GBP
901811,101804,2025-06-20,31857.68,GBP
901812,101805,2025-06-01,14734.45,GBP
901813,101806,2025-06-07,31170.26,GBP
901814,101807,2025-06-16,40828.88,GBP
901815,101808,2025-05-28,15828.03,GBP
901816,101809,2025-06-22,9561.70,GBP
901817,101810,2025-07-02,19326.58,GBP
901818,101811,2025-07-17,41484.21,GBP
901819,101812,2025-08-09,10550.37,GBP
901820,101812,2025-09-06,11663.78,GBP
901821,101813,2025-08-08,52195.05,GBP
901822,101814,2025-08-05,25958.99,GBP
901823,101815,2025-08-04,12500.76,GBP
901824,101816,2025-07-26,9807.64,GBP
901825,101816,2025-08-22,12851.00,GBP
901826,101817,2025-07-30,66533.35,GBP
901827,101818,2025-07-20,11590.97,GBP
901828,101819,2025-07-24,53931.49,GBP
901829,101820,2025-08-16,56644.86,GBP
901830,101821,2025-09-01,50891.83,GBP
901831,101822,2025-08-11,23812.26,GBP
901832,101823,2025-10-01,20695.15,GBP
901833,101824,2025-10-09,35043.87,GBP
901834,101825,2025-10-03,39604.02,GBP
901835,101826,2025-11-11,37209.49,GBP
901836,101827,2025-10-26,39132.78,GBP
901837,101828,2025-11-01,29420.17,GBP
901838,101829,2026-01-01,39944.33,GBP
901839,101830,2026-01-27,10795.78,GBP
901840,101830,2026-02-08,15046.56,GBP
901841,101831,2025-12-26,33875.48,GBP
901842,101832,2025-12-23,31874.08,GBP
901843,101833,2025-12-25,31087.22,GBP
901844,101834,2026-01-18,47893.90,GBP
901845,101835,2026-02-10,60809.09,GBP
901846,101836,2026-03-03,48085.61,GBP
901847,101837,2026-03-08,41057.79,GBP
901848,101838,2026-03-06,39226.55,GBP
901849,101839,2026-03-12,43460.25,GBP
901850,101840,2026-04-10,31528.46,GBP
901851,101841,2026-02-22,39549.64,GBP
901852,101842,2026-03-29,52473.17,GBP
901853,101843,2026-04-28,22262.83,GBP
901854,101844,2026-05-15,17617.16,GBP
901855,101845,2026-07-13,33308.84,GBP
901856,101846,2026-05-28,22025.04,GBP
901857,101847,2026-05-31,15297.78,GBP
901858,101849,2026-07-15,16551.65,GBP
901859,101850,2026-08-25,30707.89,GBP
901860,101851,2026-07-26,30681.03,GBP
901861,101852,2026-08-03,70244.72,GBP
901862,101853,2026-07-15,28377.05,GBP
901863,101854,2026-07-12,25288.60,GBP
901864,101855,2026-08-27,29088.91,GBP
901865,101861,2025-03-12,5617.05,EUR
901866,101862,2025-08-05,10330.88,EUR
901867,101863,2025-09-06,4964.51,GBP
901868,101864,2025-09-17,6476.27,GBP
901869,101865,2025-12-01,5896.87,GBP
901870,101866,2025-12-15,2470.25,EUR
901871,101866,2026-01-03,5042.08,EUR
901872,101867,2026-03-03,11907.20,EUR
901873,101868,2026-03-17,13672.49,EUR
901874,101869,2026-03-12,11423.52,GBP
901875,101869,2026-04-26,7922.57,GBP
901876,101870,2026-03-13,16175.26,GBP
901877,101871,2026-05-19,3874.05,GBP
901878,101872,2026-07-01,5078.97,EUR
901879,101873,2026-07-21,4153.96,EUR
901880,101874,2026-07-09,6602.88,EUR
901881,101875,2026-08-13,3919.69,EUR
901882,101877,2025-01-06,1121.02,GBP
901883,101878,2025-02-05,781.33,GBP
901884,101879,2026-01-03,1969.93,GBP
901885,101880,2026-01-07,619.20,GBP
901886,101881,2026-01-20,537.31,GBP
901887,101882,2026-02-28,4459.68,GBP
901888,101883,2026-03-27,1270.85,GBP
901889,101884,2026-07-11,1212.89,GBP
901890,101885,2026-07-27,619.64,GBP
901891,101886,2026-08-09,943.43,GBP
901892,101886,2026-08-21,958.23,GBP
901893,101887,2025-01-26,1164.38,GBP
901894,101887,2025-02-18,1085.85,GBP
901895,101888,2025-05-26,2035.02,GBP
901896,101889,2025-07-03,459.32,GBP
901897,101889,2025-08-04,649.90,GBP
901898,101890,2025-08-03,1675.36,GBP
901899,101891,2025-11-11,585.55,GBP
901900,101892,2025-10-06,1304.55,GBP
901901,101893,2025-11-04,1809.45,GBP
901902,101894,2026-05-27,1038.75,GBP
901903,101895,2026-09-19,550.81,GBP
901904,101897,2025-04-11,2774.09,EUR
901905,101898,2026-01-28,1763.17,GBP
901906,101899,2026-01-27,1238.03,EUR
901907,101899,2026-02-12,1231.03,EUR
901908,101902,2024-12-22,488.31,GBP
901909,101903,2024-12-26,1513.90,GBP
901910,101904,2025-03-02,1452.67,GBP
901911,101905,2025-02-21,1789.83,GBP
901912,101906,2025-02-20,1183.59,GBP
901913,101907,2025-04-09,1928.19,GBP
901914,101908,2025-05-22,1672.71,GBP
901915,101909,2025-09-17,2793.07,GBP
901916,101910,2026-03-17,2014.96,GBP
901917,101911,2026-07-27,1233.25,GBP
901918,101912,2026-08-22,2790.79,GBP
901919,101915,2024-11-27,1738.64,GBP
901920,101916,2025-01-04,1302.47,GBP
901921,101917,2025-02-10,236.10,GBP
901922,101918,2025-03-16,529.63,GBP
901923,101919,2025-03-16,468.91,GBP
901924,101920,2025-11-19,1901.41,GBP
901925,101921,2025-12-05,2368.62,GBP
901926,101922,2026-01-15,1024.59,GBP
901927,101923,2026-02-18,3715.21,GBP
901928,101924,2026-03-14,3447.51,GBP
901929,101925,2026-05-27,491.14,GBP
901930,101926,2026-06-30,1129.83,GBP
901931,101928,2025-07-31,363.28,EUR
901932,101929,2025-08-28,2325.63,EUR
901933,101930,2025-10-04,2899.87,EUR
901934,101931,2025-10-17,3829.02,EUR
901935,101932,2026-07-05,1182.52,EUR
901936,101933,2026-08-18,2857.97,GBP
901937,101934,2025-01-30,743.22,EUR
901938,101935,2025-12-11,1848.45,EUR
901939,101936,2025-12-07,2570.03,EUR
901940,101937,2026-01-25,1895.56,EUR
901941,101937,2026-02-16,2360.37,EUR
901942,101938,2026-05-20,2185.63,EUR
901943,101939,2026-03-29,153.04,GBP
901944,101939,2026-05-08,321.21,GBP
901945,101940,2026-06-20,1689.49,GBP
901946,101941,2026-05-22,622.19,EUR
901947,101942,2025-01-01,5609.63,GBP
901948,101943,2025-01-02,5514.69,GBP
901949,101944,2025-03-02,14565.82,GBP
901950,101945,2025-04-16,3613.94,GBP
901951,101946,2025-05-06,11393.17,GBP
901952,101947,2025-06-11,5407.45,GBP
901953,101948,2025-05-28,5276.15,GBP
901954,101949,2025-07-14,3308.61,GBP
901955,101950,2025-07-30,2818.44,GBP
901956,101951,2026-01-08,6236.23,GBP
901957,101952,2026-02-05,5608.34,GBP
901958,101953,2026-02-17,3695.04,GBP
901959,101954,2026-01-31,7638.04,GBP
901960,101955,2026-03-15,7210.26,GBP
901961,101956,2026-03-16,2377.65,GBP
901962,101957,2026-02-09,8185.86,GBP
901963,101958,2026-03-19,7162.58,GBP
901964,101959,2026-03-19,12350.33,GBP
901965,101960,2026-05-30,2013.79,GBP
901966,101960,2026-06-11,1741.89,GBP
901967,101961,2026-06-14,13259.31,GBP
901968,101962,2026-06-29,2860.23,GBP
901969,101963,2026-09-20,1291.76,GBP
901970,101964,2026-08-17,6835.93,GBP
901971,101965,2026-09-24,2799.86,GBP
901972,101967,2026-09-06,5399.92,GBP
901973,101968,2026-09-28,9020.19,GBP
901974,101973,2025-01-04,1236.45,GBP
901975,101974,2025-01-13,5087.15,GBP
901976,101975,2025-06-11,855.32,GBP
901977,101976,2025-06-05,600.60,GBP
901978,101977,2025-10-03,9429.83,GBP
901979,101979,2026-03-25,1760.89,GBP
901980,101980,2026-02-02,2049.42,GBP
901981,101981,2026-03-08,1551.81,GBP
901982,101984,2026-03-19,1612.08,GBP
901983,101986,2026-08-09,770.83,GBP
901984,101988,2025-02-04,45444.08,EUR
901985,101989,2025-03-07,15136.42,GBP
901986,101990,2025-02-21,45435.82,GBP
901987,101991,2025-05-06,35307.93,EUR
901988,101992,2025-03-26,10283.98,GBP
901989,101992,2025-05-07,20012.20,GBP
901990,101993,2025-02-18,40703.36,GBP
901991,101994,2025-04-11,24428.92,GBP
901992,101995,2025-02-19,15455.57,GBP
901993,101997,2025-06-05,8297.74,EUR
901994,101997,2025-06-22,19291.91,EUR
901995,101998,2025-06-01,42989.81,GBP
901996,102000,2025-05-26,17683.65,GBP
901997,102001,2025-07-15,33056.60,GBP
901998,102002,2025-06-19,13519.29,GBP
901999,102002,2025-07-23,23092.29,GBP
902000,102004,2025-07-01,29233.58,GBP
902001,102005,2025-05-21,33866.09,EUR
902002,102006,2025-07-26,48775.10,GBP
902003,102007,2025-06-13,34579.83,GBP
902004,102008,2025-04-29,10839.99,GBP
902005,102008,2025-06-01,12821.15,GBP
902006,102009,2025-06-10,17393.32,GBP
902007,102010,2025-07-03,30685.49,EUR
902008,102012,2025-08-02,56757.82,EUR
902009,102013,2025-08-17,36145.61,GBP
902010,102015,2025-08-18,11562.45,GBP
902011,102017,2025-08-21,8153.07,GBP
902012,102017,2025-09-26,9068.99,GBP
902013,102018,2025-08-29,31429.47,EUR
902014,102019,2025-08-04,63039.76,GBP
902015,102020,2025-11-08,22941.46,GBP
902016,102021,2025-12-02,24092.66,EUR
902017,102021,2026-01-05,17204.76,EUR
902018,102022,2025-12-27,50003.27,EUR
902019,102023,2025-12-01,23289.19,EUR
902020,102024,2026-02-09,16688.43,GBP
902021,102025,2026-02-07,29563.02,GBP
902022,102026,2025-12-04,10355.32,EUR
902023,102028,2025-11-30,25996.40,GBP
902024,102029,2026-01-07,26064.29,EUR
902025,102030,2025-12-04,119974.19,GBP
902026,102031,2026-03-26,37173.88,GBP
902027,102032,2026-04-10,18465.09,GBP
902028,102033,2025-12-31,40272.66,GBP
902029,102034,2026-03-28,27086.28,GBP
902030,102035,2026-03-02,34018.34,GBP
902031,102036,2026-04-12,46009.77,EUR
902032,102038,2026-03-04,15816.64,GBP
902033,102039,2026-03-11,12581.82,GBP
902034,102040,2026-02-09,30086.51,GBP
902035,102041,2026-01-15,39494.92,GBP
902036,102042,2026-03-14,20562.34,GBP
902037,102043,2026-02-22,13414.11,GBP
902038,102044,2026-04-15,36263.26,EUR
902039,102045,2026-04-02,33301.18,GBP
902040,102046,2026-02-08,21096.37,GBP
902041,102047,2026-06-22,19511.09,EUR
902042,102048,2026-06-25,10665.23,GBP
902043,102048,2026-07-12,14460.43,GBP
902044,102049,2026-07-05,22215.38,EUR
902045,102050,2026-06-12,59563.51,GBP
902046,102051,2026-07-24,12111.80,GBP
902047,102052,2026-06-25,6700.07,GBP
902048,102052,2026-07-11,15168.60,GBP
902049,102053,2026-08-11,22651.02,EUR
902050,102054,2026-06-06,11716.81,GBP
902051,102055,2026-06-11,16935.57,GBP
902052,102059,2026-09-19,10060.74,GBP
902053,102071,2025-02-11,1342.62,EUR
902054,102071,2025-03-25,2001.51,EUR
902055,102072,2025-02-16,3337.23,EUR
902056,102072,2025-03-29,2459.59,EUR
902057,102073,2025-04-19,3042.28,GBP
902058,102074,2025-04-04,3939.23,GBP
902059,102075,2025-06-08,4299.08,GBP
902060,102076,2025-05-29,5802.80,GBP
902061,102077,2025-06-13,3639.36,GBP
902062,102078,2025-07-04,4197.91,EUR
902063,102079,2025-08-28,4157.42,GBP
902064,102080,2025-08-21,10678.39,EUR
902065,102081,2025-09-10,3174.91,GBP
902066,102082,2025-10-02,4302.33,EUR
902067,102083,2025-10-05,5629.58,GBP
902068,102084,2025-10-17,12145.78,EUR
902069,102085,2025-10-08,2249.16,GBP
902070,102085,2025-10-30,3012.64,GBP
902071,102086,2025-09-28,5459.66,EUR
902072,102087,2025-11-15,6031.18,EUR
902073,102087,2025-12-17,9485.81,EUR
902074,102088,2026-01-19,2847.38,GBP
902075,102089,2026-04-02,4645.01,GBP
902076,102090,2026-07-06,4787.26,GBP
902077,102091,2026-08-04,3623.65,EUR
902078,102092,2026-07-26,6453.75,GBP
902079,102093,2026-08-10,2798.91,EUR
902080,102094,2026-07-27,5739.92,EUR
902081,102095,2026-08-25,3529.56,GBP
902082,102096,2026-09-03,6466.56,GBP
902083,102097,2026-09-24,11303.04,GBP
902084,102098,2025-07-31,1760.84,GBP
902085,102099,2025-09-12,886.73,GBP
902086,102100,2025-09-24,1379.82,GBP
902087,102101,2026-01-23,1170.39,GBP
902088,102101,2026-02-12,1981.81,GBP
902089,102102,2026-01-30,4921.98,GBP
902090,102103,2025-01-06,961.72,GBP
902091,102103,2025-02-12,757.34,GBP
902092,102104,2025-04-21,1102.68,GBP
902093,102105,2025-12-26,1757.03,GBP
902094,102106,2026-09-08,641.34,EUR
902095,102107,2025-01-28,1241.04,GBP
902096,102108,2025-05-13,1595.17,GBP
902097,102109,2025-07-30,1169.89,GBP
902098,102110,2025-06-30,1779.71,GBP
902099,102111,2025-09-05,1280.50,GBP
902100,102112,2025-09-22,2339.86,GBP
902101,102113,2025-09-21,541.23,GBP
902102,102114,2025-10-12,3855.90,GBP
902103,102115,2025-10-28,1376.59,GBP
902104,102116,2026-02-18,1239.90,GBP
902105,102117,2026-05-31,2469.01,GBP
902106,102118,2026-06-10,1328.01,GBP
902107,102121,2024-12-08,15685.65,GBP
902108,102122,2024-11-20,43022.96,GBP
902109,102123,2024-12-06,35822.41,GBP
902110,102124,2025-01-11,31296.02,GBP
902111,102125,2024-12-27,38519.66,GBP
902112,102126,2025-01-29,24056.98,GBP
902113,102127,2025-01-18,27508.50,GBP
902114,102128,2025-02-09,29710.17,GBP
902115,102129,2025-02-21,13032.42,GBP
902116,102130,2025-02-28,14265.34,GBP
902117,102130,2025-03-17,13681.97,GBP
902118,102131,2025-03-01,49501.28,GBP
902119,102132,2025-02-25,21817.31,GBP
902120,102133,2025-03-20,38846.52,GBP
902121,102134,2025-03-07,15126.22,GBP
902122,102135,2025-03-03,25967.96,GBP
902123,102136,2025-04-05,12988.55,GBP
902124,102137,2025-04-02,11162.48,GBP
902125,102138,2025-04-03,24451.90,GBP
902126,102139,2025-04-18,21488.04,GBP
902127,102140,2025-04-21,33493.91,GBP
902128,102141,2025-05-13,43067.35,GBP
902129,102142,2025-06-01,52741.97,GBP
902130,102143,2025-05-21,27593.96,GBP
902131,102144,2025-06-28,25511.07,GBP
902132,102145,2025-06-29,24080.98,GBP
902133,102146,2025-08-09,37480.65,GBP
902134,102147,2025-08-12,12598.92,GBP
902135,102148,2025-08-15,26866.30,GBP
902136,102149,2025-08-29,19344.18,GBP
902137,102150,2025-10-25,48713.47,GBP
902138,102151,2025-10-01,80110.16,GBP
902139,102152,2025-09-25,19204.75,GBP
902140,102153,2025-10-06,16177.07,GBP
902141,102154,2025-12-20,46483.67,GBP
902142,102155,2026-01-07,30829.24,GBP
902143,102156,2025-12-27,12008.17,GBP
902144,102157,2026-01-15,13414.95,GBP
902145,102158,2026-01-06,19506.82,GBP
902146,102159,2026-02-13,55467.22,GBP
902147,102160,2026-02-13,35265.32,GBP
902148,102161,2026-03-06,6992.87,GBP
902149,102162,2026-02-25,25647.69,GBP
902150,102163,2026-02-20,42446.06,GBP
902151,102164,2026-03-03,16172.77,GBP
902152,102165,2026-03-20,8942.72,GBP
902153,102166,2026-03-23,35402.37,GBP
902154,102167,2026-04-05,31220.14,GBP
902155,102168,2026-03-23,16708.84,GBP
902156,102169,2026-03-16,13378.80,GBP
902157,102170,2026-04-22,31650.07,GBP
902158,102171,2026-04-18,65415.93,GBP
902159,102172,2026-06-23,34161.95,GBP
902160,102173,2026-06-20,12318.82,GBP
902161,102174,2026-06-11,12529.97,GBP
902162,102175,2026-05-15,25616.87,GBP
902163,102176,2026-07-03,33324.42,GBP
902164,102177,2026-07-12,41828.68,GBP
902165,102178,2026-07-17,32751.35,GBP
902166,102179,2026-07-13,23561.57,GBP
902167,102180,2026-07-03,41884.76,GBP
902168,102181,2026-09-11,29522.51,GBP
902169,102182,2026-09-02,15683.71,GBP
902170,102182,2026-09-20,20345.82,GBP
902171,102183,2026-09-22,21720.28,GBP
902172,102185,2024-12-25,1118.11,EUR
902173,102186,2025-01-13,950.90,GBP
902174,102187,2025-01-08,916.24,GBP
902175,102188,2025-02-14,811.44,EUR
902176,102189,2025-03-15,1031.50,EUR
902177,102190,2025-06-28,1072.05,GBP
902178,102191,2025-08-18,1682.77,EUR
902179,102192,2025-12-06,1364.69,EUR
902180,102193,2025-12-21,574.99,GBP
902181,102193,2026-01-04,1183.78,GBP
902182,102194,2026-02-05,748.01,EUR
902183,102195,2026-02-05,895.43,EUR
902184,102196,2026-03-14,347.74,GBP
902185,102197,2026-05-01,1050.57,EUR
902186,102198,2025-04-20,1112.46,GBP
902187,102199,2025-05-12,542.11,GBP
902188,102200,2025-08-21,6314.05,GBP
902189,102201,2025-12-02,951.07,GBP
902190,102202,2025-12-10,1565.66,GBP
902191,102203,2026-03-04,885.83,GBP
902192,102204,2026-07-29,1891.43,GBP
902193,102205,2024-11-20,14546.72,GBP
902194,102206,2024-11-21,36170.16,GBP
902195,102207,2024-11-22,15429.58,GBP
902196,102208,2024-11-08,17675.77,GBP
902197,102209,2024-11-05,26809.90,GBP
902198,102210,2024-11-05,10724.14,GBP
902199,102211,2024-12-05,25511.17,GBP
902200,102211,2025-01-04,19259.38,GBP
902201,102212,2024-11-27,40051.84,GBP
902202,102213,2024-12-21,84763.83,GBP
902203,102214,2025-01-28,19690.92,GBP
902204,102215,2025-02-03,37575.54,GBP
902205,102216,2025-03-23,45603.72,GBP
902206,102217,2025-03-01,10689.90,GBP
902207,102218,2025-03-10,26193.51,GBP
902208,102219,2025-02-19,26412.26,GBP
902209,102220,2025-03-05,8511.99,GBP
902210,102220,2025-03-28,12189.66,GBP
902211,102221,2025-03-19,17540.82,GBP
902212,102222,2025-02-24,15734.91,GBP
902213,102223,2025-04-07,42251.56,GBP
902214,102224,2025-03-17,40040.29,GBP
902215,102225,2025-05-07,58046.96,GBP
902216,102226,2025-05-07,27215.14,GBP
902217,102227,2025-05-27,46448.28,GBP
902218,102228,2025-05-06,25788.33,GBP
902219,102229,2025-05-26,41963.91,GBP
902220,102230,2025-05-18,6088.34,GBP
902221,102230,2025-06-04,8347.05,GBP
902222,102231,2025-05-29,13777.53,GBP
902223,102232,2025-06-08,6605.02,GBP
902224,102232,2025-07-23,6483.08,GBP
902225,102233,2025-07-17,39155.76,GBP
902226,102234,2025-06-28,19413.45,GBP
902227,102235,2025-08-03,33794.10,GBP
902228,102236,2025-08-14,27890.61,GBP
902229,102237,2025-08-18,49109.82,GBP
902230,102238,2025-08-20,6616.69,GBP
902231,102238,2025-09-08,15350.25,GBP
902232,102239,2025-10-05,35878.80,GBP
902233,102240,2025-10-07,71641.59,GBP
902234,102241,2025-10-07,13510.45,GBP
902235,102242,2025-11-10,49200.28,GBP
902236,102243,2025-10-21,17973.06,GBP
902237,102243,2025-11-13,17160.03,GBP
902238,102244,2025-11-05,73389.22,GBP
902239,102245,2025-12-07,25694.47,GBP
902240,102246,2025-12-15,16458.61,GBP
902241,102247,2025-12-14,43985.17,GBP
902242,102248,2025-11-25,28252.73,GBP
902243,102249,2025-12-07,15971.60,GBP
902244,102250,2026-01-29,32682.03,GBP
902245,102251,2026-02-02,7365.44,GBP
902246,102251,2026-02-28,10585.62,GBP
902247,102252,2026-02-20,29998.03,GBP
902248,102253,2026-02-02,39223.18,GBP
902249,102254,2026-02-02,29770.06,GBP
902250,102255,2026-01-28,12733.07,GBP
902251,102256,2026-03-01,62726.30,GBP
902252,102257,2026-03-17,21717.40,GBP
902253,102258,2026-03-06,12693.28,GBP
902254,102259,2026-03-15,27130.72,GBP
902255,102260,2026-03-02,5982.83,GBP
902256,102260,2026-03-19,6718.09,GBP
902257,102261,2026-03-10,15757.44,GBP
902258,102262,2026-02-25,10880.83,GBP
902259,102262,2026-03-27,15507.45,GBP
902260,102263,2026-04-06,23842.44,GBP
902261,102264,2026-04-01,110233.52,GBP
902262,102265,2026-04-17,18647.39,GBP
902263,102266,2026-05-28,11879.54,GBP
902264,102267,2026-04-23,15243.32,GBP
902265,102268,2026-05-01,23585.27,GBP
902266,102269,2026-05-28,20296.87,GBP
902267,102270,2026-06-14,40570.23,GBP
902268,102271,2026-06-23,77045.43,GBP
902269,102272,2026-06-22,33764.00,GBP
902270,102273,2026-07-15,6540.25,GBP
902271,102273,2026-07-28,8773.89,GBP
902272,102274,2026-06-22,21456.10,GBP
902273,102275,2026-07-08,48768.35,GBP
902274,102276,2026-07-14,52114.77,GBP
902275,102277,2026-07-15,26974.83,GBP
902276,102278,2026-07-29,12208.21,GBP
902277,102279,2026-09-14,42700.50,GBP
902278,102280,2026-08-27,40716.70,GBP
902279,102281,2026-09-22,22949.53,GBP
902280,102282,2026-09-24,34288.66,GBP
902281,102286,2024-12-29,26592.49,GBP
902282,102287,2024-12-11,18640.71,GBP
902283,102288,2025-02-01,18154.04,GBP
902284,102289,2025-02-06,25437.61,GBP
902285,102290,2025-01-29,28499.42,GBP
902286,102291,2025-03-27,45552.60,GBP
902287,102292,2025-04-20,10861.47,GBP
902288,102293,2025-05-29,18901.98,GBP
902289,102293,2025-07-06,26417.53,GBP
902290,102294,2025-05-24,32514.55,GBP
902291,102295,2025-05-10,22484.81,GBP
902292,102296,2025-05-18,27885.32,GBP
902293,102297,2025-06-29,94188.00,GBP
902294,102298,2025-07-09,21490.71,GBP
902295,102299,2025-07-27,18715.06,GBP
902296,102300,2025-07-26,16730.32,GBP
902297,102301,2025-08-08,21821.68,GBP
902298,102302,2025-08-03,9450.61,GBP
902299,102303,2025-09-01,58592.84,GBP
902300,102304,2025-08-30,25980.10,GBP
902301,102305,2025-10-10,32126.81,GBP
902302,102306,2025-09-14,22547.79,GBP
902303,102307,2025-10-24,28094.40,GBP
902304,102308,2025-10-10,18320.18,GBP
902305,102309,2025-10-09,24159.91,GBP
902306,102310,2025-11-21,31516.56,GBP
902307,102311,2025-11-30,29017.85,GBP
902308,102312,2025-12-02,20970.98,GBP
902309,102312,2026-01-18,19403.11,GBP
902310,102313,2025-12-21,22738.48,GBP
902311,102314,2025-12-22,25562.98,GBP
902312,102315,2026-01-28,27360.56,GBP
902313,102316,2026-01-04,47360.37,GBP
902314,102317,2025-12-03,28387.44,GBP
902315,102318,2026-02-14,36260.31,GBP
902316,102319,2026-01-26,26000.05,GBP
902317,102320,2026-02-11,33175.15,GBP
902318,102320,2026-03-13,35674.44,GBP
902319,102321,2025-12-23,19983.50,GBP
902320,102322,2026-01-17,14911.88,GBP
902321,102323,2026-02-08,27304.82,GBP
902322,102324,2026-03-31,24807.41,GBP
902323,102325,2026-03-20,22036.11,GBP
902324,102326,2026-03-28,46578.68,GBP
902325,102327,2026-04-07,51925.19,GBP
902326,102328,2026-04-05,62475.39,GBP
902327,102329,2026-04-04,24006.32,GBP
902328,102330,2026-04-21,18961.69,GBP
902329,102331,2026-06-06,23489.27,GBP
902330,102332,2026-04-30,36050.78,GBP
902331,102333,2026-06-17,24560.01,GBP
902332,102333,2026-07-07,19289.40,GBP
902333,102334,2026-05-26,24891.15,GBP
902334,102335,2026-05-10,36416.53,GBP
902335,102336,2026-06-25,49340.46,GBP
902336,102338,2026-06-27,23835.27,GBP
902337,102339,2026-07-06,22077.41,GBP
902338,102340,2026-07-26,26038.47,GBP
902339,102341,2026-08-07,13252.38,GBP
902340,102341,2026-09-03,11661.46,GBP
902341,102342,2026-09-18,28971.23,GBP
902342,102343,2026-08-04,33548.52,GBP
902343,102344,2026-09-11,27558.31,GBP
902344,102349,2026-09-29,21636.19,GBP
902345,102356,2025-03-03,1135.77,EUR
902346,102357,2025-04-03,212.82,EUR
902347,102357,2025-04-27,172.24,EUR
902348,102358,2025-04-07,3292.61,EUR
902349,102359,2025-04-04,3120.36,GBP
902350,102360,2025-06-09,832.02,EUR
902351,102361,2025-09-12,531.37,GBP
902352,102362,2025-10-26,483.99,GBP
902353,102362,2025-12-14,431.39,GBP
902354,102363,2025-11-26,1041.65,EUR
902355,102363,2025-12-09,1030.83,EUR
902356,102364,2025-10-22,1675.21,GBP
902357,102365,2026-01-03,1505.95,EUR
902358,102366,2026-03-26,504.78,EUR
902359,102367,2026-06-05,1438.11,EUR
902360,102368,2026-06-12,2455.58,GBP
902361,102369,2026-07-10,1903.30,GBP
902362,102369,2026-08-15,1619.95,GBP
902363,102370,2026-07-18,819.49,GBP
902364,102372,2025-02-07,802.30,EUR
902365,102373,2025-03-06,674.82,EUR
902366,102374,2025-04-30,554.15,EUR
902367,102375,2025-04-09,746.36,GBP
902368,102376,2025-05-23,1844.78,EUR
902369,102377,2025-07-02,1038.43,EUR
902370,102378,2025-06-22,2090.31,EUR
902371,102379,2025-07-24,885.53,EUR
902372,102380,2026-01-31,676.83,GBP
902373,102380,2026-03-17,963.71,GBP
902374,102381,2026-05-17,1439.88,EUR
902375,102382,2026-06-04,748.00,EUR
902376,102383,2026-06-11,1284.92,EUR
902377,102384,2026-09-26,273.64,EUR
902378,102386,2025-05-07,2569.27,GBP
902379,102387,2025-08-05,467.97,GBP
902380,102388,2025-08-10,356.53,GBP
902381,102389,2025-12-26,1579.79,GBP
902382,102390,2025-12-14,1793.89,GBP
902383,102391,2026-03-17,939.90,GBP
902384,102392,2026-09-14,1090.68,GBP
902385,102393,2026-08-25,796.17,GBP
902386,102394,2026-09-12,1635.45,GBP
902387,102395,2026-09-05,658.49,GBP
902388,102396,2024-11-04,659.01,EUR
902389,102396,2024-11-19,1005.42,EUR
902390,102397,2024-11-24,986.72,GBP
902391,102398,2025-02-12,473.49,GBP
902392,102399,2025-03-11,296.33,EUR
902393,102400,2025-05-25,2262.52,EUR
902394,102401,2025-12-30,1907.45,GBP
902395,102402,2026-03-22,650.63,EUR
902396,102403,2026-07-10,799.87,GBP
902397,102404,2026-08-16,1565.41,EUR
902398,102406,2025-01-28,423.78,GBP
902399,102407,2025-06-23,847.02,GBP
902400,102408,2025-06-13,1112.39,GBP
902401,102409,2025-07-08,3199.17,GBP
902402,102410,2025-09-05,728.60,GBP
902403,102410,2025-09-15,1529.96,GBP
902404,102411,2025-10-11,7830.49,GBP
902405,102412,2026-03-19,1392.68,GBP
902406,102413,2026-04-11,1425.54,GBP
902407,102414,2025-02-04,1975.63,GBP
902408,102415,2025-02-14,1622.45,GBP
902409,102416,2025-04-24,276.66,GBP
902410,102417,2025-04-30,1216.62,GBP
902411,102418,2025-07-19,795.19,GBP
902412,102419,2025-10-17,614.71,GBP
902413,102419,2025-10-30,946.89,GBP
902414,102420,2025-10-05,2138.72,GBP
902415,102421,2026-03-02,1847.92,GBP
902416,102422,2026-04-12,909.45,GBP
902417,102423,2026-05-14,1180.31,GBP
902418,102424,2026-05-14,2178.38,GBP
902419,102425,2026-05-31,1286.83,GBP
902420,102426,2026-05-09,1882.33,GBP
902421,102427,2026-06-14,2179.24,GBP
902422,102428,2026-06-12,2363.02,GBP
902423,102429,2026-08-28,1152.91,GBP
902424,102431,2024-11-26,18134.96,GBP
902425,102432,2024-12-12,19435.70,GBP
902426,102433,2024-12-13,30491.97,GBP
902427,102434,2024-12-01,26501.42,GBP
902428,102436,2024-12-05,10890.27,GBP
902429,102437,2025-01-11,15514.19,GBP
902430,102438,2025-01-03,16335.52,GBP
902431,102439,2025-01-11,11187.62,GBP
902432,102439,2025-01-31,14605.24,GBP
902433,102440,2025-01-29,31372.14,GBP
902434,102441,2024-12-08,24061.38,GBP
902435,102442,2025-02-08,28459.88,GBP
902436,102443,2025-03-10,27216.26,GBP
902437,102444,2025-01-28,15962.38,GBP
902438,102445,2025-03-07,21579.30,GBP
902439,102446,2025-03-03,38049.28,GBP
902440,102447,2025-02-26,15392.36,GBP
902441,102448,2025-03-11,35928.14,GBP
902442,102449,2025-03-05,32768.17,GBP
902443,102450,2025-04-05,42359.79,GBP
902444,102451,2025-04-06,38167.70,GBP
902445,102452,2025-06-03,5679.40,GBP
902446,102452,2025-07-04,10582.37,GBP
902447,102453,2025-05-13,53314.82,GBP
902448,102454,2025-04-30,13447.87,GBP
902449,102455,2025-04-17,8939.90,GBP
902450,102456,2025-05-01,23384.55,GBP
902451,102457,2025-06-15,24154.21,GBP
902452,102458,2025-04-20,29156.47,GBP
902453,102459,2025-06-02,16056.62,GBP
902454,102460,2025-06-21,23582.66,GBP
902455,102461,2025-05-25,17579.25,GBP
902456,102462,2025-06-27,21731.27,GBP
902457,102463,2025-07-11,15850.55,GBP
902458,102464,2025-07-13,24922.63,GBP
902459,102465,2025-08-01,26241.55,GBP
902460,102466,2025-08-02,73964.50,GBP
902461,102467,2025-07-30,17424.27,GBP
902462,102468,2025-09-11,31188.76,GBP
902463,102469,2025-08-13,27868.45,GBP
902464,102470,2025-09-07,21475.79,GBP
902465,102470,2025-10-13,16999.51,GBP
902466,102471,2025-10-26,21495.67,GBP
902467,102472,2025-10-26,22581.23,GBP
902468,102473,2025-10-11,18472.59,GBP
902469,102474,2025-11-16,39953.23,GBP
902470,102475,2025-11-17,20363.98,GBP
902471,102476,2025-10-13,22779.40,GBP
902472,102477,2025-11-26,54646.49,GBP
902473,102478,2025-12-22,30676.93,GBP
902474,102479,2025-12-04,17415.60,GBP
902475,102479,2026-01-04,27323.09,GBP
902476,102480,2025-11-20,82344.12,GBP
902477,102481,2025-11-20,24902.45,GBP
902478,102482,2025-12-27,31258.94,GBP
902479,102483,2026-01-27,32799.93,GBP
902480,102484,2026-01-03,30708.65,GBP
902481,102485,2026-02-15,38721.86,GBP
902482,102486,2026-02-18,7668.89,GBP
902483,102487,2026-01-01,12068.94,GBP
902484,102488,2026-03-13,12138.88,GBP
902485,102489,2026-03-13,22224.35,GBP
902486,102490,2026-03-21,57035.64,GBP
902487,102491,2026-04-10,18522.75,GBP
902488,102492,2026-03-30,24829.26,GBP
902489,102493,2026-03-28,21979.55,GBP
902490,102494,2026-05-06,19231.57,GBP
902491,102494,2026-06-06,33086.62,GBP
902492,102495,2026-05-20,14703.17,GBP
902493,102495,2026-07-04,13408.88,GBP
902494,102496,2026-06-04,45808.97,GBP
902495,102497,2026-06-18,25547.30,GBP
902496,102498,2026-06-29,41755.34,GBP
902497,102499,2026-08-21,11342.29,GBP
902498,102500,2026-08-14,23666.93,GBP
902499,102501,2026-08-05,61412.28,GBP
902500,102502,2026-07-19,36152.81,GBP
902501,102503,2026-07-26,16250.24,GBP
902502,102505,2026-08-21,17964.03,GBP
902503,102506,2026-08-04,20561.58,GBP
902504,102506,2026-09-05,41686.34,GBP
902505,102507,2026-08-20,32638.15,GBP
902506,102508,2026-09-14,33520.21,GBP
902507,102513,2025-02-11,1478.47,GBP
902508,102514,2025-06-23,1993.35,GBP
902509,102515,2025-07-06,389.73,GBP
902510,102515,2025-08-24,427.09,GBP
902511,102516,2025-08-31,1273.43,GBP
902512,102517,2025-10-02,529.38,GBP
902513,102518,2026-05-15,291.99,GBP
902514,102519,2026-06-25,2467.57,GBP
902515,102520,2026-08-20,1220.24,GBP
902516,102521,2026-09-15,1076.61,GBP
902517,102522,2026-09-30,3615.43,GBP
902518,102523,2024-11-13,3025.83,GBP
902519,102524,2024-11-22,8196.80,GBP
902520,102525,2025-01-30,9101.04,GBP
902521,102526,2025-03-08,9093.43,GBP
902522,102527,2025-03-12,4183.77,GBP
902523,102528,2025-04-05,4265.59,GBP
902524,102529,2025-05-12,4233.34,GBP
902525,102530,2025-08-02,3893.65,GBP
902526,102530,2025-09-02,2705.02,GBP
902527,102531,2025-11-23,9973.75,GBP
902528,102532,2025-11-27,5173.10,GBP
902529,102533,2025-12-13,2155.93,GBP
902530,102533,2025-12-31,1944.37,GBP
902531,102534,2026-01-02,8694.42,GBP
902532,102535,2026-01-26,13304.12,GBP
902533,102536,2026-03-07,3828.06,GBP
902534,102537,2026-02-27,10492.98,GBP
902535,102538,2026-03-02,7322.14,GBP
902536,102539,2026-04-03,7246.10,GBP
902537,102540,2026-06-06,2907.62,GBP
902538,102540,2026-06-23,1999.28,GBP
902539,102541,2025-02-07,629.50,GBP
902540,102542,2025-03-30,714.65,GBP
902541,102543,2025-07-23,395.78,GBP
902542,102543,2025-08-04,552.82,GBP
902543,102544,2025-07-17,995.86,GBP
902544,102545,2026-05-25,813.54,GBP
902545,102546,2026-08-30,937.99,GBP
902546,102547,2024-11-14,5970.42,GBP
902547,102547,2024-12-25,7876.24,GBP
902548,102548,2024-11-27,3183.84,GBP
902549,102548,2025-01-03,3374.53,GBP
902550,102549,2024-12-16,9803.81,GBP
902551,102550,2025-01-20,10093.41,GBP
902552,102551,2025-01-14,4283.96,GBP
902553,102552,2025-01-03,4233.46,GBP
902554,102553,2025-03-01,5052.10,GBP
902555,102554,2025-04-08,8074.85,GBP
902556,102555,2025-05-18,7908.53,GBP
902557,102556,2025-05-22,8212.37,GBP
902558,102557,2025-07-13,5273.93,GBP
902559,102558,2025-08-21,5643.47,GBP
902560,102559,2025-07-28,7971.46,GBP
902561,102560,2025-08-25,5408.33,GBP
902562,102561,2025-11-10,6843.85,GBP
902563,102562,2025-11-06,3218.64,GBP
902564,102563,2026-02-12,6941.76,GBP
902565,102564,2026-02-07,3561.64,GBP
902566,102565,2026-02-06,19636.76,GBP
902567,102566,2026-04-20,4113.26,GBP
902568,102567,2026-05-07,7392.31,GBP
902569,102568,2026-05-03,6684.47,GBP
902570,102569,2026-07-16,3096.25,GBP
902571,102570,2026-07-20,4470.92,GBP
902572,102571,2026-07-19,5548.72,GBP
902573,102572,2026-08-04,4201.76,GBP
902574,102573,2024-12-10,4903.44,GBP
902575,102574,2025-01-05,3655.19,GBP
902576,102575,2025-01-19,5213.94,GBP
902577,102576,2025-01-04,4910.84,GBP
902578,102577,2025-03-11,5263.43,GBP
902579,102578,2025-04-28,3922.48,GBP
902580,102579,2025-03-26,2134.71,GBP
902581,102579,2025-05-12,4565.38,GBP
902582,102580,2025-05-24,9504.57,GBP
902583,102581,2025-09-23,15739.85,GBP
902584,102582,2025-11-05,4093.92,GBP
902585,102583,2025-10-10,5527.89,GBP
902586,102584,2025-10-08,7472.85,GBP
902587,102584,2025-10-22,11739.62,GBP
902588,102585,2025-11-01,8158.08,GBP
902589,102586,2026-01-08,6850.91,GBP
902590,102587,2026-04-04,2942.81,GBP
902591,102587,2026-05-17,1991.74,GBP
902592,102588,2026-03-02,1400.52,GBP
902593,102588,2026-03-28,2550.04,GBP
902594,102589,2026-03-30,6706.44,GBP
902595,102590,2026-04-09,5608.75,GBP
902596,102591,2026-04-30,6708.92,GBP
902597,102592,2026-05-10,1306.23,GBP
902598,102592,2026-06-04,3032.87,GBP
902599,102593,2026-06-16,7667.53,GBP
902600,102594,2026-06-03,4709.97,GBP
902601,102594,2026-07-04,3213.85,GBP
902602,102595,2026-06-28,11984.74,GBP
902603,102597,2026-09-07,2771.45,GBP
902604,102598,2024-11-26,9103.29,GBP
902605,102599,2025-01-09,13378.54,GBP
902606,102600,2025-01-15,15160.85,GBP
902607,102601,2025-02-03,5345.91,GBP
902608,102602,2025-02-04,6093.92,GBP
902609,102603,2025-03-22,8530.48,GBP
902610,102604,2025-03-16,13284.31,GBP
902611,102605,2025-03-28,7276.06,GBP
902612,102606,2025-04-09,5753.96,GBP
902613,102607,2025-04-14,1190.19,GBP
902614,102607,2025-05-08,2076.69,GBP
902615,102608,2025-04-06,11451.44,GBP
902616,102609,2025-05-06,1734.56,GBP
902617,102610,2025-06-25,5402.94,GBP
902618,102611,2025-07-22,8351.14,GBP
902619,102612,2025-09-09,3329.82,GBP
902620,102613,2025-11-19,3490.38,GBP
902621,102614,2025-11-08,3876.48,GBP
902622,102614,2025-12-13,3367.64,GBP
902623,102615,2025-11-07,7191.42,GBP
902624,102616,2025-12-03,6772.66,GBP
902625,102617,2025-12-06,9336.55,GBP
902626,102618,2026-02-04,5838.31,GBP
902627,102619,2026-03-21,1926.36,GBP
902628,102619,2026-04-15,3929.85,GBP
902629,102620,2026-04-01,2065.58,GBP
902630,102620,2026-05-07,4340.68,GBP
902631,102621,2026-06-21,4137.16,GBP
902632,102622,2026-08-20,5630.23,GBP
902633,102625,2025-01-03,27034.49,EUR
902634,102626,2025-01-25,16387.84,EUR
902635,102627,2025-01-14,15501.52,GBP
902636,102628,2025-02-04,23810.48,EUR
902637,102629,2025-01-09,42259.31,EUR
902638,102630,2025-01-16,54937.12,GBP
902639,102631,2025-02-11,43434.71,EUR
902640,102632,2025-02-16,29840.05,EUR
902641,102633,2025-02-27,18884.03,GBP
902642,102634,2025-02-24,29199.26,EUR
902643,102635,2025-02-21,18423.02,EUR
902644,102636,2025-03-28,34473.25,GBP
902645,102637,2025-03-27,17366.81,EUR
902646,102638,2025-03-08,29077.14,GBP
902647,102639,2025-03-30,21770.11,EUR
902648,102640,2025-04-15,56966.76,EUR
902649,102641,2025-04-15,55724.15,GBP
902650,102642,2025-04-20,31551.02,GBP
902651,102643,2025-04-28,38325.73,EUR
902652,102644,2025-05-30,49124.50,EUR
902653,102645,2025-05-13,39911.15,EUR
902654,102646,2025-05-25,34624.59,EUR
902655,102647,2025-06-07,52198.42,GBP
902656,102648,2025-05-05,41650.44,EUR
902657,102649,2025-05-31,17873.02,GBP
902658,102650,2025-06-12,25100.62,GBP
902659,102651,2025-06-11,36342.10,EUR
902660,102652,2025-06-14,16144.70,EUR
902661,102653,2025-07-11,11150.34,EUR
902662,102654,2025-08-03,18515.69,EUR
902663,102655,2025-07-14,24831.80,EUR
902664,102656,2025-08-01,35211.38,GBP
902665,102657,2025-07-02,11129.87,EUR
902666,102657,2025-08-20,20638.82,EUR
902667,102658,2025-08-10,34227.09,EUR
902668,102659,2025-08-12,32686.52,EUR
902669,102660,2025-08-09,35106.79,EUR
902670,102661,2025-08-12,30260.03,EUR
902671,102662,2025-09-07,26564.82,GBP
902672,102663,2025-09-20,28970.07,GBP
902673,102664,2025-10-10,27515.92,GBP
902674,102665,2025-10-22,21418.12,GBP
902675,102666,2025-11-07,28746.62,GBP
902676,102667,2025-11-10,33794.17,EUR
902677,102668,2025-11-29,27873.96,EUR
902678,102669,2025-12-11,19585.95,EUR
902679,102670,2025-12-11,29410.12,EUR
902680,102671,2026-01-04,51014.34,EUR
902681,102672,2025-12-22,18740.82,EUR
902682,102673,2026-01-07,35699.72,GBP
902683,102674,2026-01-12,20055.14,EUR
902684,102675,2026-01-07,25516.80,EUR
902685,102676,2026-01-18,34696.90,GBP
902686,102677,2026-02-02,46930.98,GBP
902687,102678,2026-01-18,23305.59,GBP
902688,102679,2026-01-24,49736.75,EUR
902689,102680,2026-01-13,25125.21,EUR
902690,102681,2026-03-01,39395.94,EUR
902691,102682,2026-03-09,34285.09,EUR
902692,102683,2026-02-15,24642.38,EUR
902693,102684,2026-03-14,28098.77,GBP
902694,102685,2026-05-02,17483.70,EUR
902695,102685,2026-06-09,19846.76,EUR
902696,102686,2026-04-16,19600.73,EUR
902697,102687,2026-05-08,39157.00,EUR
902698,102688,2026-05-29,17058.71,GBP
902699,102689,2026-05-16,43435.61,GBP
902700,102690,2026-05-31,29300.09,GBP
902701,102691,2026-05-21,20705.01,GBP
902702,102692,2026-06-20,18008.81,EUR
902703,102693,2026-06-07,45787.17,GBP
902704,102694,2026-05-30,23060.51,GBP
902705,102695,2026-06-09,29044.26,GBP
902706,102696,2026-06-13,15465.39,GBP
902707,102697,2026-06-18,17502.08,GBP
902708,102698,2026-06-18,25302.82,EUR
902709,102699,2026-07-19,38639.33,EUR
902710,102700,2026-08-05,33891.44,EUR
902711,102701,2026-07-20,7679.37,EUR
902712,102702,2026-07-17,34845.53,EUR
902713,102703,2026-08-04,14780.84,GBP
902714,102704,2026-07-06,15981.98,EUR
902715,102705,2026-07-04,21115.38,EUR
902716,102706,2026-09-05,17589.39,EUR
902717,102707,2026-08-15,70919.28,GBP
902718,102708,2026-08-10,23188.70,EUR
902719,102709,2026-08-13,45399.03,EUR
902720,102710,2026-08-17,25195.39,EUR
902721,102711,2026-09-01,52750.79,EUR
902722,102712,2026-09-13,42677.49,GBP
902723,102713,2026-08-30,5689.66,GBP
902724,102713,2026-09-21,10113.17,GBP
902725,102714,2026-09-23,11944.36,EUR
902726,102716,2026-09-16,36218.24,GBP
902727,102727,2024-11-30,841.13,GBP
902728,102728,2025-03-11,3360.80,GBP
902729,102729,2025-03-05,3078.59,GBP
902730,102731,2025-11-20,800.14,GBP
902731,102731,2026-01-06,1257.44,GBP
902732,102732,2026-02-14,2317.98,GBP
902733,102733,2026-03-12,809.35,GBP
902734,102734,2026-03-11,518.34,GBP
902735,102735,2026-06-16,969.92,GBP
902736,102735,2026-07-04,1290.14,GBP
902737,102736,2026-08-05,606.42,GBP
902738,102737,2026-09-17,2578.24,GBP
902739,102739,2025-03-08,405.73,GBP
902740,102739,2025-04-09,308.32,GBP
902741,102740,2025-08-02,2581.58,GBP
902742,102741,2025-10-11,1004.47,GBP
902743,102742,2025-10-31,1392.68,GBP
902744,102743,2025-11-14,1788.63,GBP
902745,102744,2026-08-08,1550.53,GBP
902746,102745,2025-02-26,794.34,GBP
902747,102745,2025-03-11,672.46,GBP
902748,102746,2025-06-02,1129.70,GBP
902749,102747,2026-01-16,733.85,GBP
902750,102748,2026-02-24,927.44,GBP
902751,102749,2026-03-27,1201.10,GBP
902752,102749,2026-05-03,1263.27,GBP
902753,102750,2026-04-26,795.08,GBP
902754,102751,2026-05-07,2168.24,GBP
902755,102752,2026-06-11,1357.18,GBP
902756,102753,2026-07-28,2050.45,GBP
902757,102754,2026-09-09,1006.77,GBP
902758,102757,2024-12-01,989.44,GBP
902759,102758,2025-01-18,448.00,GBP
902760,102759,2025-05-01,1253.37,GBP
902761,102760,2025-06-11,299.63,GBP
902762,102760,2025-07-03,613.70,GBP
902763,102761,2025-07-03,1025.76,GBP
902764,102762,2025-11-03,4845.43,GBP
902765,102763,2025-11-17,1132.21,GBP
902766,102764,2024-11-13,26282.11,EUR
902767,102765,2024-11-24,18088.60,EUR
902768,102766,2024-11-08,6684.48,GBP
902769,102766,2024-12-22,13876.46,GBP
902770,102767,2024-11-26,7658.09,EUR
902771,102767,2024-12-17,10316.87,EUR
902772,102768,2024-11-13,22734.45,EUR
902773,102769,2024-11-03,56512.59,EUR
902774,102770,2024-11-22,20601.06,GBP
902775,102770,2025-01-02,14844.17,GBP
902776,102771,2024-11-13,28806.14,EUR
902777,102772,2024-12-01,35597.19,EUR
902778,102773,2024-12-22,36119.02,EUR
902779,102774,2025-01-01,30130.49,EUR
902780,102775,2024-12-24,10023.11,EUR
902781,102775,2025-01-20,20010.76,EUR
902782,102776,2025-01-06,37243.72,GBP
902783,102777,2025-01-27,31081.76,GBP
902784,102778,2025-01-31,33899.59,EUR
902785,102779,2025-01-31,8217.62,EUR
902786,102779,2025-02-19,11170.16,EUR
902787,102780,2025-01-10,39307.13,EUR
902788,102781,2025-02-17,23392.35,GBP
902789,102782,2025-02-18,32126.89,EUR
902790,102783,2025-02-12,12536.83,GBP
902791,102783,2025-03-23,11913.45,GBP
902792,102784,2025-03-04,18396.57,EUR
902793,102785,2025-04-01,28769.36,GBP
902794,102786,2025-03-24,14994.98,EUR
902795,102787,2025-03-16,14564.31,EUR
902796,102788,2025-03-29,8521.59,GBP
902797,102788,2025-05-10,12549.39,GBP
902798,102789,2025-04-10,31971.54,EUR
902799,102790,2025-04-23,26460.03,GBP
902800,102791,2025-04-12,27332.70,EUR
902801,102793,2025-05-11,16179.35,EUR
902802,102794,2025-05-09,42006.14,EUR
902803,102795,2025-05-24,37943.49,EUR
902804,102796,2025-05-20,57247.78,EUR
902805,102797,2025-07-03,36221.71,GBP
902806,102798,2025-05-31,33013.81,EUR
902807,102799,2025-07-13,12245.61,GBP
902808,102800,2025-07-07,29388.84,EUR
902809,102801,2025-07-02,7342.83,EUR
902810,102802,2025-08-28,24830.45,EUR
902811,102803,2025-09-12,47804.24,EUR
902812,102804,2025-09-12,21809.81,EUR
902813,102805,2025-08-31,20572.29,EUR
902814,102806,2025-10-13,77995.21,EUR
902815,102807,2025-10-22,18747.63,GBP
902816,102808,2025-11-28,25211.64,GBP
902817,102809,2025-11-21,15829.07,EUR
902818,102810,2025-11-12,30769.10,GBP
902819,102811,2025-11-04,22688.29,EUR
902820,102812,2025-12-21,19746.04,EUR
902821,102813,2025-12-19,15519.88,EUR
902822,102814,2025-12-27,28400.30,GBP
902823,102815,2025-12-29,71313.06,EUR
902824,102816,2026-02-17,31874.44,EUR
902825,102817,2026-02-21,33590.45,EUR
902826,102818,2026-02-21,24744.37,EUR
902827,102819,2026-03-11,29848.02,GBP
902828,102820,2026-03-01,29326.82,GBP
902829,102821,2026-03-10,30756.76,EUR
902830,102822,2026-02-09,26225.25,GBP
902831,102823,2026-04-08,44819.26,EUR
902832,102824,2026-04-26,3371.94,GBP
902833,102824,2026-06-06,6714.73,GBP
902834,102825,2026-05-01,21793.73,EUR
902835,102826,2026-04-22,26442.10,EUR
902836,102827,2026-04-21,49631.96,GBP
902837,102828,2026-04-22,20142.54,EUR
902838,102829,2026-05-27,31127.60,EUR
902839,102830,2026-05-22,26877.35,EUR
902840,102831,2026-05-18,27921.12,GBP
902841,102832,2026-05-18,17435.30,EUR
902842,102833,2026-05-12,16194.04,GBP
902843,102834,2026-05-15,42361.71,EUR
902844,102835,2026-06-26,36949.64,EUR
902845,102836,2026-06-26,17678.80,EUR
902846,102837,2026-07-24,76775.89,EUR
902847,102838,2026-08-08,35869.61,EUR
902848,102839,2026-08-03,14210.04,GBP
902849,102840,2026-08-23,49991.71,EUR
902850,102841,2026-08-13,19244.74,GBP
902851,102842,2026-08-16,12311.95,GBP
902852,102843,2026-09-24,27399.65,EUR
902853,102844,2026-09-20,17364.03,GBP
902854,102850,2025-06-21,2121.36,GBP
902855,102851,2025-07-16,710.30,GBP
902856,102852,2025-11-27,1479.50,GBP
902857,102853,2026-07-03,697.29,GBP
902858,102856,2024-12-08,15441.45,GBP
902859,102857,2024-12-15,7848.83,GBP
902860,102858,2024-12-14,4518.77,GBP
902861,102859,2024-11-27,5427.82,GBP
902862,102860,2025-01-25,9652.19,GBP
902863,102861,2025-01-23,4543.60,GBP
902864,102862,2025-02-08,10229.81,GBP
902865,102863,2025-03-26,5241.16,GBP
902866,102864,2025-03-30,14505.20,GBP
902867,102865,2025-04-08,6969.46,GBP
902868,102866,2025-04-15,11977.03,GBP
902869,102867,2025-04-20,11965.09,GBP
902870,102868,2025-07-28,11835.79,GBP
902871,102869,2025-07-08,13261.18,GBP
902872,102870,2025-07-12,6541.55,GBP
902873,102871,2025-08-23,7809.99,GBP
902874,102872,2025-09-17,10200.54,GBP
902875,102873,2025-10-09,3305.94,GBP
902876,102874,2025-10-21,7355.54,GBP
902877,102875,2025-10-21,3200.02,GBP
902878,102875,2025-12-07,2144.32,GBP
902879,102876,2025-10-31,3236.26,GBP
902880,102877,2025-12-08,7036.87,GBP
902881,102878,2025-12-20,8233.09,GBP
902882,102879,2026-01-11,3440.44,GBP
902883,102880,2026-01-10,7578.60,GBP
902884,102881,2026-02-13,7886.89,GBP
902885,102882,2026-04-01,7314.12,GBP
902886,102883,2026-05-28,3415.69,GBP
902887,102884,2026-07-08,1780.86,GBP
902888,102884,2026-08-11,1438.70,GBP
902889,102885,2026-07-12,3095.02,GBP
902890,102885,2026-08-10,5395.58,GBP
902891,102886,2026-08-06,3967.07,GBP
902892,102886,2026-08-30,6261.27,GBP
902893,102889,2025-08-08,1018.27,GBP
902894,102890,2025-12-28,1801.22,GBP
902895,102891,2026-02-19,1131.59,GBP
902896,102892,2026-03-09,792.30,GBP
902897,102893,2026-05-02,394.89,GBP
902898,102893,2026-05-19,761.49,GBP
902899,102895,2025-04-03,1046.61,GBP
902900,102896,2025-05-03,1698.01,EUR
902901,102897,2025-07-31,234.49,EUR
902902,102897,2025-08-30,280.75,EUR
902903,102898,2025-09-15,539.92,GBP
902904,102899,2025-10-15,710.82,EUR
902905,102900,2025-12-16,667.74,GBP
902906,102901,2026-02-10,965.26,EUR
902907,102902,2026-03-02,781.74,GBP
902908,102902,2026-03-28,888.29,GBP
902909,102903,2026-06-10,907.25,EUR
902910,102904,2024-11-28,1562.31,GBP
902911,102905,2025-04-03,631.13,GBP
902912,102906,2025-07-06,842.49,GBP
902913,102907,2025-12-16,1699.81,GBP
902914,102908,2026-01-24,496.59,GBP
902915,102909,2026-04-30,1051.22,GBP
902916,102910,2026-05-03,1076.43,GBP
902917,102911,2026-05-05,3141.91,EUR
902918,102912,2024-11-02,15312.04,GBP
902919,102913,2024-11-09,8053.94,GBP
902920,102914,2024-11-05,7116.52,GBP
902921,102915,2025-01-23,1491.61,GBP
902922,102916,2025-02-15,5493.57,GBP
902923,102917,2025-02-08,2760.80,GBP
902924,102917,2025-03-09,1860.79,GBP
902925,102918,2025-03-12,6849.22,GBP
902926,102919,2025-03-03,5253.72,GBP
902927,102920,2025-02-23,11211.60,EUR
902928,102921,2025-06-18,7335.00,GBP
902929,102922,2025-06-11,7390.78,GBP
902930,102923,2025-08-04,8561.05,GBP
902931,102924,2025-09-04,11856.65,GBP
902932,102925,2025-09-25,9544.37,GBP
902933,102926,2025-10-24,5538.83,GBP
902934,102927,2025-10-21,5945.51,GBP
902935,102928,2025-10-25,5829.42,GBP
902936,102929,2025-12-07,9691.68,GBP
902937,102930,2026-01-12,7084.79,GBP
902938,102931,2025-12-28,4369.35,EUR
902939,102932,2026-01-06,5457.50,EUR
902940,102933,2026-02-13,5444.76,EUR
902941,102934,2026-02-06,4397.38,GBP
902942,102935,2026-03-24,8567.83,GBP
902943,102936,2026-04-13,16535.99,EUR
902944,102937,2026-04-01,7882.57,GBP
902945,102938,2026-05-20,2445.29,GBP
902946,102939,2026-05-22,5826.51,GBP
902947,102940,2026-08-17,4578.24,GBP
902948,102941,2025-01-18,9117.44,EUR
902949,102942,2025-02-03,4044.30,GBP
902950,102943,2025-03-13,12755.85,GBP
902951,102944,2025-02-25,5033.73,GBP
902952,102945,2025-03-28,3303.81,EUR
902953,102945,2025-04-14,2435.05,EUR
902954,102946,2025-03-23,8198.30,GBP
902955,102947,2025-04-25,10854.52,GBP
902956,102948,2025-06-02,12772.90,EUR
902957,102949,2025-06-05,6590.75,GBP
902958,102950,2025-07-08,3206.81,GBP
902959,102950,2025-07-31,2677.87,GBP
902960,102951,2025-08-05,3426.69,GBP
902961,102952,2025-07-30,6936.29,EUR
902962,102953,2025-09-24,9247.86,GBP
902963,102954,2025-09-04,6691.04,GBP
902964,102955,2025-10-21,7058.37,GBP
902965,102956,2025-12-07,5824.41,GBP
902966,102957,2026-01-09,10702.24,GBP
902967,102958,2025-12-11,2544.44,GBP
902968,102959,2026-01-02,16547.23,GBP
902969,102960,2026-04-20,2746.90,EUR
902970,102961,2026-05-04,5902.27,EUR
902971,102961,2026-06-16,11329.99,EUR
902972,102962,2026-05-06,15494.38,EUR
902973,102963,2026-05-17,4132.59,GBP
902974,102964,2026-05-25,6860.06,GBP
902975,102965,2026-06-18,2770.48,GBP
902976,102965,2026-07-22,2091.10,GBP
902977,102966,2026-07-21,4081.29,EUR
902978,102967,2026-07-15,7346.38,EUR
902979,102968,2026-07-21,5451.62,GBP
902980,102969,2026-09-22,19262.41,GBP
902981,102970,2026-09-28,13561.90,GBP
902982,102971,2026-09-28,2308.49,GBP
902983,102972,2026-09-30,9113.84,EUR
902984,102975,2025-03-22,1471.06,GBP
902985,102976,2025-04-17,7376.60,GBP
902986,102977,2025-06-08,1206.87,GBP
902987,102978,2025-12-12,1880.98,GBP
902988,102979,2026-02-04,1397.67,GBP
902989,102980,2026-04-09,470.25,GBP
902990,102981,2026-03-26,1958.30,GBP
902991,102982,2026-06-17,337.91,GBP
902992,102982,2026-07-07,682.26,GBP
902993,102983,2026-08-04,426.03,GBP
902994,102983,2026-08-24,340.16,GBP
902995,102984,2026-08-14,665.14,GBP
902996,102984,2026-08-31,497.28,GBP
902997,102985,2025-01-25,454.94,GBP
902998,102986,2025-02-16,1322.31,GBP
902999,102987,2025-04-17,1291.85,GBP
903000,102988,2025-04-22,1627.27,GBP
903001,102989,2025-06-30,1164.71,GBP
903002,102990,2025-12-11,3759.92,GBP
903003,102991,2026-07-17,719.47,GBP
903004,102992,2025-02-07,4222.39,GBP
903005,102993,2025-04-15,13199.32,GBP
903006,102994,2025-05-07,5684.21,GBP
903007,102995,2025-06-08,6192.18,GBP
903008,102996,2025-07-03,5912.14,GBP
903009,102997,2025-08-03,8431.40,GBP
903010,102997,2025-09-02,5849.77,GBP
903011,102998,2025-07-13,6955.74,GBP
903012,102999,2025-08-04,9340.33,GBP
903013,103000,2025-09-18,5744.65,GBP
903014,103001,2025-09-01,4854.57,GBP
903015,103002,2025-09-24,5360.29,GBP
903016,103003,2025-11-12,4680.39,GBP
903017,103004,2025-12-13,1558.57,GBP
903018,103004,2026-01-04,3298.82,GBP
903019,103005,2025-11-22,2025.66,GBP
903020,103007,2026-05-18,8738.43,GBP
903021,103008,2026-05-10,4796.27,GBP
903022,103008,2026-05-25,5272.32,GBP
903023,103009,2026-07-08,5846.90,GBP
903024,103010,2026-09-01,11619.87,GBP
903025,103011,2026-09-25,5271.51,GBP
903026,103013,2025-05-15,1370.23,GBP
903027,103014,2025-07-17,457.56,GBP
903028,103015,2025-11-04,1497.43,EUR
903029,103016,2025-12-24,1353.12,EUR
903030,103017,2026-09-10,2300.06,GBP
903031,103018,2026-08-28,365.50,GBP
903032,103018,2026-09-23,694.39,GBP
903033,103019,2026-09-17,1930.48,GBP
903034,103021,2024-11-29,30614.31,GBP
903035,103022,2024-12-24,32054.39,GBP
903036,103023,2025-01-12,28851.30,GBP
903037,103024,2025-01-21,19358.33,GBP
903038,103025,2025-01-25,19852.58,GBP
903039,103026,2025-01-17,78397.57,GBP
903040,103027,2025-01-04,16529.09,GBP
903041,103028,2025-03-13,15157.73,GBP
903042,103029,2025-05-01,42657.76,GBP
903043,103030,2025-05-30,19285.48,GBP
903044,103031,2025-05-20,54812.68,GBP
903045,103032,2025-05-27,25091.00,GBP
903046,103033,2025-06-05,39673.31,GBP
903047,103034,2025-05-10,13244.96,GBP
903048,103035,2025-05-21,17092.03,GBP
903049,103036,2025-05-07,24525.61,GBP
903050,103037,2025-05-10,10233.07,GBP
903051,103037,2025-06-14,10779.34,GBP
903052,103038,2025-05-18,30991.60,GBP
903053,103039,2025-07-23,38050.65,GBP
903054,103040,2025-08-25,16730.32,GBP
903055,103041,2025-08-17,22642.68,GBP
903056,103042,2025-08-15,31813.67,GBP
903057,103043,2025-08-08,49826.78,GBP
903058,103044,2025-08-08,21463.69,GBP
903059,103045,2025-09-04,32726.71,GBP
903060,103046,2025-08-29,24806.14,GBP
903061,103047,2025-09-25,65991.22,GBP
903062,103048,2025-09-16,14167.34,GBP
903063,103049,2025-09-02,51890.11,GBP
903064,103050,2025-10-23,13568.78,GBP
903065,103051,2025-10-22,16150.61,GBP
903066,103051,2025-11-22,19338.38,GBP
903067,103052,2025-11-11,51615.10,GBP
903068,103053,2025-11-19,22763.83,GBP
903069,103054,2025-12-26,25365.81,GBP
903070,103055,2026-01-01,35823.22,GBP
903071,103056,2025-12-23,21157.24,GBP
903072,103056,2026-02-06,37064.85,GBP
903073,103057,2025-12-01,18595.16,GBP
903074,103058,2026-01-29,50093.17,GBP
903075,103059,2026-01-17,10900.77,GBP
903076,103060,2026-01-28,19068.94,GBP
903077,103061,2026-01-18,35437.38,GBP
903078,103062,2026-01-10,33723.72,GBP
903079,103063,2026-02-04,24454.89,GBP
903080,103064,2026-02-06,29904.97,GBP
903081,103065,2026-03-18,36931.66,GBP
903082,103066,2026-03-21,38306.88,GBP
903083,103067,2026-04-28,29638.53,GBP
903084,103068,2026-04-17,35016.65,GBP
903085,103069,2026-05-05,62681.27,GBP
903086,103070,2026-05-17,24596.54,GBP
903087,103071,2026-05-05,45464.12,GBP
903088,103072,2026-06-22,60729.64,GBP
903089,103073,2026-07-05,57027.89,GBP
903090,103074,2026-07-31,22775.60,GBP
903091,103074,2026-08-11,17443.49,GBP
903092,103075,2026-08-25,30717.97,GBP
903093,103076,2026-08-11,29085.86,GBP
903094,103077,2026-08-19,24900.62,GBP
903095,103078,2026-08-26,29887.01,GBP
903096,103079,2026-08-17,56822.69,GBP
903097,103080,2026-08-14,44109.91,GBP
903098,103081,2026-09-11,32938.15,GBP
903099,103082,2026-09-07,24339.70,GBP
903100,103084,2026-09-26,21895.42,GBP
903101,103092,2025-04-07,167.98,EUR
903102,103092,2025-05-10,284.68,EUR
903103,103093,2025-05-02,1358.78,EUR
903104,103094,2025-07-07,999.17,GBP
903105,103095,2025-07-02,1876.77,GBP
903106,103096,2025-09-28,557.21,GBP
903107,103098,2025-10-08,1431.71,EUR
903108,103099,2025-10-26,193.87,GBP
903109,103099,2025-11-18,323.39,GBP
903110,103100,2025-12-11,873.77,EUR
903111,103101,2026-04-23,797.66,EUR
903112,103102,2026-06-10,703.14,EUR
903113,103103,2025-02-03,1424.85,GBP
903114,103104,2025-08-26,1176.71,GBP
903115,103104,2025-09-26,1251.28,GBP
903116,103105,2025-09-17,1090.59,GBP
903117,103105,2025-10-01,1187.96,GBP
903118,103106,2026-02-23,1817.16,GBP
903119,103107,2026-05-08,198.51,GBP
903120,103107,2026-05-25,373.68,GBP
903121,103108,2026-06-19,2293.46,GBP
903122,103109,2026-08-13,371.33,GBP
903123,103110,2026-09-18,4243.92,GBP
903124,103111,2026-09-26,647.50,GBP
903125,103115,2024-12-05,551.20,GBP
903126,103116,2025-04-02,1118.10,GBP
903127,103117,2025-07-02,1253.55,GBP
903128,103118,2025-10-10,351.62,GBP
903129,103120,2026-04-01,2463.47,GBP
903130,103121,2026-04-29,771.64,GBP
903131,103122,2026-05-01,602.82,GBP
903132,103123,2025-01-25,1332.06,GBP
903133,103124,2025-05-03,723.96,GBP
903134,103125,2025-11-23,1350.04,GBP
903135,103126,2025-12-06,2414.08,EUR
903136,103127,2026-04-05,964.41,EUR
903137,103129,2024-12-22,212.64,EUR
903138,103129,2025-01-24,332.22,EUR
903139,103130,2025-04-02,2141.22,EUR
903140,103131,2025-05-17,637.34,EUR
903141,103132,2025-05-27,1197.98,EUR
903142,103133,2025-12-10,105.72,EUR
903143,103133,2026-01-07,211.17,EUR
903144,103134,2024-12-20,1555.57,EUR
903145,103135,2025-01-19,2399.51,GBP
903146,103136,2025-04-07,649.93,EUR
903147,103137,2025-04-17,3107.92,GBP
903148,103138,2025-07-17,1079.95,GBP
903149,103139,2026-01-27,839.94,GBP
903150,103140,2026-06-18,698.80,EUR
903151,103141,2026-09-24,1342.74,EUR
903152,103144,2024-12-07,59728.22,GBP
903153,103145,2025-01-10,14670.40,EUR
903154,103145,2025-01-23,19733.55,EUR
903155,103146,2024-12-22,41122.96,GBP
903156,103147,2024-12-08,50248.28,EUR
903157,103148,2024-12-27,57504.49,EUR
903158,103149,2024-12-25,27011.00,GBP
903159,103150,2024-12-19,35621.17,EUR
903160,103151,2024-11-30,43345.84,EUR
903161,103152,2025-01-05,91293.54,EUR
903162,103153,2025-01-24,16435.02,EUR
903163,103154,2024-12-31,29885.07,EUR
903164,103155,2025-01-11,37615.04,EUR
903165,103156,2025-02-13,25112.26,EUR
903166,103157,2025-02-03,42205.32,GBP
903167,103158,2025-02-10,70002.97,GBP
903168,103159,2025-03-14,27043.26,EUR
903169,103160,2025-04-14,45218.83,GBP
903170,103161,2025-03-16,29926.56,GBP
903171,103162,2025-04-02,30262.45,EUR
903172,103163,2025-03-24,14686.56,EUR
903173,103164,2025-04-08,18553.98,EUR
903174,103165,2025-04-26,17013.02,GBP
903175,103166,2025-04-06,11881.14,GBP
903176,103167,2025-05-29,19393.91,EUR
903177,103168,2025-05-03,28471.17,EUR
903178,103169,2025-05-08,24848.34,EUR
903179,103170,2025-07-06,35857.79,EUR
903180,103171,2025-06-20,12164.62,EUR
903181,103171,2025-08-07,13575.12,EUR
903182,103172,2025-06-23,43026.50,EUR
903183,103173,2025-07-01,26684.77,GBP
903184,103174,2025-06-29,13560.18,GBP
903185,103175,2025-08-10,48150.86,EUR
903186,103176,2025-07-26,34322.12,EUR
903187,103177,2025-07-29,41050.43,EUR
903188,103178,2025-08-24,31845.90,EUR
903189,103179,2025-08-24,28172.13,EUR
903190,103180,2025-09-07,20537.06,EUR
903191,103181,2025-09-03,25891.21,EUR
903192,103182,2025-09-14,13505.59,EUR
903193,103182,2025-10-06,10263.20,EUR
903194,103183,2025-09-06,46207.93,EUR
903195,103184,2025-10-09,12069.23,EUR
903196,103185,2025-10-22,15858.04,GBP
903197,103186,2025-10-18,46245.67,GBP
903198,103187,2025-11-11,44294.11,GBP
903199,103188,2025-10-15,23565.96,GBP
903200,103189,2025-10-20,10142.02,EUR
903201,103189,2025-11-14,7321.40,EUR
903202,103190,2025-10-06,16938.74,GBP
903203,103190,2025-10-19,18711.93,GBP
903204,103191,2025-11-19,13074.92,EUR
903205,103192,2025-11-20,25831.99,GBP
903206,103193,2025-11-27,20693.30,EUR
903207,103193,2026-01-08,27327.42,EUR
903208,103194,2025-11-11,19981.77,GBP
903209,103195,2025-11-07,27271.14,EUR
903210,103196,2025-11-19,13136.23,EUR
903211,103197,2025-12-01,7154.01,EUR
903212,103197,2025-12-31,5804.92,EUR
903213,103198,2025-12-30,17993.23,GBP
903214,103199,2025-12-03,20121.51,EUR
903215,103200,2026-01-12,45191.99,EUR
903216,103201,2025-12-12,20311.68,GBP
903217,103202,2025-12-21,32295.40,EUR
903218,103202,2026-02-01,34408.43,EUR
903219,103203,2026-01-23,38027.85,EUR
903220,103204,2026-02-21,25150.72,GBP
903221,103205,2026-02-06,37236.91,GBP
903222,103205,2026-03-17,27521.05,GBP
903223,103206,2026-03-05,10637.25,EUR
903224,103207,2026-03-20,30725.63,EUR
903225,103208,2026-03-24,18649.62,EUR
903226,103209,2026-04-19,22834.30,EUR
903227,103210,2026-04-26,33243.03,GBP
903228,103211,2026-04-26,31905.07,GBP
903229,103212,2026-04-20,52088.98,EUR
903230,103213,2026-05-14,36840.78,GBP
903231,103214,2026-05-13,37986.01,EUR
903232,103215,2026-05-26,39754.75,EUR
903233,103216,2026-05-08,34965.85,EUR
903234,103217,2026-05-05,26614.52,GBP
903235,103218,2026-06-16,37300.78,GBP
903236,103219,2026-06-20,31373.61,EUR
903237,103220,2026-07-02,24835.69,EUR
903238,103221,2026-06-01,24150.69,EUR
903239,103222,2026-06-15,31618.21,EUR
903240,103223,2026-08-01,93515.50,EUR
903241,103224,2026-07-21,12693.10,EUR
903242,103225,2026-07-17,35131.88,EUR
903243,103226,2026-07-08,38429.13,EUR
903244,103227,2026-07-14,21931.05,EUR
903245,103228,2026-07-23,40926.80,EUR
903246,103229,2026-08-10,16790.96,EUR
903247,103230,2026-09-04,14701.16,EUR
903248,103231,2026-08-29,66581.45,EUR
903249,103232,2026-09-23,43442.46,EUR
903250,103233,2026-09-22,19446.22,EUR
903251,103234,2026-09-30,63794.71,GBP
903252,103235,2026-09-23,23537.36,GBP
903253,103239,2026-09-30,16842.73,EUR
903254,103240,2024-12-17,644.91,GBP
903255,103240,2025-01-16,630.90,GBP
903256,103241,2024-12-05,1735.03,EUR
903257,103242,2025-02-21,1123.41,GBP
903258,103243,2025-03-13,602.64,GBP
903259,103244,2025-04-28,293.69,GBP
903260,103244,2025-05-20,623.40,GBP
903261,103245,2025-08-01,1356.88,EUR
903262,103246,2025-09-17,508.90,GBP
903263,103247,2025-10-02,1484.25,GBP
903264,103248,2025-10-20,422.62,GBP
903265,103248,2025-11-30,578.97,GBP
903266,103249,2026-01-10,1092.12,GBP
903267,103250,2026-03-16,1852.47,EUR
903268,103251,2026-08-30,447.05,EUR
903269,103252,2026-09-25,5680.04,EUR
903270,103255,2024-12-13,464.10,GBP
903271,103255,2025-01-16,361.09,GBP
903272,103256,2025-01-15,1894.72,GBP
903273,103257,2025-01-16,1790.06,GBP
903274,103258,2025-06-05,1483.34,GBP
903275,103259,2025-12-03,1312.50,GBP
903276,103260,2026-05-18,1206.72,GBP
903277,103261,2026-07-27,1944.06,GBP
903278,103262,2024-11-22,852.47,GBP
903279,103263,2025-03-12,957.34,GBP
903280,103264,2025-04-15,1421.31,GBP
903281,103265,2025-09-20,4967.41,GBP
903282,103266,2026-03-05,951.82,GBP
903283,103270,2025-01-25,670.51,GBP
903284,103271,2025-03-04,904.00,EUR
903285,103272,2025-03-30,2182.37,EUR
903286,103273,2025-04-17,1896.79,EUR
903287,103274,2025-03-18,1341.06,EUR
903288,103275,2025-05-23,1661.26,EUR
903289,103276,2026-01-07,1477.56,EUR
903290,103277,2026-02-15,1258.24,GBP
903291,103278,2026-03-15,1600.96,EUR
903292,103279,2026-04-24,1235.55,GBP
903293,103280,2026-03-31,2612.06,GBP
903294,103281,2026-07-24,307.31,EUR
903295,103283,2025-05-15,2130.40,GBP
903296,103284,2025-06-08,1299.70,GBP
903297,103285,2025-08-14,330.02,GBP
903298,103286,2026-02-11,491.58,GBP
903299,103287,2026-02-25,1387.21,GBP
903300,103288,2026-05-16,1523.84,GBP
903301,103289,2024-12-01,845.49,GBP
903302,103290,2025-01-22,1445.93,GBP
903303,103291,2025-06-06,885.11,GBP
903304,103292,2025-08-21,2996.34,GBP
903305,103293,2025-10-29,811.13,GBP
903306,103294,2026-01-09,1091.62,GBP
903307,103295,2026-01-31,405.15,GBP
903308,103296,2026-05-24,723.39,GBP
903309,103297,2026-07-03,1125.04,GBP
903310,103301,2024-11-18,4004.96,EUR
903311,103302,2024-12-24,8423.77,GBP
903312,103303,2024-12-16,7442.37,GBP
903313,103304,2024-12-10,4639.38,EUR
903314,103305,2024-12-12,4754.13,EUR
903315,103306,2025-01-21,6614.98,GBP
903316,103307,2025-02-06,6692.13,GBP
903317,103308,2025-01-27,8748.62,GBP
903318,103309,2025-05-07,7729.21,EUR
903319,103310,2025-04-19,5762.34,GBP
903320,103311,2025-05-22,5522.13,GBP
903321,103312,2025-05-10,7375.48,EUR
903322,103313,2025-05-04,5822.31,GBP
903323,103313,2025-05-27,4253.05,GBP
903324,103314,2025-05-31,13048.30,EUR
903325,103315,2025-07-28,5225.54,EUR
903326,103316,2025-09-08,1419.10,GBP
903327,103316,2025-09-24,2896.82,GBP
903328,103317,2025-10-15,4714.24,EUR
903329,103318,2025-11-20,8158.25,GBP
903330,103319,2025-11-30,3660.34,EUR
903331,103319,2025-12-13,3726.59,EUR
903332,103320,2025-11-13,8353.58,EUR
903333,103320,2025-11-27,7587.99,EUR
903334,103321,2025-12-13,6711.13,EUR
903335,103321,2026-01-30,7913.48,EUR
903336,103322,2025-12-25,6145.38,GBP
903337,103323,2026-01-03,7447.27,EUR
903338,103324,2025-12-08,4922.31,GBP
903339,103325,2026-01-19,11052.25,EUR
903340,103326,2026-02-11,6960.13,EUR
903341,103327,2026-02-09,4368.27,GBP
903342,103328,2026-03-11,3783.93,EUR
903343,103328,2026-03-31,5249.89,EUR
903344,103329,2026-03-11,18108.39,EUR
903345,103330,2026-04-24,3426.46,EUR
903346,103331,2026-04-07,6966.67,EUR
903347,103332,2026-06-28,17144.07,EUR
903348,103333,2026-07-09,2679.61,GBP
903349,103334,2026-06-20,14273.36,GBP
903350,103335,2026-07-20,3483.53,EUR
903351,103336,2026-08-22,14597.17,GBP
903352,103337,2026-09-06,5393.35,GBP
903353,103339,2025-01-15,2768.21,EUR
903354,103340,2025-03-13,829.56,EUR
903355,103341,2025-04-23,895.23,EUR
903356,103342,2025-04-11,1533.23,GBP
903357,103343,2025-05-05,1865.61,GBP
903358,103344,2026-01-13,4438.23,EUR
903359,103345,2026-06-11,1153.39,GBP
903360,103346,2026-08-01,1458.51,EUR
903361,103347,2026-09-25,395.65,GBP
903362,103349,2024-11-23,9740.61,GBP
903363,103349,2024-12-23,7593.28,GBP
903364,103350,2024-11-13,18447.71,GBP
903365,103351,2024-12-03,18137.24,GBP
903366,103352,2024-12-01,30344.11,GBP
903367,103353,2024-12-04,27256.29,GBP
903368,103354,2024-11-04,7220.22,GBP
903369,103354,2024-12-20,8997.06,GBP
903370,103355,2024-11-13,25848.69,GBP
903371,103356,2024-11-29,26170.53,GBP
903372,103357,2024-12-25,27245.77,GBP
903373,103358,2025-01-10,40743.66,GBP
903374,103359,2025-03-07,46503.54,GBP
903375,103360,2025-03-01,26573.11,GBP
903376,103360,2025-03-27,18487.23,GBP
903377,103361,2025-04-06,30384.70,GBP
903378,103362,2025-03-14,27466.06,GBP
903379,103363,2025-04-15,40341.34,GBP
903380,103364,2025-04-18,26427.55,GBP
903381,103365,2025-04-14,19685.86,GBP
903382,103366,2025-04-22,26343.27,GBP
903383,103368,2025-05-17,51241.57,GBP
903384,103369,2025-05-05,20001.75,GBP
903385,103371,2025-05-25,52843.63,GBP
903386,103372,2025-05-28,26534.78,GBP
903387,103373,2025-07-27,27027.64,GBP
903388,103374,2025-09-03,17471.91,GBP
903389,103375,2025-10-02,17376.70,GBP
903390,103376,2025-09-10,9045.48,GBP
903391,103376,2025-10-15,19543.98,GBP
903392,103377,2025-09-19,36009.72,GBP
903393,103377,2025-10-12,24662.11,GBP
903394,103378,2025-10-07,30246.32,GBP
903395,103379,2025-10-27,42074.27,GBP
903396,103380,2025-10-25,35557.51,GBP
903397,103381,2025-10-15,26069.21,GBP
903398,103382,2025-10-23,46719.07,GBP
903399,103383,2025-11-04,40673.22,GBP
903400,103384,2025-11-04,18429.28,GBP
903401,103385,2025-12-30,14500.57,GBP
903402,103386,2025-12-18,59086.01,GBP
903403,103387,2026-02-09,18139.29,GBP
903404,103388,2026-01-14,13820.11,GBP
903405,103389,2026-01-28,18479.88,GBP
903406,103390,2026-02-23,18002.45,GBP
903407,103391,2026-02-15,34504.83,GBP
903408,103392,2026-03-15,22944.83,GBP
903409,103393,2026-05-01,26086.82,GBP
903410,103394,2026-05-24,37391.33,GBP
903411,103394,2026-06-18,36462.21,GBP
903412,103395,2026-05-05,26040.51,GBP
903413,103396,2026-05-09,29140.49,GBP
903414,103397,2026-05-16,22782.90,GBP
903415,103398,2026-05-23,47086.70,GBP
903416,103399,2026-06-12,38547.85,GBP
903417,103400,2026-06-23,66442.52,GBP
903418,103401,2026-06-06,35991.49,GBP
903419,103402,2026-06-05,20608.90,GBP
903420,103403,2026-07-03,25420.82,GBP
903421,103404,2026-06-28,34742.56,GBP
903422,103405,2026-07-10,40011.08,GBP
903423,103406,2026-06-16,30720.53,GBP
903424,103407,2026-08-05,29292.35,GBP
903425,103408,2026-07-21,30609.86,GBP
903426,103409,2026-08-30,24379.55,GBP
903427,103410,2026-08-03,13597.34,GBP
903428,103411,2026-09-07,37167.52,GBP
903429,103412,2026-09-17,36413.15,GBP
903430,103413,2026-09-09,41696.80,GBP
903431,103414,2026-09-25,52366.09,GBP
903432,103416,2026-09-26,11483.51,GBP
903433,103418,2024-11-25,1419.07,GBP
903434,103419,2024-12-17,888.61,GBP
903435,103420,2025-04-29,1288.63,GBP
903436,103421,2025-06-06,3191.96,GBP
903437,103422,2025-10-25,2215.55,GBP
903438,103423,2026-01-17,1464.60,GBP
903439,103424,2026-04-23,680.95,GBP
903440,103425,2026-05-28,540.42,GBP
903441,103425,2026-06-07,381.62,GBP
903442,103426,2026-05-13,620.37,GBP
903443,103427,2026-06-27,705.78,GBP
903444,103429,2026-08-14,3435.53,GBP
903445,103430,2026-07-29,1594.80,GBP
903446,103431,2024-11-22,9044.36,GBP
903447,103432,2024-11-08,13276.79,GBP
903448,103433,2024-11-24,7667.88,GBP
903449,103434,2024-11-25,7696.64,GBP
903450,103435,2024-12-04,5240.88,GBP
903451,103436,2025-01-26,8401.61,GBP
903452,103437,2025-02-23,6125.26,GBP
903453,103438,2025-03-01,16345.53,GBP
903454,103439,2025-04-01,4048.47,GBP
903455,103440,2025-04-18,17129.91,GBP
903456,103441,2025-04-08,2726.25,GBP
903457,103442,2025-04-30,3960.08,GBP
903458,103443,2025-05-25,6741.10,GBP
903459,103443,2025-06-13,7169.22,GBP
903460,103444,2025-04-26,6271.22,GBP
903461,103445,2025-06-14,5193.22,GBP
903462,103446,2025-07-04,7356.31,GBP
903463,103447,2025-07-04,7346.19,GBP
903464,103448,2025-10-17,9889.22,GBP
903465,103449,2025-09-29,15843.86,GBP
903466,103450,2025-10-23,4366.33,GBP
903467,103451,2025-10-07,6693.39,GBP
903468,103452,2025-12-17,10747.26,GBP
903469,103453,2025-12-15,5746.80,GBP
903470,103454,2026-01-15,4098.87,GBP
903471,103455,2026-01-20,7022.04,GBP
903472,103456,2026-02-24,2709.69,GBP
903473,103457,2026-03-14,6551.91,GBP
903474,103458,2026-05-17,8592.14,GBP
903475,103459,2026-06-11,7163.66,GBP
903476,103460,2026-07-17,8022.69,GBP
903477,103461,2026-09-13,7862.84,GBP
903478,103463,2026-09-30,2208.20,GBP
903479,103466,2025-03-12,3039.91,GBP
903480,103467,2025-05-22,880.23,GBP
903481,103468,2025-05-10,693.15,GBP
903482,103469,2025-11-22,1838.45,GBP
903483,103470,2026-03-14,1607.19,GBP
903484,103472,2024-12-27,2161.78,GBP
903485,103473,2024-12-05,758.88,GBP
903486,103474,2025-03-02,2526.31,EUR
903487,103475,2025-06-15,783.80,GBP
903488,103476,2025-12-01,587.54,GBP
903489,103477,2025-12-24,816.17,GBP
903490,103478,2026-02-04,1533.86,EUR
903491,103479,2026-05-26,2885.54,GBP
903492,103481,2025-03-06,7358.15,GBP
903493,103481,2025-03-25,5674.72,GBP
903494,103482,2025-03-29,4124.28,GBP
903495,103483,2025-03-26,6567.61,GBP
903496,103484,2025-05-28,4752.56,GBP
903497,103485,2025-06-03,5435.02,GBP
903498,103486,2025-07-24,7282.05,GBP
903499,103487,2025-08-11,10733.37,GBP
903500,103488,2025-08-10,7637.83,GBP
903501,103489,2025-09-26,4915.44,GBP
903502,103490,2025-09-17,9528.17,GBP
903503,103491,2025-09-20,15858.90,GBP
903504,103492,2025-10-30,2502.36,GBP
903505,103493,2025-11-26,7674.59,GBP
903506,103494,2026-01-01,9361.59,GBP
903507,103495,2025-12-20,6326.36,GBP
903508,103496,2026-02-03,3532.22,GBP
903509,103496,2026-03-22,6261.56,GBP
903510,103497,2026-04-08,7315.16,GBP
903511,103498,2026-05-21,23277.25,GBP
903512,103503,2024-12-16,4376.20,GBP
903513,103504,2025-03-25,5168.85,GBP
903514,103505,2025-05-02,15209.29,GBP
903515,103506,2025-04-29,17280.57,GBP
903516,103507,2025-05-14,2729.27,GBP
903517,103508,2025-06-05,9023.36,GBP
903518,103509,2025-07-02,4322.51,GBP
903519,103510,2025-08-01,5807.13,GBP
903520,103511,2025-07-31,4168.56,GBP
903521,103512,2025-10-07,4683.08,GBP
903522,103513,2025-11-29,1333.68,GBP
903523,103513,2025-12-28,2213.85,GBP
903524,103514,2025-12-22,4821.85,GBP
903525,103515,2026-01-08,3963.14,GBP
903526,103516,2025-12-24,9740.03,GBP
903527,103517,2026-03-10,3521.12,GBP
903528,103518,2026-03-06,6284.25,GBP
903529,103519,2026-03-28,3372.61,GBP
903530,103520,2026-06-18,5805.41,GBP
903531,103521,2026-05-21,4753.25,GBP
903532,103522,2026-07-13,5442.45,GBP
903533,103523,2026-08-24,7804.52,GBP
903534,103524,2026-08-20,6683.45,GBP
903535,103526,2024-12-14,4906.94,GBP
903536,103527,2024-11-17,3537.31,EUR
903537,103528,2024-11-09,4690.76,EUR
903538,103529,2024-12-14,9457.03,GBP
903539,103530,2024-12-16,7990.20,GBP
903540,103531,2025-01-22,3885.85,GBP
903541,103532,2024-11-27,14862.66,GBP
903542,103533,2025-03-04,8373.20,GBP
903543,103534,2025-03-18,8411.76,GBP
903544,103535,2025-04-08,6289.95,GBP
903545,103537,2025-04-29,11827.88,EUR
903546,103538,2025-05-07,9238.52,EUR
903547,103539,2025-07-07,7933.60,GBP
903548,103540,2025-06-23,4891.12,GBP
903549,103541,2025-07-14,4239.52,GBP
903550,103543,2025-08-14,6832.05,GBP
903551,103544,2025-10-02,9616.38,EUR
903552,103545,2025-10-03,2405.80,EUR
903553,103545,2025-11-05,3271.65,EUR
903554,103547,2025-12-24,6435.32,GBP
903555,103548,2026-01-26,10058.22,EUR
903556,103549,2026-01-22,7895.91,GBP
903557,103550,2026-02-11,5176.36,GBP
903558,103551,2026-02-22,4576.04,GBP
903559,103552,2026-03-26,6270.98,EUR
903560,103553,2026-06-04,17364.74,GBP
903561,103554,2026-08-22,9982.32,EUR
903562,103555,2026-08-26,3003.55,GBP
903563,103558,2025-01-08,706.73,GBP
903564,103559,2025-02-23,2324.20,GBP
903565,103560,2025-02-15,613.49,GBP
903566,103561,2025-05-22,1091.59,GBP
903567,103562,2025-09-05,2628.09,GBP
903568,103563,2025-12-31,1306.58,GBP
903569,103564,2026-03-07,2054.68,GBP
903570,103565,2026-03-21,924.55,GBP
903571,103566,2026-07-07,1216.80,GBP
903572,103569,2024-12-27,3669.52,GBP
903573,103570,2025-01-02,4140.36,GBP
903574,103570,2025-01-16,6302.74,GBP
903575,103571,2024-12-20,5129.19,GBP
903576,103571,2025-01-13,8000.62,GBP
903577,103572,2025-01-31,12847.20,GBP
903578,103573,2025-02-04,3382.16,GBP
903579,103574,2025-01-27,6369.28,GBP
903580,103575,2025-01-23,14219.08,GBP
903581,103576,2025-03-23,8890.85,GBP
903582,103577,2025-03-15,1704.21,GBP
903583,103577,2025-03-29,2126.28,GBP
903584,103578,2025-03-25,14741.64,GBP
903585,103579,2025-05-02,6501.11,GBP
903586,103580,2025-09-25,6388.50,GBP
903587,103581,2025-10-28,5392.04,GBP
903588,103582,2025-12-22,2601.07,GBP
903589,103582,2026-02-06,3165.96,GBP
903590,103583,2025-12-27,4315.72,GBP
903591,103584,2026-02-14,15431.00,GBP
903592,103585,2026-03-12,5635.58,GBP
903593,103586,2026-04-17,7599.05,GBP
903594,103587,2026-05-19,7301.09,GBP
903595,103588,2026-05-10,5746.58,GBP
903596,103589,2026-05-17,5848.95,GBP
903597,103590,2026-06-07,10154.61,GBP
903598,103591,2026-07-29,1596.52,GBP
903599,103591,2026-08-28,2914.05,GBP
903600,103592,2026-08-23,6884.21,GBP
903601,103593,2026-08-26,7225.94,GBP
903602,103595,2024-11-22,8260.31,GBP
903603,103596,2024-12-01,3618.27,EUR
903604,103597,2024-12-23,3637.70,GBP
903605,103598,2025-01-11,11597.14,GBP
903606,103599,2025-01-13,5588.74,GBP
903607,103600,2025-02-02,5471.56,GBP
903608,103601,2025-01-18,2710.88,GBP
903609,103602,2025-01-30,2904.61,GBP
903610,103602,2025-03-01,3000.35,GBP
903611,103603,2025-02-20,8370.95,EUR
903612,103604,2025-04-09,8248.98,EUR
903613,103605,2025-04-21,7892.52,EUR
903614,103606,2025-03-30,3619.05,GBP
903615,103607,2025-05-28,4542.88,EUR
903616,103608,2025-06-16,1469.27,GBP
903617,103608,2025-07-28,1773.65,GBP
903618,103609,2025-06-22,8602.46,GBP
903619,103610,2025-06-27,12062.29,GBP
903620,103611,2025-08-13,11979.40,GBP
903621,103612,2025-07-31,3609.13,EUR
903622,103612,2025-09-08,4966.99,EUR
903623,103613,2025-09-02,5453.40,GBP
903624,103614,2025-10-12,3183.27,EUR
903625,103615,2025-10-12,10014.78,GBP
903626,103616,2025-11-24,1913.51,GBP
903627,103616,2025-12-31,3700.82,GBP
903628,103617,2025-11-24,4382.43,GBP
903629,103618,2025-11-28,4930.77,GBP
903630,103619,2025-11-04,10336.33,GBP
903631,103620,2025-12-14,8917.46,GBP
903632,103621,2025-11-29,5345.39,GBP
903633,103622,2026-02-21,9448.11,GBP
903634,103623,2026-02-15,14459.85,EUR
903635,103624,2026-04-05,5989.61,GBP
903636,103625,2026-05-01,6318.35,EUR
903637,103626,2026-05-14,9179.45,GBP
903638,103627,2026-05-17,10275.90,GBP
903639,103628,2026-05-22,17294.11,GBP
903640,103629,2026-06-17,2404.68,GBP
903641,103630,2026-08-02,3192.71,GBP
903642,103631,2026-09-07,9696.81,GBP
903643,103632,2026-08-17,3959.85,GBP
903644,103633,2026-08-10,13506.62,GBP
903645,103634,2026-08-25,5544.57,EUR
903646,103635,2026-09-15,4446.81,GBP
903647,103636,2026-09-16,14104.76,GBP
903648,103637,2026-09-27,1901.00,EUR
903649,103639,2024-12-10,3237.13,GBP
903650,103640,2024-11-28,3213.43,EUR
903651,103641,2025-01-16,13621.38,EUR
903652,103642,2025-02-11,15107.82,GBP
903653,103643,2025-02-20,8164.38,GBP
903654,103644,2025-02-28,2321.29,GBP
903655,103644,2025-03-13,2437.36,GBP
903656,103645,2025-02-26,8089.32,EUR
903657,103646,2025-03-28,3478.48,GBP
903658,103647,2025-04-16,7942.44,EUR
903659,103648,2025-07-04,6748.50,GBP
903660,103649,2025-07-12,6998.96,GBP
903661,103650,2025-08-10,5955.90,EUR
903662,103651,2025-10-03,4974.48,GBP
903663,103652,2025-10-18,7863.32,GBP
903664,103653,2025-10-12,11023.29,GBP
903665,103654,2025-10-20,8049.48,GBP
903666,103655,2025-09-14,13274.61,GBP
903667,103655,2025-10-20,11505.87,GBP
903668,103656,2025-11-20,5704.37,EUR
903669,103657,2025-12-24,3244.69,GBP
903670,103658,2026-02-24,4766.28,GBP
903671,103659,2026-03-03,10793.27,EUR
903672,103660,2026-03-06,6998.43,GBP
903673,103661,2026-04-25,2528.05,GBP
903674,103662,2026-04-04,7701.36,GBP
903675,103663,2026-05-14,4451.94,EUR
903676,103664,2026-06-11,4114.54,GBP
903677,103665,2026-06-15,2899.25,EUR
903678,103666,2026-06-22,5071.60,GBP
903679,103667,2026-08-11,3596.07,GBP
903680,103667,2026-09-01,3851.23,GBP
903681,103668,2026-08-22,3308.00,GBP
903682,103669,2024-11-13,401.09,GBP
903683,103669,2024-11-26,423.48,GBP
903684,103670,2025-01-06,919.64,GBP
903685,103671,2025-03-30,2593.51,GBP
903686,103672,2025-04-25,2824.87,GBP
903687,103673,2025-07-31,359.73,EUR
903688,103673,2025-08-22,394.73,EUR
903689,103674,2025-09-22,338.72,GBP
903690,103674,2025-10-26,252.26,GBP
903691,103675,2025-11-25,981.12,EUR
903692,103676,2026-04-18,497.65,EUR
903693,103677,2026-06-06,789.36,EUR
903694,103678,2025-01-07,8240.58,EUR
903695,103679,2024-12-18,9017.94,EUR
903696,103680,2025-02-25,6675.71,GBP
903697,103681,2025-04-17,16659.12,GBP
903698,103682,2025-03-29,2822.31,EUR
903699,103683,2025-04-30,4614.03,GBP
903700,103685,2025-04-20,8898.71,GBP
903701,103686,2025-06-09,4199.69,GBP
903702,103687,2025-08-03,7558.09,EUR
903703,103688,2025-07-30,10205.17,GBP
903704,103689,2025-09-23,8651.63,EUR
903705,103690,2025-10-26,7827.02,GBP
903706,103691,2025-11-08,12246.79,GBP
903707,103692,2025-11-03,10285.09,GBP
903708,103693,2026-01-23,4375.84,GBP
903709,103694,2026-04-22,11666.76,GBP
903710,103695,2026-05-06,6797.95,GBP
903711,103696,2026-05-25,8094.49,GBP
903712,103697,2026-06-02,3254.28,GBP
903713,103697,2026-06-12,2228.81,GBP
903714,103698,2026-06-22,4649.97,GBP
903715,103700,2026-07-12,16229.44,GBP
903716,103705,2025-01-05,4506.09,GBP
903717,103706,2024-12-25,4985.16,GBP
903718,103707,2025-01-11,5630.14,GBP
903719,103708,2025-03-11,6937.44,GBP
903720,103708,2025-04-03,4975.99,GBP
903721,103709,2025-06-21,3116.08,GBP
903722,103710,2025-05-29,13942.81,GBP
903723,103711,2026-02-22,6730.20,GBP
903724,103712,2026-04-06,3250.88,GBP
903725,103713,2026-04-01,5472.83,GBP
903726,103714,2026-04-05,4454.24,GBP
903727,103715,2026-06-10,3140.33,GBP
903728,103715,2026-07-12,4748.71,GBP
903729,103716,2026-06-20,6426.85,GBP
903730,103716,2026-07-29,6614.60,GBP
903731,103717,2026-06-28,3905.45,GBP
903732,103718,2026-08-08,4377.55,GBP
903733,103719,2026-08-14,3098.72,GBP
903734,103720,2026-09-20,8142.19,GBP
903735,103724,2024-12-04,18206.78,GBP
903736,103725,2024-11-15,33817.75,GBP
903737,103726,2024-11-25,64342.46,GBP
903738,103727,2024-12-08,22512.14,GBP
903739,103728,2024-12-13,12378.90,GBP
903740,103729,2024-12-30,16277.38,GBP
903741,103730,2024-12-18,28149.43,GBP
903742,103731,2025-01-25,26777.34,GBP
903743,103732,2025-01-15,15933.56,GBP
903744,103732,2025-03-05,14943.82,GBP
903745,103733,2025-01-08,20120.78,GBP
903746,103734,2025-02-12,38498.00,GBP
903747,103735,2025-01-11,29204.53,GBP
903748,103736,2025-03-09,16172.56,GBP
903749,103737,2025-03-05,39600.72,GBP
903750,103738,2025-03-12,42328.79,GBP
903751,103739,2025-03-10,29259.52,GBP
903752,103740,2025-03-13,16126.19,GBP
903753,103741,2025-03-16,30426.74,GBP
903754,103742,2025-03-26,26478.83,GBP
903755,103743,2025-04-12,37206.48,GBP
903756,103744,2025-05-22,34524.46,GBP
903757,103745,2025-05-13,59061.53,GBP
903758,103746,2025-06-05,29558.57,GBP
903759,103747,2025-06-28,22393.50,GBP
903760,103748,2025-07-09,44344.23,GBP
903761,103749,2025-08-09,61558.64,GBP
903762,103750,2025-07-19,10684.64,GBP
903763,103751,2025-08-16,11067.77,GBP
903764,103751,2025-09-13,11941.26,GBP
903765,103752,2025-09-21,17463.47,GBP
903766,103753,2025-10-13,68004.50,GBP
903767,103754,2025-10-17,18222.89,GBP
903768,103755,2025-10-24,25740.53,GBP
903769,103756,2025-10-13,19813.29,GBP
903770,103757,2025-12-14,20414.22,GBP
903771,103758,2025-11-24,37402.44,GBP
903772,103759,2025-11-17,22402.59,GBP
903773,103760,2025-11-28,49981.72,GBP
903774,103761,2025-11-29,27992.02,GBP
903775,103762,2025-12-20,27204.59,GBP
903776,103763,2026-01-29,26357.36,GBP
903777,103764,2026-02-01,19777.96,GBP
903778,103765,2026-01-03,16661.93,GBP
903779,103765,2026-02-05,15888.74,GBP
903780,103766,2026-01-14,23120.65,GBP
903781,103767,2026-01-15,88001.12,GBP
903782,103768,2026-01-09,27537.53,GBP
903783,103769,2026-01-09,20713.35,GBP
903784,103770,2026-01-10,25901.22,GBP
903785,103771,2026-02-12,64524.71,GBP
903786,103772,2026-03-09,24774.11,GBP
903787,103773,2026-03-08,9174.83,GBP
903788,103774,2026-03-18,25636.06,GBP
903789,103775,2026-03-19,41920.75,GBP
903790,103776,2026-05-28,20286.21,GBP
903791,103777,2026-06-29,23236.81,GBP
903792,103778,2026-06-20,27277.76,GBP
903793,103779,2026-06-16,33165.36,GBP
903794,103780,2026-08-04,17369.18,GBP
903795,103781,2026-07-08,17139.04,GBP
903796,103782,2026-08-11,21783.69,GBP
903797,103783,2026-07-30,25459.56,GBP
903798,103784,2026-08-10,41682.04,GBP
903799,103785,2026-08-09,26797.39,GBP
903800,103786,2026-09-18,34579.75,GBP
903801,103787,2026-09-12,17309.54,GBP
903802,103788,2026-08-27,14728.24,GBP
903803,103791,2026-09-23,53866.86,GBP
903804,103792,2024-11-27,542.71,GBP
903805,103793,2024-12-01,1149.39,EUR
903806,103794,2025-01-14,1431.24,EUR
903807,103795,2025-06-15,1241.21,EUR
903808,103796,2025-08-04,859.11,EUR
903809,103797,2025-12-20,2281.67,GBP
903810,103798,2025-12-19,1494.71,GBP
903811,103799,2026-03-13,857.23,GBP
903812,103800,2026-04-20,815.55,EUR
903813,103801,2026-07-14,639.63,EUR
903814,103802,2024-12-24,584.58,GBP
903815,103803,2025-03-26,1305.36,GBP
903816,103804,2025-07-01,1566.85,GBP
903817,103805,2025-09-14,2661.46,GBP
903818,103806,2025-11-30,535.47,GBP
903819,103807,2026-01-03,1960.73,GBP
903820,103808,2026-02-21,273.23,GBP
903821,103808,2026-03-21,628.07,GBP
903822,103809,2026-03-27,892.91,GBP
903823,103810,2026-03-25,1508.90,GBP
903824,103810,2026-04-24,1102.93,GBP
903825,103811,2025-01-04,8336.34,GBP
903826,103812,2025-01-23,20078.99,EUR
903827,103813,2025-01-15,7617.69,GBP
903828,103814,2025-02-23,7919.04,GBP
903829,103815,2025-03-31,5657.76,EUR
903830,103815,2025-04-27,6464.62,EUR
903831,103816,2025-05-15,5650.79,EUR
903832,103817,2025-05-18,3298.43,EUR
903833,103818,2025-09-21,10956.24,EUR
903834,103819,2026-01-07,2027.01,EUR
903835,103820,2025-12-23,1268.58,EUR
903836,103820,2026-01-14,2233.31,EUR
903837,103821,2026-02-23,10155.04,EUR
903838,103822,2026-02-06,5911.23,EUR
903839,103822,2026-03-14,8843.79,EUR
903840,103823,2026-03-16,8007.79,GBP
903841,103824,2026-03-01,7290.82,EUR
903842,103825,2026-02-26,8401.32,EUR
903843,103826,2026-04-03,4083.22,EUR
903844,103826,2026-05-14,3199.79,EUR
903845,103827,2026-04-03,7256.40,EUR
903846,103828,2026-04-20,8393.59,GBP
903847,103829,2026-08-06,13406.30,GBP
903848,103830,2026-09-13,4257.25,EUR
903849,103831,2026-08-28,6742.57,EUR
903850,103834,2025-05-25,957.51,GBP
903851,103835,2025-05-25,3087.44,GBP
903852,103836,2025-08-31,1155.09,GBP
903853,103837,2025-11-05,868.38,GBP
903854,103838,2025-12-13,2915.55,GBP
903855,103841,2024-12-29,3599.25,GBP
903856,103842,2024-11-13,9972.79,EUR
903857,103842,2024-12-24,10251.79,EUR
903858,103843,2025-02-02,19710.66,GBP
903859,103844,2025-02-19,8898.04,EUR
903860,103845,2025-03-21,12151.54,EUR
903861,103846,2025-04-21,1376.70,EUR
903862,103846,2025-05-31,1395.57,EUR
903863,103847,2025-05-17,6892.57,GBP
903864,103848,2025-07-12,5395.66,EUR
903865,103849,2025-07-18,3900.61,GBP
903866,103850,2025-07-01,4601.84,EUR
903867,103851,2025-09-02,9396.91,EUR
903868,103852,2025-11-10,4129.88,EUR
903869,103853,2025-10-14,6379.91,GBP
903870,103854,2026-02-06,3853.47,EUR
903871,103855,2026-01-29,10796.45,GBP
903872,103856,2026-02-24,7422.54,GBP
903873,103857,2026-04-21,9886.37,GBP
903874,103857,2026-05-05,8019.41,GBP
903875,103858,2026-06-03,7549.48,EUR
903876,103859,2026-07-01,10445.45,GBP
903877,103860,2026-07-13,8432.64,EUR
903878,103861,2026-08-06,5647.37,EUR
903879,103862,2026-08-29,11117.15,GBP
903880,103863,2026-09-02,3245.79,EUR
903881,103864,2026-08-07,7399.17,EUR
903882,103865,2026-08-04,2206.78,GBP
903883,103865,2026-09-14,3470.75,GBP
903884,103868,2024-11-29,1382.85,GBP
903885,103869,2024-12-02,861.14,GBP
903886,103869,2025-01-11,615.61,GBP
903887,103870,2024-12-06,2163.99,GBP
903888,103871,2024-12-01,972.46,GBP
903889,103872,2024-12-24,1861.84,GBP
903890,103873,2025-04-09,1493.02,GBP
903891,103874,2025-10-16,1700.37,GBP
903892,103875,2025-12-12,2310.94,GBP
903893,103876,2026-06-22,1786.48,GBP
903894,103877,2024-11-16,1039.70,GBP
903895,103878,2024-12-07,1198.81,GBP
903896,103879,2024-11-25,885.89,GBP
903897,103880,2024-12-05,917.43,GBP
903898,103881,2025-03-12,275.93,GBP
903899,103881,2025-04-28,454.48,GBP
903900,103882,2025-05-26,2319.14,GBP
903901,103883,2025-07-08,1536.37,GBP
903902,103884,2025-08-12,947.29,GBP
903903,103885,2025-10-02,1171.64,GBP
903904,103886,2026-02-17,1935.85,GBP
903905,103887,2026-03-25,1054.18,GBP
903906,103888,2026-06-13,1301.32,GBP
903907,103889,2026-09-16,596.03,GBP
903908,103890,2024-11-09,9901.05,GBP
903909,103891,2024-11-19,3260.68,GBP
903910,103892,2024-11-29,5756.14,GBP
903911,103893,2025-03-08,9375.07,GBP
903912,103893,2025-04-08,14879.38,GBP
903913,103894,2025-03-29,2172.92,GBP
903914,103894,2025-05-06,1940.59,GBP
903915,103895,2025-05-08,6135.77,GBP
903916,103896,2025-07-03,1624.47,GBP
903917,103896,2025-08-07,2390.35,GBP
903918,103897,2025-08-01,6860.01,GBP
903919,103898,2025-08-08,7281.87,GBP
903920,103899,2025-08-23,3700.07,GBP
903921,103899,2025-09-18,2493.41,GBP
903922,103900,2025-08-26,13144.03,GBP
903923,103901,2025-10-01,3463.41,GBP
903924,103902,2025-10-22,8677.98,GBP
903925,103903,2025-12-05,6564.95,GBP
903926,103905,2025-11-11,4988.06,GBP
903927,103906,2025-12-02,6275.32,GBP
903928,103907,2025-12-21,5268.14,GBP
903929,103908,2025-12-12,12568.67,GBP
903930,103909,2025-12-19,5606.57,GBP
903931,103910,2025-12-18,5373.96,GBP
903932,103910,2026-01-09,4328.10,GBP
903933,103911,2026-02-05,3403.60,GBP
903934,103912,2026-02-03,1578.75,GBP
903935,103912,2026-03-07,1700.99,GBP
903936,103913,2026-02-16,1763.59,GBP
903937,103913,2026-03-05,2233.12,GBP
903938,103914,2026-04-12,4031.22,GBP
903939,103915,2026-03-13,16604.67,GBP
903940,103916,2026-04-04,7901.60,GBP
903941,103917,2026-04-25,8430.98,GBP
903942,103918,2026-04-20,8519.48,GBP
903943,103919,2026-04-22,9888.19,GBP
903944,103920,2026-06-11,27479.60,GBP
903945,103921,2026-06-30,5799.42,GBP
903946,103922,2026-07-21,17867.77,GBP
903947,103923,2026-07-18,4296.85,GBP
903948,103923,2026-08-28,4344.92,GBP
903949,103924,2026-07-06,4651.94,GBP
903950,103925,2026-08-10,4023.86,GBP
903951,103925,2026-08-28,5355.73,GBP
903952,103928,2025-07-08,852.88,EUR
903953,103928,2025-07-25,912.66,EUR
903954,103929,2025-07-11,1412.43,EUR
903955,103930,2025-10-03,1057.58,GBP
903956,103931,2025-12-21,1468.34,EUR
903957,103932,2026-07-31,1107.87,EUR
903958,103934,2025-01-10,442.98,EUR
903959,103934,2025-02-03,960.12,EUR
903960,103935,2025-01-13,885.34,GBP
903961,103936,2025-04-18,870.64,GBP
903962,103937,2025-07-30,2573.53,EUR
903963,103938,2025-09-14,2277.59,EUR
903964,103940,2026-04-20,1633.29,GBP
903965,103941,2026-07-05,815.94,GBP
903966,103942,2026-09-07,3466.28,GBP
903967,103943,2026-09-19,1615.57,GBP
903968,103944,2026-09-22,1838.72,EUR
903969,103945,2025-01-11,3422.43,EUR
903970,103946,2025-02-06,3160.38,EUR
903971,103947,2025-01-23,2159.65,EUR
903972,103947,2025-02-04,4207.75,EUR
903973,103948,2025-02-15,3895.19,EUR
903974,103949,2025-02-25,4820.88,EUR
903975,103949,2025-04-01,3506.89,EUR
903976,103950,2025-04-10,7894.78,EUR
903977,103951,2025-04-20,8300.42,EUR
903978,103952,2025-05-28,2640.50,GBP
903979,103952,2025-07-01,4193.84,GBP
903980,103953,2025-06-19,13671.55,GBP
903981,103954,2025-08-10,5909.79,GBP
903982,103954,2025-08-29,4768.35,GBP
903983,103955,2025-07-25,10803.81,EUR
903984,103956,2025-09-30,12061.04,GBP
903985,103957,2025-09-25,13530.02,EUR
903986,103958,2025-09-28,3411.46,EUR
903987,103959,2025-09-25,4675.18,EUR
903988,103959,2025-10-10,5849.93,EUR
903989,103960,2025-12-03,11109.65,EUR
903990,103961,2025-12-11,12002.75,GBP
903991,103962,2025-12-31,3441.54,EUR
903992,103963,2026-01-30,4080.46,EUR
903993,103964,2026-02-15,2456.25,GBP
903994,103965,2026-02-09,12791.83,EUR
903995,103966,2026-04-06,7756.66,GBP
903996,103967,2026-05-31,5055.21,EUR
903997,103968,2026-05-11,2123.51,GBP
903998,103968,2026-06-04,2061.80,GBP
903999,103969,2026-06-06,7425.79,GBP
904000,103970,2026-06-16,3303.74,EUR
904001,103971,2026-06-19,8005.51,EUR
904002,103972,2026-07-07,6708.53,GBP
904003,103973,2026-07-14,11583.31,EUR
904004,103974,2026-08-26,10895.49,GBP
904005,103975,2026-09-17,9410.67,EUR
904006,103979,2025-02-27,5535.23,GBP
904007,103980,2025-01-29,13304.08,EUR
904008,103981,2025-03-08,4316.44,EUR
904009,103982,2025-04-05,12685.67,GBP
904010,103983,2025-04-11,3071.05,EUR
904011,103984,2025-04-07,9084.86,GBP
904012,103985,2025-06-03,13033.23,EUR
904013,103987,2025-07-03,4295.75,EUR
904014,103988,2025-08-30,3777.11,EUR
904015,103989,2025-11-25,7898.04,GBP
904016,103990,2025-12-14,7521.25,GBP
904017,103991,2025-12-19,7358.90,EUR
904018,103992,2026-01-18,10416.77,EUR
904019,103993,2026-01-21,14803.97,GBP
904020,103994,2026-02-05,10594.66,EUR
904021,103995,2026-03-12,18321.47,GBP
904022,103996,2026-02-10,3237.49,EUR
904023,103997,2026-03-01,5285.13,EUR
904024,103998,2026-03-05,2121.07,GBP
904025,103998,2026-03-18,4526.48,GBP
904026,103999,2026-03-26,13238.07,EUR
904027,104000,2026-05-11,13045.33,GBP
904028,104001,2026-06-10,3304.56,GBP
904029,104001,2026-06-27,4143.29,GBP
904030,104002,2026-05-15,6044.44,EUR
904031,104003,2026-05-11,6991.35,GBP
904032,104004,2026-06-14,7947.04,GBP
904033,104005,2026-07-06,6664.05,EUR
904034,104006,2026-07-25,4521.20,GBP
904035,104007,2026-08-01,8164.06,GBP
904036,104008,2026-08-12,4380.56,GBP
904037,104009,2026-09-27,11240.17,EUR
904038,104011,2026-09-30,4712.09,EUR
904039,104017,2024-12-26,3433.45,GBP
904040,104018,2025-02-10,3163.19,GBP
904041,104019,2025-03-24,6135.52,GBP
904042,104020,2025-03-17,8028.65,GBP
904043,104021,2025-03-01,5745.94,GBP
904044,104022,2025-05-04,10734.82,GBP
904045,104023,2025-05-21,6928.03,GBP
904046,104024,2025-06-03,14562.33,GBP
904047,104025,2025-06-25,5583.70,GBP
904048,104026,2025-09-05,3073.38,GBP
904049,104027,2025-10-20,6430.25,GBP
904050,104028,2026-01-07,1971.12,GBP
904051,104029,2026-01-14,11314.85,GBP
904052,104030,2026-01-14,11785.75,GBP
904053,104031,2026-03-02,4302.17,GBP
904054,104032,2026-05-01,2468.70,GBP
904055,104033,2026-05-02,6492.26,GBP
904056,104034,2026-04-23,2451.49,GBP
904057,104034,2026-05-04,2986.49,GBP
904058,104035,2026-06-30,2551.41,GBP
904059,104035,2026-07-20,4532.96,GBP
904060,104036,2026-06-13,4438.64,GBP
904061,104036,2026-07-11,4045.82,GBP
904062,104037,2026-06-28,22731.81,GBP
904063,104038,2026-09-03,1639.13,GBP
904064,104039,2026-09-05,21373.61,GBP
904065,104040,2026-09-15,5462.69,GBP
904066,104045,2024-12-30,2213.46,GBP
904067,104046,2025-01-11,247.20,GBP
904068,104046,2025-02-28,501.40,GBP
904069,104047,2025-06-13,2444.90,GBP
904070,104048,2025-07-12,1424.20,GBP
904071,104048,2025-07-30,1102.61,GBP
904072,104049,2026-02-04,427.43,GBP
904073,104050,2026-04-16,912.57,GBP
904074,104051,2026-05-10,999.80,GBP
904075,104051,2026-06-06,1189.73,GBP
904076,104052,2026-06-03,1597.86,GBP
904077,104052,2026-07-09,1426.88,GBP
904078,104053,2026-08-19,991.01,GBP
904079,104054,2026-08-28,282.57,GBP
904080,104055,2026-09-13,786.36,GBP
904081,104057,2025-03-10,313.78,GBP
904082,104057,2025-04-12,530.23,GBP
904083,104058,2025-04-07,892.07,GBP
904084,104059,2025-04-08,4387.84,GBP
904085,104060,2025-12-16,1071.83,GBP
904086,104061,2026-01-22,882.42,GBP
904087,104062,2026-03-27,1376.75,GBP
904088,104063,2026-05-19,1481.92,GBP
904089,104064,2026-05-20,2465.70,GBP
904090,104066,2024-11-06,14488.18,GBP
904091,104067,2024-11-24,29506.78,GBP
904092,104068,2024-11-04,35606.44,GBP
904093,104069,2024-12-03,27219.42,GBP
904094,104070,2024-12-21,14118.91,GBP
904095,104071,2024-12-14,21694.10,GBP
904096,104072,2025-01-16,11047.64,GBP
904097,104073,2025-01-23,24969.59,GBP
904098,104073,2025-03-05,21028.00,GBP
904099,104074,2025-01-06,35210.97,GBP
904100,104075,2025-02-23,60080.92,GBP
904101,104076,2025-03-06,42613.46,GBP
904102,104077,2025-02-07,44190.84,GBP
904103,104078,2025-01-31,32726.90,GBP
904104,104079,2025-02-20,26730.34,GBP
904105,104080,2025-03-03,25590.76,GBP
904106,104081,2025-03-08,29816.32,GBP
904107,104082,2025-01-26,9770.85,GBP
904108,104082,2025-02-15,10403.55,GBP
904109,104083,2025-03-28,16823.92,GBP
904110,104084,2025-03-26,49162.88,GBP
904111,104085,2025-04-02,58900.35,GBP
904112,104086,2025-04-01,43969.40,GBP
904113,104087,2025-04-16,15076.94,GBP
904114,104088,2025-04-04,11250.36,GBP
904115,104089,2025-05-21,7539.32,GBP
904116,104089,2025-06-01,13990.73,GBP
904117,104090,2025-05-30,45419.30,GBP
904118,104091,2025-05-20,25256.27,GBP
904119,104092,2025-06-10,23738.02,GBP
904120,104093,2025-05-29,17222.66,GBP
904121,104094,2025-06-27,37216.19,GBP
904122,104095,2025-06-26,34056.82,GBP
904123,104096,2025-06-16,12356.42,GBP
904124,104096,2025-07-23,14780.91,GBP
904125,104097,2025-06-09,47523.52,GBP
904126,104098,2025-06-11,44345.38,GBP
904127,104099,2025-07-28,40925.13,GBP
904128,104100,2025-08-03,24569.40,GBP
904129,104101,2025-07-18,25544.46,GBP
904130,104102,2025-08-01,20573.70,GBP
904131,104103,2025-07-15,39418.01,GBP
904132,104104,2025-07-12,19836.81,GBP
904133,104105,2025-08-11,14851.98,GBP
904134,104106,2025-08-17,59856.00,GBP
904135,104107,2025-08-20,25794.15,GBP
904136,104108,2025-08-25,33241.66,GBP
904137,104109,2025-08-27,29776.67,GBP
904138,104110,2025-08-15,15623.70,GBP
904139,104111,2025-09-15,31733.06,GBP
904140,104112,2025-08-31,34115.30,GBP
904141,104113,2025-09-06,8980.37,GBP
904142,104114,2025-10-06,115954.14,GBP
904143,104115,2025-10-07,34413.71,GBP
904144,104116,2025-10-31,26615.15,GBP
904145,104117,2025-10-23,38825.13,GBP
904146,104118,2025-11-01,32677.84,GBP
904147,104119,2025-11-25,49983.27,GBP
904148,104120,2025-11-30,26184.50,GBP
904149,104121,2025-12-09,23143.19,GBP
904150,104122,2025-11-05,28741.88,GBP
904151,104123,2025-11-05,35960.51,GBP
904152,104124,2025-12-28,21156.67,GBP
904153,104125,2025-12-27,38215.09,GBP
904154,104126,2025-12-14,14128.99,GBP
904155,104126,2026-01-30,19455.04,GBP
904156,104127,2026-01-09,36734.28,GBP
904157,104128,2026-01-15,20658.20,GBP
904158,104129,2026-01-07,21310.31,GBP
904159,104130,2026-02-04,53164.19,GBP
904160,104131,2026-02-28,23078.75,GBP
904161,104132,2026-02-13,20696.48,GBP
904162,104133,2026-02-15,41629.64,GBP
904163,104134,2026-03-16,26230.50,GBP
904164,104135,2026-04-08,36964.16,GBP
904165,104136,2026-04-22,13118.38,GBP
904166,104136,2026-05-28,18744.78,GBP
904167,104137,2026-04-26,11150.79,GBP
904168,104138,2026-04-17,10949.33,GBP
904169,104138,2026-05-15,8007.46,GBP
904170,104139,2026-05-27,28207.96,GBP
904171,104140,2026-05-21,57783.32,GBP
904172,104141,2026-05-25,12174.83,GBP
904173,104142,2026-05-07,41016.39,GBP
904174,104143,2026-06-18,57421.55,GBP
904175,104144,2026-06-23,25739.19,GBP
904176,104145,2026-06-20,19189.88,GBP
904177,104146,2026-07-30,15594.63,GBP
904178,104147,2026-07-03,32477.56,GBP
904179,104148,2026-07-15,26934.34,GBP
904180,104149,2026-07-13,38923.20,GBP
904181,104150,2026-09-25,23855.28,GBP
904182,104151,2026-09-18,30729.88,GBP
904183,104154,2025-01-03,512.61,GBP
904184,104155,2024-12-25,1458.72,GBP
904185,104156,2025-03-17,591.42,GBP
904186,104157,2025-06-18,2482.52,GBP
904187,104158,2025-07-04,1067.86,GBP
904188,104159,2025-08-19,3378.19,GBP
904189,104160,2025-11-08,1741.52,GBP
904190,104160,2025-11-30,2676.67,GBP
904191,104161,2026-06-04,1217.41,GBP
904192,104162,2026-09-13,471.58,GBP
904193,104163,2026-09-12,963.71,GBP
904194,104165,2024-11-30,495.30,GBP
904195,104165,2025-01-03,656.40,GBP
904196,104166,2025-01-05,1241.87,GBP
904197,104167,2025-01-17,1232.46,GBP
904198,104168,2025-02-27,1518.28,GBP
904199,104169,2025-08-16,1803.10,GBP
904200,104170,2025-09-07,460.07,GBP
904201,104170,2025-09-24,668.35,GBP
904202,104171,2025-09-30,1059.42,GBP
904203,104172,2025-12-31,643.46,GBP
904204,104173,2026-04-17,1120.24,GBP
904205,104174,2026-06-13,2858.91,GBP
904206,104176,2026-09-08,2166.93,GBP
904207,104177,2024-10-31,1251.02,GBP
904208,104178,2024-11-13,1574.13,GBP
904209,104179,2025-02-04,1528.73,GBP
904210,104180,2025-05-16,1169.70,GBP
904211,104181,2025-06-18,2800.17,GBP
904212,104182,2025-06-24,273.72,GBP
904213,104182,2025-07-10,271.50,GBP
904214,104183,2025-06-05,1008.57,GBP
904215,104184,2025-07-16,861.34,GBP
904216,104185,2025-10-16,746.30,GBP
904217,104185,2025-11-05,1507.98,GBP
904218,104186,2025-10-20,1274.27,GBP
904219,104187,2026-03-18,651.37,GBP
904220,104188,2026-04-02,345.76,GBP
904221,104189,2026-05-05,2629.78,GBP
904222,104190,2026-04-23,1406.96,GBP
904223,104191,2026-05-22,861.49,GBP
904224,104192,2026-07-24,1039.33,GBP
904225,104195,2025-05-26,1933.40,GBP
904226,104196,2025-09-22,2185.96,GBP
904227,104197,2025-10-20,1069.75,GBP
904228,104198,2026-04-12,447.32,GBP
904229,104201,2025-01-07,3955.10,GBP
904230,104202,2025-03-05,1463.96,EUR
904231,104202,2025-04-20,1033.16,EUR
904232,104203,2025-02-07,3526.27,GBP
904233,104204,2025-01-22,8597.67,EUR
904234,104205,2025-03-12,12245.78,EUR
904235,104206,2025-01-28,7859.82,GBP
904236,104207,2025-03-19,2732.73,GBP
904237,104207,2025-04-22,3586.95,GBP
904238,104208,2025-05-10,1965.94,GBP
904239,104208,2025-06-21,4519.94,GBP
904240,104209,2025-04-18,2166.32,GBP
904241,104209,2025-05-31,3124.62,GBP
904242,104210,2025-04-07,6722.19,GBP
904243,104211,2025-06-09,6974.12,EUR
904244,104211,2025-07-18,6763.57,EUR
904245,104212,2025-06-17,13083.03,GBP
904246,104213,2025-07-13,6749.06,GBP
904247,104214,2025-06-09,3248.38,EUR
904248,104215,2025-08-07,6357.48,EUR
904249,104216,2025-10-10,6201.42,GBP
904250,104217,2025-11-08,12441.69,GBP
904251,104218,2025-11-22,4729.94,EUR
904252,104219,2025-12-21,7966.56,GBP
904253,104220,2025-12-18,4745.69,EUR
904254,104221,2026-01-21,9074.05,EUR
904255,104222,2026-01-14,4407.19,EUR
904256,104223,2026-01-24,10395.41,EUR
904257,104224,2026-04-11,6856.18,EUR
904258,104225,2026-03-18,4357.52,EUR
904259,104226,2026-03-13,5293.03,EUR
904260,104227,2026-02-11,8186.69,GBP
904261,104228,2026-07-06,2410.39,EUR
904262,104228,2026-08-06,5295.77,EUR
904263,104229,2026-05-09,6977.68,GBP
904264,104230,2026-06-17,13959.79,EUR
904265,104231,2026-07-08,6878.40,GBP
904266,104232,2026-05-28,5526.72,GBP
904267,104233,2026-07-03,11774.94,GBP
904268,104234,2026-07-27,2835.89,GBP
904269,104234,2026-08-20,2536.95,GBP
904270,104240,2025-02-17,4338.51,GBP
904271,104241,2025-05-02,5897.23,GBP
904272,104242,2025-05-08,3748.28,GBP
904273,104243,2025-05-11,10091.41,GBP
904274,104244,2025-06-24,4659.74,GBP
904275,104245,2025-07-19,7182.15,GBP
904276,104246,2025-07-18,9777.13,GBP
904277,104248,2025-08-10,2330.67,GBP
904278,104249,2025-09-09,8451.92,GBP
904279,104250,2025-11-29,4012.40,GBP
904280,104251,2025-10-24,6590.34,GBP
904281,104252,2025-11-10,5220.37,GBP
904282,104253,2026-01-18,7944.96,GBP
904283,104253,2026-02-13,5931.25,GBP
904284,104254,2026-04-06,6988.40,GBP
904285,104255,2026-07-02,14487.04,GBP
904286,104256,2026-06-29,2962.65,GBP
904287,104257,2026-08-08,1782.89,GBP
904288,104258,2026-08-16,12804.85,GBP
904289,104259,2026-09-13,8920.98,GBP
904290,104260,2026-09-20,13958.20,GBP
904291,104265,2024-12-01,3548.47,GBP
904292,104265,2024-12-16,6991.98,GBP
904293,104266,2024-12-06,6799.79,EUR
904294,104267,2024-12-17,5319.75,GBP
904295,104268,2025-02-01,7712.04,GBP
904296,104269,2025-04-16,12016.28,GBP
904297,104270,2025-04-28,9041.82,EUR
904298,104271,2025-05-02,3675.16,EUR
904299,104272,2025-06-28,8062.19,EUR
904300,104273,2025-11-07,6713.47,GBP
904301,104274,2025-10-21,2668.39,GBP
904302,104275,2025-12-21,5764.90,GBP
904303,104276,2025-12-15,14786.16,EUR
904304,104277,2026-02-09,10200.67,EUR
904305,104278,2026-04-16,4109.48,EUR
904306,104279,2026-04-27,8064.75,GBP
904307,104280,2026-05-06,4411.62,GBP
904308,104281,2026-05-13,3019.60,GBP
904309,104282,2026-08-31,8848.80,EUR
904310,104283,2026-09-22,2783.65,EUR
904311,104284,2025-07-08,985.07,GBP
904312,104286,2026-05-26,1137.92,GBP
904313,104287,2026-07-11,196.48,GBP
904314,104287,2026-08-10,356.38,GBP
904315,104288,2026-09-09,482.36,GBP
904316,104290,2025-01-07,639.15,GBP
904317,104291,2025-06-29,619.59,GBP
904318,104291,2025-08-04,678.68,GBP
904319,104292,2025-08-02,865.07,GBP
904320,104293,2025-07-31,1429.11,GBP
904321,104294,2025-11-20,1101.11,GBP
904322,104295,2026-01-27,1315.43,GBP
904323,104296,2026-02-20,1118.84,GBP
904324,104297,2026-04-30,213.65,GBP
904325,104298,2026-09-25,515.67,GBP
904326,104299,2025-03-08,1336.45,GBP
904327,104300,2025-05-17,1062.70,GBP
904328,104301,2025-05-05,1815.78,GBP
904329,104302,2025-06-07,729.27,GBP
904330,104303,2025-09-03,2775.34,GBP
904331,104304,2025-10-31,1140.28,GBP
904332,104305,2025-12-03,419.62,GBP
904333,104305,2025-12-26,606.80,GBP
904334,104306,2026-05-06,1799.13,GBP
904335,104309,2024-11-30,436.86,EUR
904336,104310,2025-04-07,1711.90,EUR
904337,104311,2025-04-26,579.83,GBP
904338,104311,2025-06-07,1167.91,GBP
904339,104312,2025-05-23,3660.04,EUR
904340,104313,2025-08-19,3211.08,GBP
904341,104314,2026-02-21,646.16,EUR
904342,104314,2026-03-21,635.79,EUR
904343,104317,2025-11-01,528.55,GBP
904344,104317,2025-11-28,607.64,GBP
904345,104318,2026-01-28,673.60,GBP
904346,104319,2026-03-03,977.38,GBP
904347,104320,2026-04-14,739.72,GBP
904348,104321,2026-08-12,1069.50,GBP
904349,104322,2025-03-02,1794.84,EUR
904350,104323,2025-04-10,1987.40,EUR
904351,104324,2025-05-08,951.71,GBP
904352,104325,2025-04-30,489.98,GBP
904353,104325,2025-06-05,907.77,GBP
904354,104326,2025-06-17,971.50,EUR
904355,104327,2025-07-17,1174.38,EUR
904356,104328,2025-08-13,486.04,EUR
904357,104329,2025-12-05,1411.17,EUR
904358,104330,2026-04-01,1388.51,EUR
904359,104331,2026-03-28,911.54,EUR
904360,104332,2026-06-15,1294.69,EUR
904361,104333,2026-08-05,528.78,EUR
904362,104334,2024-11-18,1890.93,GBP
904363,104335,2024-12-13,353.35,GBP
904364,104336,2025-03-24,1458.05,GBP
904365,104337,2025-08-13,1697.17,GBP
904366,104338,2025-12-14,1800.54,GBP
904367,104339,2026-03-21,3555.64,GBP
904368,104340,2026-03-31,227.92,GBP
904369,104340,2026-04-29,344.50,GBP
904370,104341,2026-04-15,887.17,GBP
904371,104342,2026-05-30,1301.84,GBP
904372,104343,2026-06-26,546.05,GBP
904373,104344,2026-06-10,718.84,GBP
904374,104345,2026-09-04,745.19,GBP
904375,104347,2025-02-27,312.19,GBP
904376,104347,2025-04-01,713.01,GBP
904377,104348,2025-02-08,658.03,GBP
904378,104348,2025-03-16,1360.23,GBP
904379,104349,2026-01-01,622.58,GBP
904380,104350,2025-01-19,4750.07,GBP
904381,104350,2025-02-09,3819.27,GBP
904382,104351,2024-12-13,8599.06,GBP
904383,104352,2025-01-28,3926.79,GBP
904384,104353,2025-02-26,6885.94,GBP
904385,104354,2025-03-12,2713.27,GBP
904386,104355,2025-03-29,3984.44,GBP
904387,104356,2025-04-14,4282.11,GBP
904388,104357,2025-04-15,4490.63,GBP
904389,104357,2025-04-27,4191.61,GBP
904390,104358,2025-04-19,7864.24,GBP
904391,104359,2025-07-04,11275.44,GBP
904392,104360,2025-07-09,7719.54,GBP
904393,104361,2025-06-27,677.37,GBP
904394,104361,2025-07-26,1506.77,GBP
904395,104362,2025-10-03,3106.69,GBP
904396,104362,2025-10-22,3673.45,GBP
904397,104363,2025-08-11,8275.86,GBP
904398,104364,2025-11-18,5432.24,GBP
904399,104365,2025-11-27,3940.20,GBP
904400,104366,2025-12-05,8006.24,GBP
904401,104367,2026-01-16,1200.59,GBP
904402,104367,2026-03-02,2759.80,GBP
904403,104368,2026-03-03,8662.68,GBP
904404,104369,2026-03-21,9021.63,GBP
904405,104370,2026-04-23,5104.84,GBP
904406,104371,2026-05-23,5706.05,GBP
904407,104372,2026-05-12,10823.57,GBP
904408,104373,2026-07-03,2666.53,GBP
904409,104374,2026-06-15,10089.14,GBP
904410,104375,2026-06-28,13655.12,GBP
904411,104376,2026-08-26,5748.61,GBP
904412,104377,2026-08-30,8048.89,GBP
904413,104380,2025-06-11,1639.16,GBP
904414,104381,2025-07-22,1834.27,GBP
904415,104382,2025-08-01,1509.12,GBP
904416,104383,2025-11-20,1181.67,GBP
904417,104384,2025-11-27,966.52,GBP
904418,104385,2025-12-19,730.35,GBP
904419,104386,2026-06-28,1033.15,GBP
904420,104387,2026-06-13,2207.71,GBP
904421,104388,2026-09-05,1439.14,GBP
904422,104389,2024-11-27,675.96,GBP
904423,104390,2025-01-19,678.42,GBP
904424,104391,2025-01-30,143.38,GBP
904425,104391,2025-03-18,295.71,GBP
904426,104392,2025-03-18,262.76,GBP
904427,104393,2025-09-14,794.46,GBP
904428,104393,2025-10-13,620.25,GBP
904429,104394,2025-09-26,1916.24,GBP
904430,104395,2025-10-13,1375.17,GBP
904431,104396,2025-10-24,1330.08,GBP
904432,104397,2025-12-01,758.25,GBP
904433,104398,2025-12-26,254.89,GBP
904434,104398,2026-01-20,203.39,GBP
904435,104399,2026-02-21,2068.71,GBP
904436,104400,2026-02-13,666.06,GBP
904437,104401,2026-08-30,1398.83,GBP
904438,104402,2025-03-28,1959.86,GBP
904439,104402,2025-05-03,1958.03,GBP
904440,104403,2025-03-31,5013.36,GBP
904441,104404,2025-04-14,6153.06,GBP
904442,104405,2025-04-27,7449.61,GBP
904443,104406,2025-06-09,4992.97,EUR
904444,104407,2025-06-10,3584.83,GBP
904445,104408,2025-08-07,8419.92,GBP
904446,104409,2025-08-26,11274.20,GBP
904447,104409,2025-09-27,8188.00,GBP
904448,104410,2025-11-13,4459.63,GBP
904449,104411,2025-12-24,3429.06,EUR
904450,104411,2026-01-31,4096.48,EUR
904451,104412,2025-12-18,7939.99,EUR
904452,104413,2026-01-25,4857.03,GBP
904453,104414,2026-01-10,3493.38,GBP
904454,104415,2026-01-14,4223.93,GBP
904455,104416,2026-01-12,8502.45,GBP
904456,104417,2026-03-04,5431.01,GBP
904457,104418,2026-02-27,7028.35,GBP
904458,104419,2026-04-27,7734.49,EUR
904459,104419,2026-06-12,5203.68,EUR
904460,104420,2026-06-22,9435.66,EUR
904461,104421,2026-08-09,4577.06,EUR
904462,104422,2026-08-04,6981.28,GBP
904463,104423,2026-08-28,4451.59,GBP
904464,104424,2026-08-12,10351.94,GBP
904465,104425,2026-09-23,7803.77,GBP
904466,104428,2024-11-17,4092.86,GBP
904467,104429,2025-01-07,4394.59,GBP
904468,104430,2025-01-02,1104.53,GBP
904469,104430,2025-02-20,1018.73,GBP
904470,104431,2025-02-20,4195.33,GBP
904471,104432,2025-04-12,3641.74,GBP
904472,104433,2025-06-10,3701.12,GBP
904473,104434,2025-08-02,3837.16,EUR
904474,104435,2025-09-18,17413.90,EUR
904475,104436,2025-11-19,4841.81,GBP
904476,104437,2025-11-12,4463.36,EUR
904477,104437,2025-11-30,5424.49,EUR
904478,104438,2025-11-24,10713.86,GBP
904479,104440,2025-12-31,9450.04,EUR
904480,104441,2026-02-12,7975.78,GBP
904481,104442,2026-04-03,4411.37,EUR
904482,104443,2026-03-25,4874.53,EUR
904483,104444,2026-05-18,13178.49,GBP
904484,104445,2026-08-05,10913.20,GBP
904485,104446,2026-08-25,9145.02,EUR
904486,104447,2026-08-28,3009.16,EUR
904487,104447,2026-09-18,5850.50,EUR
904488,104448,2026-09-19,12692.93,EUR
904489,104450,2024-12-24,6377.67,GBP
904490,104451,2024-12-04,4789.22,GBP
904491,104452,2025-02-10,17550.87,GBP
904492,104453,2025-03-07,3530.10,GBP
904493,104454,2025-05-03,3100.03,GBP
904494,104455,2025-04-24,6029.61,GBP
904495,104455,2025-05-14,5716.15,GBP
904496,104456,2025-03-28,3528.54,GBP
904497,104457,2025-04-16,10352.12,GBP
904498,104458,2025-06-15,4826.75,GBP
904499,104459,2025-08-06,8406.22,GBP
904500,104460,2025-07-30,3986.73,GBP
904501,104461,2025-07-22,7842.43,GBP
904502,104462,2025-08-07,8411.24,GBP
904503,104463,2025-07-20,2202.87,GBP
904504,104464,2025-08-19,3407.43,GBP
904505,104464,2025-09-27,3382.70,GBP
904506,104465,2025-08-30,4893.54,GBP
904507,104466,2025-11-09,10439.24,GBP
904508,104467,2026-01-29,4663.16,GBP
904509,104467,2026-02-28,6229.44,GBP
904510,104468,2026-03-09,7687.77,GBP
904511,104469,2026-05-22,12168.76,GBP
904512,104470,2026-04-25,3274.94,GBP
904513,104471,2026-05-06,2207.68,GBP
904514,104471,2026-06-11,2577.31,GBP
904515,104475,2025-02-25,319.34,GBP
904516,104475,2025-03-21,704.13,GBP
904517,104476,2025-06-26,1508.54,EUR
904518,104477,2025-07-19,1976.67,EUR
904519,104478,2025-07-28,2380.11,GBP
904520,104479,2025-09-07,1693.04,GBP
904521,104480,2026-06-04,1616.25,GBP
904522,104481,2026-08-12,718.05,EUR
904523,104482,2026-09-11,1445.24,EUR
904524,104483,2026-09-29,1578.19,GBP
904525,104484,2024-12-22,10225.05,GBP
904526,104485,2024-12-08,10654.03,GBP
904527,104486,2025-01-07,16016.75,GBP
904528,104487,2025-02-04,6016.72,GBP
904529,104488,2025-05-28,2811.70,GBP
904530,104489,2025-04-27,13549.18,GBP
904531,104489,2025-05-12,14549.14,GBP
904532,104490,2025-03-20,10767.84,GBP
904533,104491,2025-04-27,3582.55,GBP
904534,104491,2025-05-11,3022.41,GBP
904535,104492,2025-05-30,4544.29,GBP
904536,104493,2025-06-30,23363.33,GBP
904537,104494,2025-06-03,5731.49,GBP
904538,104495,2025-07-28,8113.94,GBP
904539,104496,2025-06-28,1648.79,GBP
904540,104496,2025-07-29,1766.36,GBP
904541,104497,2025-06-12,5963.92,GBP
904542,104498,2025-07-29,8927.75,GBP
904543,104499,2025-12-23,3972.60,GBP
904544,104500,2026-01-09,11674.72,GBP
904545,104501,2026-01-22,2648.43,GBP
904546,104501,2026-02-13,2927.91,GBP
904547,104502,2026-04-06,11324.30,GBP
904548,104503,2026-03-08,10532.82,GBP
904549,104504,2026-06-05,12706.07,GBP
904550,104505,2026-06-23,3849.80,GBP
904551,104506,2026-09-03,2975.57,GBP
904552,104507,2026-08-28,8816.24,GBP
904553,104508,2026-08-25,6718.15,GBP
904554,104509,2026-09-09,5872.49,GBP
904555,104512,2025-11-22,817.48,GBP
904556,104513,2025-11-26,842.10,GBP
904557,104514,2025-11-12,1129.45,GBP
904558,104515,2026-01-06,381.39,GBP
904559,104516,2026-01-07,472.46,GBP
904560,104517,2026-04-18,715.25,GBP
904561,104518,2026-08-01,2187.89,GBP
904562,104519,2026-09-09,4594.98,GBP
904563,104521,2024-12-01,869.60,GBP
904564,104521,2025-01-18,737.73,GBP
904565,104522,2024-12-27,1028.06,GBP
904566,104523,2025-02-28,721.08,GBP
904567,104524,2025-05-10,1239.89,GBP
904568,104525,2025-07-10,4418.40,GBP
904569,104526,2025-07-22,749.11,GBP
904570,104527,2025-11-08,1877.77,GBP
904571,104528,2025-11-11,407.64,GBP
904572,104528,2025-12-07,798.74,GBP
904573,104529,2026-03-05,1747.71,GBP
904574,104530,2026-05-09,807.09,GBP
904575,104531,2026-06-08,1125.03,GBP
904576,104532,2026-07-18,2993.35,GBP
904577,104533,2026-07-30,824.03,GBP
904578,104534,2026-08-08,738.68,GBP
904579,104536,2024-11-12,1004.09,GBP
904580,104537,2025-02-01,2259.35,GBP
904581,104538,2025-06-10,788.48,GBP
904582,104539,2025-06-15,1129.21,GBP
904583,104540,2025-10-23,769.61,GBP
904584,104541,2025-11-02,814.76,GBP
904585,104542,2025-11-16,254.93,GBP
904586,104543,2025-10-31,1222.75,GBP
904587,104544,2025-01-19,921.25,GBP
904588,104545,2025-03-02,1643.77,GBP
904589,104546,2025-04-09,1514.56,GBP
904590,104547,2025-04-24,1025.28,GBP
904591,104548,2025-08-11,1728.72,GBP
904592,104549,2025-08-27,2208.61,GBP
904593,104550,2025-10-16,506.16,GBP
904594,104551,2025-12-22,1899.99,EUR
904595,104552,2025-12-20,2013.53,GBP
904596,104553,2026-01-14,2486.19,GBP
904597,104554,2026-09-22,659.78,GBP
904598,104555,2025-01-20,611.16,GBP
904599,104556,2025-05-24,1516.60,GBP
904600,104557,2025-07-28,1655.23,GBP
904601,104558,2025-09-27,483.34,GBP
904602,104559,2025-12-12,1273.17,EUR
904603,104560,2026-09-20,1186.46,EUR
904604,104561,2025-01-20,2903.56,GBP
904605,104562,2025-08-05,530.56,GBP
904606,104563,2025-09-17,327.52,GBP
904607,104564,2025-12-17,2443.21,GBP
904608,104565,2026-01-10,711.48,GBP
904609,104566,2026-01-08,1150.05,GBP
904610,104567,2026-06-23,1479.38,GBP
904611,104568,2026-07-18,749.44,GBP
904612,104571,2024-12-01,6596.67,GBP
904613,104572,2024-12-05,8272.07,GBP
904614,104573,2025-01-05,11226.68,EUR
904615,104574,2025-01-07,7546.47,EUR
904616,104575,2025-01-18,13255.58,EUR
904617,104576,2025-02-28,10600.37,EUR
904618,104577,2025-06-18,1281.82,GBP
904619,104577,2025-08-06,2378.26,GBP
904620,104578,2025-06-13,4532.88,GBP
904621,104579,2025-08-03,2850.98,GBP
904622,104580,2025-07-11,7590.74,EUR
904623,104581,2025-08-09,7825.56,GBP
904624,104582,2025-08-18,2944.93,GBP
904625,104583,2025-09-16,11252.19,EUR
904626,104584,2025-10-21,4051.60,GBP
904627,104585,2025-11-24,6799.16,EUR
904628,104585,2025-12-24,15041.24,EUR
904629,104586,2025-12-25,8694.66,EUR
904630,104587,2025-12-29,2587.70,GBP
904631,104587,2026-01-23,3041.13,GBP
904632,104588,2026-01-17,8812.48,EUR
904633,104589,2026-02-05,4014.42,EUR
904634,104590,2026-01-12,10056.89,GBP
904635,104591,2026-03-02,3939.10,EUR
904636,104592,2026-02-20,9560.71,EUR
904637,104593,2026-02-16,4503.65,GBP
904638,104593,2026-03-17,7418.10,GBP
904639,104594,2026-03-15,8096.65,EUR
904640,104595,2026-03-28,3389.45,EUR
904641,104596,2026-03-23,17665.95,GBP
904642,104597,2026-03-17,9627.32,GBP
904643,104598,2026-04-26,3968.29,EUR
904644,104599,2026-05-06,6464.02,EUR
904645,104599,2026-05-22,8662.05,EUR
904646,104600,2026-04-18,21181.14,EUR
904647,104601,2026-06-21,5750.23,GBP
904648,104602,2026-06-25,3238.11,EUR
904649,104603,2026-07-23,4269.39,GBP
904650,104604,2026-07-26,7693.84,EUR
904651,104605,2026-08-26,8244.29,GBP
904652,104606,2026-09-27,3136.74,EUR
904653,104610,2025-01-06,3590.99,GBP
904654,104611,2025-04-22,1057.99,EUR
904655,104612,2025-07-08,534.54,EUR
904656,104613,2026-02-01,459.29,GBP
904657,104613,2026-03-17,566.95,GBP
904658,104614,2026-04-11,1967.41,GBP
904659,104615,2026-06-13,412.60,GBP
904660,104615,2026-07-22,434.36,GBP
904661,104616,2026-06-01,726.68,GBP
904662,104617,2026-07-15,517.12,EUR
904663,104618,2026-08-13,2063.43,GBP
904664,104620,2025-01-11,1160.43,GBP
904665,104621,2025-02-12,509.50,GBP
904666,104622,2025-04-09,285.20,GBP
904667,104622,2025-05-12,525.95,GBP
904668,104623,2025-05-05,1101.32,GBP
904669,104623,2025-05-17,993.80,GBP
904670,104624,2025-08-08,1308.16,GBP
904671,104625,2025-11-12,1514.81,GBP
904672,104626,2025-12-24,261.05,GBP
904673,104626,2026-01-18,283.38,GBP
904674,104627,2026-03-20,1007.93,GBP
904675,104628,2026-04-03,251.85,GBP
904676,104628,2026-04-23,168.48,GBP
904677,104629,2026-03-24,1363.17,GBP
904678,104630,2026-07-02,469.63,GBP
904679,104631,2026-08-08,1117.49,GBP
904680,104633,2024-11-27,4444.15,GBP
904681,104634,2025-03-13,1937.07,GBP
904682,104635,2025-05-25,483.44,GBP
904683,104636,2025-10-30,745.62,GBP
904684,104637,2026-03-05,653.02,GBP
904685,104637,2026-04-21,565.51,GBP
904686,104638,2026-04-11,603.67,GBP
904687,104639,2026-05-31,1482.35,GBP
904688,104640,2026-08-05,1227.66,GBP
904689,104641,2026-07-28,2750.95,GBP
904690,104643,2024-12-10,1491.80,EUR
904691,104644,2025-05-04,959.57,GBP
904692,104645,2025-06-24,1406.48,EUR
904693,104646,2026-02-23,393.18,GBP
904694,104647,2026-04-09,1826.02,EUR
904695,104648,2026-06-24,1251.66,EUR
904696,104650,2024-12-05,1777.77,GBP
904697,104651,2024-12-26,719.63,GBP
904698,104652,2025-03-31,1123.79,EUR
904699,104653,2026-01-13,1108.49,GBP
904700,104654,2026-03-15,1398.10,EUR
904701,104655,2026-03-26,2628.51,EUR
904702,104656,2026-06-20,757.99,GBP
904703,104656,2026-07-13,938.08,GBP
904704,104657,2026-07-12,1450.15,GBP
904705,104660,2025-01-31,1062.70,GBP
904706,104661,2025-03-13,938.08,GBP
904707,104662,2025-06-27,169.00,GBP
904708,104662,2025-08-14,197.84,GBP
904709,104663,2025-07-20,873.10,GBP
904710,104664,2025-12-03,910.79,GBP
904711,104665,2025-11-27,573.01,GBP
904712,104666,2026-03-15,1095.21,GBP
904713,104667,2026-04-08,582.96,GBP
904714,104668,2026-04-17,1569.61,GBP
904715,104668,2026-05-23,1354.07,GBP
904716,104669,2026-05-07,1091.55,GBP
904717,104670,2026-06-12,1020.70,GBP
904718,104671,2026-06-01,802.73,GBP
904719,104672,2026-09-10,2162.61,GBP
904720,104673,2025-02-25,824.35,GBP
904721,104674,2025-02-17,1154.62,EUR
904722,104675,2025-09-03,1136.51,GBP
904723,104676,2025-12-26,589.50,EUR
904724,104676,2026-01-13,414.25,EUR
904725,104677,2026-01-21,4511.23,GBP
904726,104678,2026-02-13,2436.55,EUR
904727,104679,2026-05-28,895.61,GBP
904728,104680,2026-07-02,898.22,EUR
904729,104682,2025-01-31,9887.41,GBP
904730,104683,2025-02-24,4753.24,GBP
904731,104684,2025-03-24,17063.05,GBP
904732,104685,2025-04-21,5514.90,GBP
904733,104686,2025-03-17,2223.41,GBP
904734,104687,2025-06-26,8992.08,GBP
904735,104689,2025-08-15,2886.86,GBP
904736,104690,2025-08-12,5613.47,GBP
904737,104691,2025-08-16,8971.31,GBP
904738,104692,2025-10-03,1428.69,GBP
904739,104692,2025-10-27,1371.30,GBP
904740,104693,2025-10-14,6470.35,GBP
904741,104694,2025-12-20,4822.71,GBP
904742,104695,2025-12-31,6189.50,GBP
904743,104696,2025-12-26,10947.59,GBP
904744,104697,2026-01-14,14120.69,GBP
904745,104698,2026-02-23,17702.49,GBP
904746,104699,2026-01-26,2705.23,GBP
904747,104700,2026-06-30,4060.90,GBP
904748,104701,2026-09-09,8520.78,GBP
904749,104704,2025-01-24,43741.61,GBP
904750,104705,2025-01-14,99698.92,EUR
904751,104706,2025-01-11,41627.37,GBP
904752,104707,2025-01-20,30433.01,EUR
904753,104708,2024-12-30,14573.96,GBP
904754,104708,2025-02-16,19358.75,GBP
904755,104709,2024-12-26,45334.78,EUR
904756,104710,2025-01-05,30809.02,EUR
904757,104711,2025-02-11,5570.77,GBP
904758,104711,2025-03-15,6298.97,GBP
904759,104712,2025-02-03,41012.74,EUR
904760,104713,2025-02-01,20261.22,GBP
904761,104714,2025-04-18,45675.70,EUR
904762,104715,2025-03-28,22357.83,EUR
904763,104715,2025-04-15,17086.08,EUR
904764,104716,2025-04-14,59841.86,EUR
904765,104717,2025-05-30,28065.59,EUR
904766,104718,2025-05-13,29548.67,EUR
904767,104719,2025-05-31,13766.63,GBP
904768,104719,2025-07-18,17751.57,GBP
904769,104720,2025-05-03,32223.46,EUR
904770,104721,2025-05-12,41509.16,EUR
904771,104722,2025-05-16,52479.67,EUR
904772,104723,2025-05-26,36956.83,EUR
904773,104724,2025-06-03,8745.47,GBP
904774,104724,2025-06-15,8187.53,GBP
904775,104725,2025-06-19,32603.34,EUR
904776,104726,2025-05-09,21105.88,EUR
904777,104727,2025-06-24,43504.80,GBP
904778,104728,2025-07-09,37575.50,GBP
904779,104729,2025-07-14,15439.35,GBP
904780,104730,2025-06-25,24079.81,EUR
904781,104732,2025-07-21,7295.93,EUR
904782,104732,2025-08-13,12804.82,EUR
904783,104733,2025-08-16,7462.00,EUR
904784,104733,2025-08-29,11966.69,EUR
904785,104734,2025-07-16,18681.92,EUR
904786,104734,2025-08-30,16876.39,EUR
904787,104735,2025-08-02,41814.69,GBP
904788,104736,2025-08-04,21375.50,EUR
904789,104737,2025-09-05,15755.99,EUR
904790,104738,2025-09-08,93567.86,GBP
904791,104739,2025-09-11,17369.90,GBP
904792,104740,2025-08-21,40057.84,GBP
904793,104741,2025-10-12,19586.47,EUR
904794,104742,2025-10-03,35710.15,EUR
904795,104743,2025-09-29,54300.32,GBP
904796,104744,2025-10-21,10960.07,EUR
904797,104744,2025-12-09,20848.78,EUR
904798,104745,2025-11-07,19189.07,GBP
904799,104746,2025-11-10,50364.43,EUR
904800,104747,2025-11-27,62851.42,EUR
904801,104748,2025-11-21,24879.15,GBP
904802,104749,2025-12-23,22935.50,EUR
904803,104750,2025-12-06,50692.10,EUR
904804,104751,2026-01-20,31567.12,GBP
904805,104752,2026-01-01,69913.82,EUR
904806,104753,2026-01-09,14540.08,EUR
904807,104754,2026-01-23,22432.92,EUR
904808,104755,2026-02-15,11983.14,EUR
904809,104756,2026-01-14,36639.10,GBP
904810,104757,2026-02-12,44030.50,GBP
904811,104758,2026-01-16,8823.20,GBP
904812,104758,2026-02-05,19268.86,GBP
904813,104759,2026-02-06,30529.01,GBP
904814,104760,2026-03-01,17057.01,GBP
904815,104761,2026-02-21,38199.39,GBP
904816,104762,2026-04-08,25550.25,EUR
904817,104763,2026-05-13,32715.83,EUR
904818,104764,2026-03-25,16854.50,EUR
904819,104765,2026-05-09,22368.06,EUR
904820,104766,2026-04-08,14506.01,EUR
904821,104767,2026-03-14,26311.96,GBP
904822,104768,2026-04-04,12967.63,EUR
904823,104769,2026-04-27,49134.06,EUR
904824,104770,2026-04-18,38429.42,EUR
904825,104771,2026-05-18,23317.22,GBP
904826,104772,2026-04-28,8486.71,GBP
904827,104772,2026-06-09,11263.40,GBP
904828,104773,2026-05-01,19901.70,GBP
904829,104775,2026-05-17,15601.79,EUR
904830,104776,2026-06-12,22930.34,GBP
904831,104777,2026-06-09,7413.57,EUR
904832,104778,2026-06-04,26539.04,EUR
904833,104779,2026-06-11,24053.67,GBP
904834,104780,2026-07-20,15708.23,EUR
904835,104781,2026-07-29,35797.85,EUR
904836,104782,2026-07-28,55134.30,GBP
904837,104783,2026-08-09,23911.78,EUR
904838,104784,2026-07-24,30808.97,EUR
904839,104785,2026-08-19,16074.93,EUR
904840,104786,2026-07-27,8537.83,EUR
904841,104786,2026-08-11,17551.01,EUR
904842,104787,2026-08-25,36029.46,EUR
904843,104796,2025-05-20,544.17,GBP
904844,104797,2025-07-06,1377.14,GBP
904845,104798,2025-08-17,1317.76,GBP
904846,104799,2025-07-27,2441.81,GBP
904847,104800,2025-08-26,2665.83,GBP
904848,104801,2025-10-06,902.64,GBP
904849,104802,2025-09-29,1283.67,GBP
904850,104803,2025-11-08,1075.88,GBP
904851,104804,2026-01-23,1736.78,GBP
904852,104805,2026-01-06,1578.70,GBP
904853,104806,2026-03-17,917.60,GBP
904854,104807,2026-05-22,1739.68,GBP
904855,104808,2026-05-21,681.90,GBP
904856,104809,2026-07-04,619.90,GBP
904857,104810,2026-07-27,1020.47,GBP
904858,104812,2024-12-07,7800.44,EUR
904859,104813,2024-12-14,6242.54,GBP
904860,104814,2025-01-08,15396.28,EUR
904861,104815,2025-02-22,2627.31,EUR
904862,104816,2025-03-21,20169.07,EUR
904863,104817,2025-05-10,4939.27,EUR
904864,104818,2025-06-24,4575.86,EUR
904865,104819,2025-07-25,4613.76,EUR
904866,104820,2025-08-14,4092.40,EUR
904867,104820,2025-09-30,2928.84,EUR
904868,104821,2025-09-13,10007.55,GBP
904869,104822,2025-11-14,9398.89,EUR
904870,104823,2025-12-12,2406.14,EUR
904871,104824,2025-11-14,5469.98,EUR
904872,104825,2025-12-08,13403.80,GBP
904873,104826,2026-01-10,5461.80,EUR
904874,104827,2026-02-20,3929.81,GBP
904875,104828,2026-01-27,2951.93,GBP
904876,104829,2026-03-12,3820.58,GBP
904877,104829,2026-03-28,7635.59,GBP
904878,104830,2026-04-20,4464.62,EUR
904879,104831,2026-04-28,3067.23,EUR
904880,104832,2026-06-06,12258.87,GBP
904881,104833,2026-06-27,6790.86,EUR
904882,104834,2026-06-14,6129.36,EUR
904883,104834,2026-07-17,6337.39,EUR
904884,104835,2026-06-18,11100.48,GBP
904885,104836,2026-09-18,13520.28,EUR
904886,104838,2024-12-26,7614.26,GBP
904887,104839,2025-04-23,6297.67,GBP
904888,104840,2025-01-23,2335.49,GBP
904889,104840,2025-03-11,1965.79,GBP
904890,104841,2025-03-17,4549.22,GBP
904891,104842,2025-04-10,8221.89,GBP
904892,104843,2025-06-12,10963.55,GBP
904893,104844,2025-06-27,3111.48,GBP
904894,104844,2025-07-17,2411.78,GBP
904895,104845,2025-07-11,11733.11,GBP
904896,104846,2025-08-31,5524.38,GBP
904897,104847,2025-09-22,22817.19,GBP
904898,104848,2025-08-07,10825.49,GBP
904899,104849,2025-07-03,7006.63,GBP
904900,104849,2025-08-12,5862.02,GBP
904901,104850,2025-09-11,5811.31,GBP
904902,104851,2025-09-12,5160.99,GBP
904903,104852,2025-08-16,10982.13,GBP
904904,104853,2025-09-15,5249.46,GBP
904905,104854,2025-10-23,2346.94,GBP
904906,104854,2025-11-29,5270.12,GBP
904907,104855,2025-12-26,12792.05,GBP
904908,104856,2025-11-27,8892.84,GBP
904909,104857,2025-12-15,15954.16,GBP
904910,104859,2026-02-23,8534.37,GBP
904911,104860,2026-03-29,6527.05,GBP
904912,104862,2026-04-07,7860.70,GBP
904913,104863,2026-05-10,7922.10,GBP
904914,104864,2026-04-17,15277.60,GBP
904915,104865,2026-04-16,6567.32,GBP
904916,104866,2026-07-01,6972.87,GBP
904917,104867,2026-07-24,6987.05,GBP
904918,104870,2026-09-21,9549.48,GBP
904919,104876,2024-11-19,11481.38,GBP
904920,104876,2024-12-11,13298.31,GBP
904921,104877,2024-12-02,44040.15,GBP
904922,104878,2024-11-30,14383.95,GBP
904923,104879,2024-11-11,38567.08,GBP
904924,104880,2024-12-05,18474.05,GBP
904925,104881,2024-11-24,34541.21,GBP
904926,104882,2024-11-26,28141.59,GBP
904927,104883,2024-11-25,29218.99,GBP
904928,104884,2024-11-15,24333.80,GBP
904929,104885,2024-12-17,49539.49,GBP
904930,104886,2024-12-22,20804.36,GBP
904931,104887,2024-12-24,7485.27,GBP
904932,104887,2025-01-12,12367.38,GBP
904933,104888,2025-01-25,23514.54,GBP
904934,104889,2025-02-06,53481.59,GBP
904935,104890,2025-01-23,15962.98,GBP
904936,104891,2025-02-02,35891.75,GBP
904937,104892,2025-03-22,27416.27,GBP
904938,104893,2025-03-19,13217.76,GBP
904939,104894,2025-04-06,12463.23,GBP
904940,104895,2025-04-27,25902.02,GBP
904941,104896,2025-05-13,53027.63,GBP
904942,104897,2025-06-06,27795.75,GBP
904943,104898,2025-05-30,26305.24,GBP
904944,104899,2025-05-31,23179.61,GBP
904945,104900,2025-06-04,29237.88,GBP
904946,104901,2025-06-08,39608.22,GBP
904947,104902,2025-07-01,22166.75,GBP
904948,104903,2025-07-09,52427.64,GBP
904949,104904,2025-06-26,38124.19,GBP
904950,104905,2025-08-02,42914.31,GBP
904951,104906,2025-09-08,18564.78,GBP
904952,104907,2025-08-20,41512.40,GBP
904953,104908,2025-09-05,25471.73,GBP
904954,104909,2025-09-21,25352.30,GBP
904955,104910,2025-10-14,20982.26,GBP
904956,104911,2025-10-16,19947.12,GBP
904957,104912,2025-10-18,10189.87,GBP
904958,104913,2025-10-31,24691.98,GBP
904959,104914,2025-10-30,21511.76,GBP
904960,104915,2025-10-19,8183.51,GBP
904961,104916,2025-10-31,56912.46,GBP
904962,104917,2025-12-01,72484.03,GBP
904963,104918,2025-11-12,43054.22,GBP
904964,104919,2025-11-08,30304.72,GBP
904965,104920,2025-11-05,37032.55,GBP
904966,104921,2025-11-18,10950.00,GBP
904967,104922,2025-12-31,20602.64,GBP
904968,104923,2025-12-24,40717.62,GBP
904969,104924,2025-12-17,58340.71,GBP
904970,104925,2026-01-09,40687.50,GBP
904971,104926,2025-12-20,38543.12,GBP
904972,104927,2026-01-29,11658.26,GBP
904973,104927,2026-02-14,11566.67,GBP
904974,104928,2026-02-03,37764.46,GBP
904975,104929,2026-01-19,18564.92,GBP
904976,104930,2026-01-12,24835.66,GBP
904977,104931,2026-01-24,17665.68,GBP
904978,104932,2026-04-01,29416.11,GBP
904979,104933,2026-04-04,45367.74,GBP
904980,104934,2026-04-09,26864.80,GBP
904981,104935,2026-05-09,13185.10,GBP
904982,104936,2026-04-22,19396.78,GBP
904983,104937,2026-05-07,22201.11,GBP
904984,104938,2026-05-02,27608.20,GBP
904985,104939,2026-04-24,33636.20,GBP
904986,104940,2026-06-06,21638.47,GBP
904987,104941,2026-05-13,11961.57,GBP
904988,104941,2026-06-23,15301.62,GBP
904989,104942,2026-05-18,29586.88,GBP
904990,104943,2026-05-20,10741.40,GBP
904991,104944,2026-05-26,11399.60,GBP
904992,104945,2026-06-21,24167.68,GBP
904993,104946,2026-06-24,17736.99,GBP
904994,104946,2026-08-04,22018.82,GBP
904995,104947,2026-06-15,21827.44,GBP
904996,104948,2026-08-04,58901.92,GBP
904997,104949,2026-07-28,47377.13,GBP
904998,104950,2026-08-12,29972.86,GBP
904999,104951,2026-08-29,8866.51,GBP
905000,104952,2026-09-16,9638.15,GBP
905001,104953,2026-09-11,28117.48,GBP
905002,104960,2024-11-16,13724.65,GBP
905003,104961,2025-01-11,9918.53,EUR
905004,104962,2025-03-28,6198.87,EUR
905005,104963,2025-03-09,4868.17,EUR
905006,104964,2025-04-09,11505.30,GBP
905007,104965,2025-04-19,6597.14,EUR
905008,104966,2025-05-28,5275.44,EUR
905009,104967,2025-06-15,4020.74,EUR
905010,104967,2025-07-18,2943.78,EUR
905011,104968,2025-07-01,1321.85,GBP
905012,104968,2025-07-29,2395.99,GBP
905013,104969,2025-10-28,5250.31,EUR
905014,104970,2025-11-05,4253.36,EUR
905015,104971,2025-10-03,4750.26,GBP
905016,104972,2025-12-10,2706.75,EUR
905017,104973,2025-11-04,8531.13,EUR
905018,104974,2025-12-30,4670.64,EUR
905019,104975,2026-01-04,7436.13,EUR
905020,104976,2026-01-23,8907.42,EUR
905021,104977,2026-02-24,8531.63,EUR
905022,104978,2026-02-27,3196.17,EUR
905023,104978,2026-04-03,6568.48,EUR
905024,104979,2026-04-14,7974.52,EUR
905025,104980,2026-03-27,2992.59,GBP
905026,104981,2026-03-30,5529.43,EUR
905027,104982,2026-04-04,10527.64,GBP
905028,104983,2026-07-14,1919.22,GBP
905029,104984,2026-07-26,7405.67,EUR
905030,104985,2026-07-11,8816.18,EUR
905031,104988,2024-12-23,10163.78,GBP
905032,104989,2025-02-05,7902.62,GBP
905033,104990,2025-01-14,9755.31,GBP
905034,104991,2025-04-07,4926.88,GBP
905035,104992,2025-03-31,4908.69,GBP
905036,104992,2025-05-14,3793.73,GBP
905037,104994,2025-08-02,4135.16,GBP
905038,104995,2025-08-06,7325.94,GBP
905039,104996,2025-09-06,5820.81,GBP
905040,104997,2025-09-07,4568.56,GBP
905041,104998,2025-10-30,7523.45,GBP
905042,104999,2025-10-19,14641.97,GBP
905043,105000,2025-10-11,3709.05,GBP
905044,105001,2025-11-17,2669.47,GBP
905045,105002,2025-11-21,2139.92,GBP
905046,105002,2025-12-24,1615.15,GBP
905047,105003,2025-12-18,2791.73,GBP
905048,105004,2026-03-24,6261.89,GBP
905049,105005,2026-05-09,5780.62,GBP
905050,105006,2026-05-16,2899.93,GBP
905051,105006,2026-06-30,4263.21,GBP
905052,105007,2026-06-02,8821.11,GBP
905053,105008,2026-06-12,14046.51,GBP
905054,105009,2026-06-20,9646.05,GBP
905055,105010,2026-07-20,8937.52,GBP
905056,105010,2026-08-23,7982.07,GBP
905057,105011,2026-08-20,19391.38,GBP
905058,105015,2025-01-23,52680.79,GBP
905059,105016,2024-12-24,36370.79,GBP
905060,105017,2025-01-18,29500.32,GBP
905061,105018,2025-03-04,10098.88,GBP
905062,105018,2025-03-28,10565.48,GBP
905063,105019,2025-04-03,18433.01,GBP
905064,105019,2025-05-22,16091.32,GBP
905065,105020,2025-02-21,20345.01,GBP
905066,105021,2024-12-28,38018.25,GBP
905067,105022,2025-02-19,52029.62,GBP
905068,105023,2025-03-01,20987.98,GBP
905069,105024,2025-02-16,25848.22,GBP
905070,105025,2025-03-28,12788.15,GBP
905071,105027,2025-03-29,30476.89,GBP
905072,105028,2025-03-25,33415.27,GBP
905073,105029,2025-04-19,14852.29,GBP
905074,105029,2025-05-12,11079.48,GBP
905075,105030,2025-04-08,25950.86,GBP
905076,105031,2025-05-21,18309.09,GBP
905077,105032,2025-03-13,12050.07,GBP
905078,105033,2025-06-05,21094.18,GBP
905079,105034,2025-05-05,11965.53,GBP
905080,105035,2025-05-23,20982.85,GBP
905081,105036,2025-05-06,40482.84,GBP
905082,105037,2025-04-19,51417.47,GBP
905083,105038,2025-04-25,23076.93,GBP
905084,105039,2025-05-19,31158.49,GBP
905085,105040,2025-07-20,20095.48,GBP
905086,105041,2025-07-27,33537.10,GBP
905087,105044,2025-07-08,32601.34,GBP
905088,105045,2025-07-27,60539.99,GBP
905089,105046,2025-09-21,17876.52,GBP
905090,105046,2025-10-08,22756.55,GBP
905091,105047,2025-09-29,20693.98,GBP
905092,105049,2025-10-15,25920.03,GBP
905093,105050,2025-09-21,32902.88,GBP
905094,105051,2025-09-24,55884.66,GBP
905095,105052,2025-10-03,28416.44,GBP
905096,105053,2025-12-29,10822.03,GBP
905097,105054,2025-11-23,17542.04,GBP
905098,105055,2025-12-24,32766.12,GBP
905099,105056,2025-12-19,20659.25,GBP
905100,105057,2026-02-13,16177.89,GBP
905101,105058,2026-02-09,50803.84,GBP
905102,105059,2026-01-26,34427.41,GBP
905103,105060,2026-03-03,23410.08,GBP
905104,105061,2026-02-13,47159.23,GBP
905105,105062,2026-03-04,41774.82,GBP
905106,105063,2026-03-15,38635.73,GBP
905107,105064,2026-03-03,13686.99,GBP
905108,105065,2026-05-02,25850.63,GBP
905109,105066,2026-05-18,18384.96,GBP
905110,105067,2026-05-23,37090.69,GBP
905111,105068,2026-04-27,34229.34,GBP
905112,105069,2026-04-15,20176.01,GBP
905113,105070,2026-04-30,14363.58,GBP
905114,105070,2026-05-23,14064.69,GBP
905115,105072,2026-07-10,19420.09,GBP
905116,105073,2026-05-28,12242.87,GBP
905117,105073,2026-06-29,19026.26,GBP
905118,105074,2026-07-30,55110.97,GBP
905119,105075,2026-07-16,45942.06,GBP
905120,105076,2026-07-29,12311.63,GBP
905121,105077,2026-08-01,24342.14,GBP
905122,105079,2026-09-04,33898.27,GBP
905123,105080,2026-08-14,27705.08,GBP
905124,105081,2026-09-18,39557.53,GBP
905125,105082,2026-09-04,46259.95,GBP
905126,105083,2026-09-05,18886.79,GBP
905127,105084,2026-09-19,24259.01,GBP
905128,105085,2026-08-18,10870.11,GBP
905129,105092,2025-01-26,13212.25,GBP
905130,105093,2025-01-17,10902.69,GBP
905131,105094,2025-01-09,4733.89,GBP
905132,105095,2025-02-08,8144.52,GBP
905133,105096,2025-03-21,19383.81,GBP
905134,105097,2025-04-20,1807.71,GBP
905135,105097,2025-06-01,3574.06,GBP
905136,105098,2025-04-28,4090.15,GBP
905137,105099,2025-05-21,8944.47,GBP
905138,105100,2025-07-31,6676.44,GBP
905139,105101,2025-08-18,2761.04,GBP
905140,105102,2025-08-29,5930.07,GBP
905141,105103,2025-10-09,8760.77,GBP
905142,105104,2025-09-19,6081.07,GBP
905143,105105,2025-09-17,15772.67,GBP
905144,105106,2025-10-11,16193.17,GBP
905145,105107,2025-12-25,3203.44,GBP
905146,105108,2025-12-30,5193.14,GBP
905147,105109,2025-12-12,4995.40,GBP
905148,105109,2025-12-23,3972.18,GBP
905149,105110,2026-01-18,6305.18,GBP
905150,105111,2026-01-21,7296.93,GBP
905151,105112,2026-01-02,4252.00,GBP
905152,105113,2026-02-16,3891.85,GBP
905153,105114,2026-02-21,4549.95,GBP
905154,105115,2026-05-20,18088.87,GBP
905155,105116,2026-05-08,4921.28,GBP
905156,105117,2026-06-25,4873.58,GBP
905157,105118,2026-06-07,13606.66,GBP
905158,105119,2026-08-09,8273.68,GBP
905159,105120,2026-08-30,5943.65,GBP
905160,105121,2026-09-26,5138.40,GBP
905161,105122,2026-09-17,7966.47,GBP
905162,105123,2026-09-23,2385.15,GBP
905163,105127,2024-12-11,1955.68,GBP
905164,105128,2025-04-26,1598.72,GBP
905165,105129,2025-05-29,400.25,EUR
905166,105129,2025-06-21,289.42,EUR
905167,105130,2026-04-04,935.01,EUR
905168,105131,2026-09-25,3388.19,EUR
905169,105133,2025-04-16,1554.72,GBP
905170,105134,2025-05-28,1365.28,GBP
905171,105135,2025-06-03,669.94,GBP
905172,105135,2025-07-21,986.65,GBP
905173,105136,2025-07-29,1542.08,GBP
905174,105137,2025-08-12,1156.88,GBP
905175,105138,2025-11-29,207.19,GBP
905176,105138,2026-01-11,143.00,GBP
905177,105139,2025-12-25,1723.79,GBP
905178,105140,2026-03-06,448.86,GBP
905179,105141,2026-04-29,232.84,GBP
905180,105141,2026-06-07,234.87,GBP
905181,105142,2026-05-18,992.33,GBP
905182,105143,2026-06-23,3608.08,GBP
905183,105144,2026-08-30,942.13,GBP
905184,105145,2026-09-02,726.18,GBP
905185,105147,2025-06-23,189.19,EUR
905186,105147,2025-07-16,231.56,EUR
905187,105148,2025-09-05,1100.77,EUR
905188,105149,2025-11-28,841.75,GBP
905189,105150,2026-01-24,1040.86,EUR
905190,105151,2026-04-04,1340.12,EUR
905191,105154,2025-03-26,2312.93,GBP
905192,105155,2026-04-29,1765.62,GBP
905193,105158,2025-04-15,3053.76,GBP
905194,105159,2025-12-28,686.49,GBP
905195,105160,2026-02-18,640.96,GBP
905196,105164,2024-10-23,1343.47,GBP
905197,105165,2025-03-28,3255.81,GBP
905198,105166,2025-05-01,843.03,GBP
905199,105167,2025-10-24,1194.31,GBP
905200,105168,2025-11-07,2867.62,GBP
905201,105171,2026-02-21,1614.66,GBP
905202,105172,2026-05-09,590.86,GBP
905203,105172,2026-06-23,583.98,GBP
905204,105173,2026-05-18,1399.97,GBP
905205,105174,2026-06-08,584.40,GBP
905206,105176,2024-11-28,1649.14,EUR
905207,105177,2025-03-12,1268.74,EUR
905208,105177,2025-03-28,1725.59,EUR
905209,105178,2025-05-07,947.76,EUR
905210,105179,2025-05-11,395.72,EUR
905211,105179,2025-06-13,386.57,EUR
905212,105180,2025-09-02,1510.01,EUR
905213,105181,2025-09-17,889.15,GBP
905214,105182,2025-10-25,2434.00,EUR
905215,105183,2025-11-03,1331.70,EUR
905216,105184,2026-06-30,1032.74,GBP
905217,105185,2026-07-09,2579.78,EUR
905218,105186,2026-08-01,1560.91,EUR
905219,105187,2026-09-16,1226.58,EUR
905220,105188,2024-12-27,1814.31,GBP
905221,105189,2025-02-04,1182.28,GBP
905222,105191,2025-04-03,1159.61,EUR
905223,105192,2025-05-22,280.27,EUR
905224,105192,2025-07-01,595.83,EUR
905225,105193,2025-06-22,607.25,EUR
905226,105194,2025-10-07,477.56,GBP
905227,105195,2025-11-30,365.24,GBP
905228,105196,2025-12-06,638.06,GBP
905229,105197,2026-03-20,735.12,EUR
905230,105198,2026-04-03,1267.17,GBP
905231,105199,2026-04-09,1943.75,EUR
905232,105200,2026-07-02,482.66,GBP
905233,105201,2026-07-14,1783.85,GBP
905234,105202,2025-01-12,4391.23,GBP
905235,105204,2025-03-28,2175.87,GBP
905236,105205,2025-04-11,7024.66,GBP
905237,105206,2025-06-26,2689.99,EUR
905238,105206,2025-08-07,1974.45,EUR
905239,105207,2025-07-03,4997.41,GBP
905240,105208,2025-07-20,2236.84,GBP
905241,105208,2025-08-03,1723.58,GBP
905242,105209,2025-08-01,3024.83,GBP
905243,105210,2025-08-01,8510.56,GBP
905244,105211,2025-07-17,3296.58,EUR
905245,105212,2025-08-26,9003.23,GBP
905246,105213,2025-08-30,10950.25,GBP
905247,105214,2025-08-11,5582.61,GBP
905248,105215,2025-08-19,5313.40,EUR
905249,105216,2025-09-27,11188.03,GBP
905250,105217,2025-09-11,11223.35,GBP
905251,105218,2025-09-22,9987.78,GBP
905252,105219,2025-12-19,8097.48,GBP
905253,105220,2025-12-08,4871.24,GBP
905254,105221,2025-12-30,5023.86,GBP
905255,105222,2026-01-26,16028.82,GBP
905256,105223,2026-01-25,10903.36,GBP
905257,105224,2026-01-26,2009.35,EUR
905258,105225,2026-01-23,6177.59,GBP
905259,105226,2026-01-11,1866.43,EUR
905260,105227,2026-01-07,4524.97,GBP
905261,105228,2026-02-21,7132.00,GBP
905262,105229,2026-03-25,3141.73,GBP
905263,105230,2026-05-08,3211.40,GBP
905264,105231,2026-06-18,5126.18,EUR
905265,105232,2026-06-18,3476.39,GBP
905266,105233,2026-06-20,13812.49,GBP
905267,105234,2026-06-20,9045.17,GBP
905268,105235,2026-05-25,3151.89,EUR
905269,105236,2026-07-26,10425.72,GBP
905270,105237,2026-08-30,4523.94,GBP
905271,105238,2026-08-08,5431.73,GBP
905272,105239,2026-09-13,7576.70,GBP
905273,105240,2026-09-16,9830.34,EUR
905274,105243,2024-11-06,1092.42,EUR
905275,105244,2025-04-15,642.96,GBP
905276,105245,2025-06-30,3277.16,EUR
905277,105246,2025-08-15,1739.42,GBP
905278,105247,2026-01-23,1119.99,EUR
905279,105248,2026-02-17,1040.77,EUR
905280,105248,2026-04-01,1429.72,EUR
905281,105249,2026-03-08,3578.53,GBP
905282,105250,2026-06-27,222.20,EUR
905283,105250,2026-07-25,510.89,EUR
905284,105252,2025-03-19,1194.83,GBP
905285,105253,2025-05-30,1378.95,GBP
905286,105254,2025-06-28,1751.39,GBP
905287,105255,2025-07-20,1142.95,GBP
905288,105256,2025-11-02,1310.53,GBP
905289,105257,2026-03-20,995.48,GBP
905290,105258,2026-08-20,2403.67,GBP
905291,105260,2024-12-23,8704.77,GBP
905292,105261,2024-11-24,2876.91,GBP
905293,105262,2024-12-26,2441.52,EUR
905294,105262,2025-01-17,4639.65,EUR
905295,105263,2024-12-23,5433.19,EUR
905296,105264,2025-01-17,8287.01,GBP
905297,105265,2025-01-14,6793.92,GBP
905298,105266,2025-03-03,6170.37,EUR
905299,105267,2025-03-03,3806.84,GBP
905300,105268,2025-05-12,4828.48,EUR
905301,105269,2025-04-14,5529.81,EUR
905302,105270,2025-05-04,2119.94,GBP
905303,105271,2025-06-04,12297.85,GBP
905304,105272,2025-06-02,9076.58,EUR
905305,105273,2025-06-12,7835.60,GBP
905306,105274,2025-07-11,9164.41,EUR
905307,105275,2025-08-11,8255.39,GBP
905308,105276,2025-07-23,1795.46,GBP
905309,105276,2025-08-23,1687.20,GBP
905310,105277,2025-07-27,11539.76,EUR
905311,105278,2025-09-22,6804.18,GBP
905312,105279,2025-11-15,6594.88,EUR
905313,105280,2025-11-05,4619.03,EUR
905314,105281,2025-12-12,4379.71,EUR
905315,105282,2025-12-07,3499.91,EUR
905316,105283,2026-01-26,5973.12,GBP
905317,105284,2026-04-09,6385.61,EUR
905318,105285,2026-04-10,6383.33,EUR
905319,105286,2026-04-22,11305.93,EUR
905320,105287,2026-04-23,3750.94,EUR
905321,105288,2026-06-15,10627.27,GBP
905322,105289,2026-05-22,5308.83,GBP
905323,105289,2026-06-15,4617.05,GBP
905324,105290,2026-06-05,7414.57,GBP
905325,105293,2024-10-30,3840.46,GBP
905326,105294,2024-12-12,3623.33,GBP
905327,105295,2024-12-20,3098.29,GBP
905328,105296,2025-01-01,1880.62,GBP
905329,105297,2025-03-05,8069.91,GBP
905330,105298,2025-04-19,1550.58,GBP
905331,105298,2025-06-05,2643.15,GBP
905332,105299,2025-03-30,11552.73,GBP
905333,105300,2025-05-03,8126.79,GBP
905334,105301,2025-05-07,4976.07,GBP
905335,105302,2025-05-17,8056.41,GBP
905336,105303,2025-06-02,8899.85,GBP
905337,105304,2025-07-31,5197.06,GBP
905338,105305,2025-10-15,10988.61,GBP
905339,105306,2025-11-18,7012.71,GBP
905340,105307,2025-12-07,2265.54,GBP
905341,105307,2026-01-10,2616.68,GBP
905342,105308,2025-12-20,10294.48,GBP
905343,105309,2026-01-12,1704.49,GBP
905344,105310,2025-12-27,6132.29,GBP
905345,105311,2026-03-03,11935.12,GBP
905346,105312,2026-04-02,2346.61,GBP
905347,105312,2026-04-29,2887.00,GBP
905348,105313,2026-04-14,7111.08,GBP
905349,105314,2026-03-31,18837.32,GBP
905350,105315,2026-05-08,9876.22,GBP
905351,105316,2026-06-01,3611.47,GBP
905352,105316,2026-06-15,3780.18,GBP
905353,105317,2026-06-16,2849.14,GBP
905354,105317,2026-06-26,3352.17,GBP
905355,105318,2026-07-03,3507.23,GBP
905356,105319,2026-08-05,18550.64,GBP
905357,105320,2026-08-27,3031.57,GBP
905358,105320,2026-09-15,3447.36,GBP
905359,105322,2025-01-05,26254.78,GBP
905360,105323,2025-01-12,13455.88,GBP
905361,105323,2025-02-09,10327.57,GBP
905362,105324,2025-01-19,18313.13,GBP
905363,105325,2025-01-21,21258.56,GBP
905364,105326,2025-01-22,21054.70,GBP
905365,105327,2025-01-17,21669.75,GBP
905366,105328,2025-01-13,37502.35,GBP
905367,105329,2025-01-15,20249.42,GBP
905368,105329,2025-02-04,14886.81,GBP
905369,105330,2025-02-11,22397.91,GBP
905370,105331,2025-02-04,22166.68,GBP
905371,105332,2025-03-01,19094.36,GBP
905372,105333,2025-03-24,61396.55,GBP
905373,105334,2025-03-05,10775.21,GBP
905374,105334,2025-03-22,17691.45,GBP
905375,105335,2025-03-21,26699.70,GBP
905376,105336,2025-02-11,58261.26,GBP
905377,105337,2025-02-03,73486.06,GBP
905378,105338,2025-03-23,28787.11,GBP
905379,105339,2025-03-17,22611.51,GBP
905380,105340,2025-05-26,18558.84,GBP
905381,105341,2025-04-12,17113.41,GBP
905382,105341,2025-05-19,12083.19,GBP
905383,105342,2025-04-27,27232.16,GBP
905384,105342,2025-05-13,30928.52,GBP
905385,105343,2025-04-15,42553.26,GBP
905386,105344,2025-05-09,24658.36,GBP
905387,105345,2025-05-14,18031.64,GBP
905388,105345,2025-06-16,18535.90,GBP
905389,105346,2025-05-19,52515.02,GBP
905390,105347,2025-06-22,29736.03,GBP
905391,105348,2025-07-02,22072.64,GBP
905392,105349,2025-07-25,31737.40,GBP
905393,105350,2025-07-05,20734.79,GBP
905394,105351,2025-06-07,20941.06,GBP
905395,105352,2025-08-12,24608.48,GBP
905396,105353,2025-07-26,10029.55,GBP
905397,105354,2025-07-01,23777.44,GBP
905398,105355,2025-07-02,16776.49,GBP
905399,105356,2025-07-09,14946.81,GBP
905400,105356,2025-08-06,18929.95,GBP
905401,105357,2025-09-02,21207.48,GBP
905402,105358,2025-08-08,33765.82,GBP
905403,105359,2025-09-06,16493.65,GBP
905404,105360,2025-10-07,27615.20,GBP
905405,105361,2025-10-30,14105.89,GBP
905406,105362,2025-10-22,37028.98,GBP
905407,105363,2025-11-01,7080.68,GBP
905408,105363,2025-12-03,10181.08,GBP
905409,105364,2025-09-29,26747.22,GBP
905410,105365,2025-11-18,16683.36,GBP
905411,105365,2025-12-16,25026.94,GBP
905412,105366,2025-10-06,28772.27,GBP
905413,105367,2025-10-18,43355.75,GBP
905414,105368,2025-11-26,20056.58,GBP
905415,105369,2025-11-13,16733.29,GBP
905416,105369,2025-12-17,12877.14,GBP
905417,105370,2025-12-14,25388.90,GBP
905418,105371,2025-12-20,13636.22,GBP
905419,105372,2025-12-07,17407.33,GBP
905420,105373,2025-12-03,44800.11,GBP
905421,105374,2025-12-14,47007.14,GBP
905422,105375,2025-12-11,17448.07,GBP
905423,105376,2025-12-07,32627.23,GBP
905424,105377,2025-12-30,19539.21,GBP
905425,105378,2026-01-27,29074.01,GBP
905426,105379,2026-01-20,18239.59,GBP
905427,105380,2026-01-13,47366.82,GBP
905428,105381,2026-01-28,47312.69,GBP
905429,105382,2026-01-17,38319.92,GBP
905430,105383,2026-02-24,17468.82,GBP
905431,105384,2026-03-13,28945.41,GBP
905432,105385,2026-02-13,39535.63,GBP
905433,105386,2026-03-29,31466.18,GBP
905434,105387,2026-04-30,31246.90,GBP
905435,105388,2026-03-24,31523.52,GBP
905436,105389,2026-04-18,37830.76,GBP
905437,105390,2026-04-19,31955.94,GBP
905438,105391,2026-05-16,26963.06,GBP
905439,105392,2026-06-09,34357.68,GBP
905440,105393,2026-07-07,20981.03,GBP
905441,105394,2026-06-29,49320.96,GBP
905442,105395,2026-07-31,19260.68,GBP
905443,105407,2024-11-12,3280.61,GBP
905444,105407,2024-12-16,2880.79,GBP
905445,105408,2024-11-26,4864.31,GBP
905446,105409,2024-12-23,5635.41,GBP
905447,105410,2025-01-04,7866.35,GBP
905448,105411,2025-01-11,4597.98,GBP
905449,105412,2025-04-02,5895.91,GBP
905450,105413,2025-05-12,5861.22,GBP
905451,105414,2025-07-25,6394.16,GBP
905452,105415,2025-07-18,3479.14,GBP
905453,105415,2025-08-25,3449.89,GBP
905454,105416,2025-10-09,7058.46,GBP
905455,105417,2025-11-03,8110.53,GBP
905456,105418,2025-10-02,3974.11,GBP
905457,105419,2025-12-13,5469.30,GBP
905458,105420,2025-12-19,5784.78,GBP
905459,105421,2025-12-17,4329.50,GBP
905460,105421,2026-01-20,5992.60,GBP
905461,105422,2026-01-16,4598.23,GBP
905462,105423,2026-03-21,9719.18,GBP
905463,105424,2026-04-08,6552.61,GBP
905464,105425,2026-05-22,6055.13,GBP
905465,105426,2026-08-05,4136.34,GBP
905466,105427,2026-09-14,3766.65,GBP
905467,105428,2026-09-10,716.44,GBP
905468,105428,2026-09-27,888.98,GBP
905469,105432,2025-01-25,11443.38,GBP
905470,105433,2025-01-27,2964.00,GBP
905471,105434,2025-02-20,8457.41,GBP
905472,105435,2025-02-10,8926.41,GBP
905473,105436,2025-03-14,5664.04,GBP
905474,105437,2025-05-19,11463.42,GBP
905475,105438,2025-05-16,3106.13,GBP
905476,105439,2025-05-13,5675.42,GBP
905477,105440,2025-05-03,6306.49,GBP
905478,105441,2025-06-14,5481.11,GBP
905479,105442,2025-06-23,2026.97,GBP
905480,105442,2025-08-06,1761.77,GBP
905481,105443,2025-06-16,6893.90,GBP
905482,105444,2025-07-20,5127.24,GBP
905483,105445,2025-08-02,7531.13,GBP
905484,105446,2025-08-07,7438.50,GBP
905485,105447,2025-08-15,4354.07,GBP
905486,105448,2025-07-31,1971.53,GBP
905487,105448,2025-08-12,2813.11,GBP
905488,105449,2025-12-27,8309.37,GBP
905489,105450,2026-01-06,11402.07,GBP
905490,105451,2026-04-02,18829.49,GBP
905491,105452,2026-04-11,9609.39,GBP
905492,105453,2026-05-28,12644.60,GBP
905493,105454,2026-06-05,11351.00,GBP
905494,105455,2026-06-07,21490.56,GBP
905495,105456,2026-06-23,5566.78,GBP
905496,105457,2026-08-29,9709.66,GBP
905497,105458,2026-08-19,1488.99,GBP
905498,105459,2026-09-14,4192.67,GBP
905499,105463,2025-07-25,2694.99,GBP
905500,105464,2025-10-03,1045.04,GBP
905501,105465,2025-10-14,934.83,GBP
905502,105466,2025-11-24,1966.91,GBP
905503,105467,2026-01-19,1214.09,GBP
905504,105468,2026-02-18,815.49,GBP
905505,105470,2025-02-19,913.18,GBP
905506,105471,2025-03-01,426.84,GBP
905507,105472,2025-03-27,994.61,GBP
905508,105473,2025-06-10,1151.77,GBP
905509,105473,2025-06-22,1563.72,GBP
905510,105474,2025-09-29,1017.96,GBP
905511,105475,2026-01-28,659.56,GBP
905512,105476,2026-03-11,1432.76,GBP
905513,105477,2026-05-29,1402.71,GBP
905514,105478,2026-07-06,405.19,GBP
905515,105479,2026-08-04,308.27,GBP
905516,105479,2026-08-27,632.32,GBP
905517,105480,2026-09-11,680.93,GBP
905518,105483,2024-12-08,977.66,GBP
905519,105484,2025-09-04,2164.41,GBP
905520,105485,2025-10-19,651.89,GBP
905521,105486,2025-10-22,190.79,GBP
905522,105486,2025-11-10,199.88,GBP
905523,105487,2026-02-28,1643.16,GBP
905524,105488,2026-09-01,2154.56,GBP
905525,105491,2025-02-02,7498.04,GBP
905526,105492,2025-01-18,10978.04,GBP
905527,105493,2025-02-16,3978.12,GBP
905528,105494,2025-02-26,4471.71,GBP
905529,105495,2025-04-25,2903.59,GBP
905530,105496,2025-06-26,3029.61,EUR
905531,105496,2025-07-21,2386.88,EUR
905532,105497,2025-06-26,4921.57,GBP
905533,105498,2025-07-14,12110.98,EUR
905534,105499,2025-09-04,3472.17,GBP
905535,105500,2025-10-29,5757.73,GBP
905536,105501,2025-09-12,8086.89,GBP
905537,105502,2025-10-29,9971.58,GBP
905538,105505,2026-01-07,13679.35,GBP
905539,105506,2026-01-01,2075.06,GBP
905540,105506,2026-02-13,1703.58,GBP
905541,105507,2025-12-03,5899.01,EUR
905542,105508,2026-01-25,3009.34,GBP
905543,105509,2026-01-06,5473.53,EUR
905544,105511,2026-03-17,3449.46,GBP
905545,105513,2026-05-15,18213.14,EUR
905546,105514,2026-06-30,7513.00,EUR
905547,105515,2026-07-22,6038.19,GBP
905548,105516,2026-09-11,6770.49,EUR
905549,105517,2026-06-08,5470.14,GBP
905550,105518,2026-08-03,4053.03,EUR
905551,105520,2025-03-10,37197.93,GBP
905552,105521,2025-04-13,25022.84,GBP
905553,105523,2025-06-07,24382.95,GBP
905554,105524,2025-03-30,14584.48,GBP
905555,105526,2025-05-09,82514.14,GBP
905556,105527,2025-05-01,13407.82,GBP
905557,105528,2025-06-20,36269.84,GBP
905558,105529,2025-06-24,24321.29,GBP
905559,105530,2025-06-13,9472.42,GBP
905560,105530,2025-07-16,6943.86,GBP
905561,105531,2025-09-03,34629.32,GBP
905562,105532,2025-09-23,25729.25,GBP
905563,105533,2025-08-11,22828.75,GBP
905564,105534,2025-06-04,26685.82,GBP
905565,105535,2025-08-03,43044.11,GBP
905566,105536,2025-06-15,43343.49,GBP
905567,105537,2025-08-04,16661.14,GBP
905568,105538,2025-07-29,19799.94,GBP
905569,105539,2025-09-30,51019.84,GBP
905570,105540,2025-08-26,13830.57,GBP
905571,105542,2025-10-11,32903.31,GBP
905572,105543,2025-07-24,17080.85,GBP
905573,105544,2025-11-06,17012.75,GBP
905574,105545,2025-10-31,47205.02,GBP
905575,105547,2025-11-22,32918.05,GBP
905576,105548,2025-09-11,39441.76,GBP
905577,105548,2025-09-29,33985.15,GBP
905578,105549,2026-01-11,28033.90,GBP
905579,105550,2025-11-08,53470.66,GBP
905580,105551,2025-11-12,17229.02,GBP
905581,105552,2025-10-29,24480.64,GBP
905582,105552,2025-12-02,50126.49,GBP
905583,105553,2026-01-17,38791.81,GBP
905584,105554,2026-01-11,23141.13,GBP
905585,105555,2026-02-18,29799.45,GBP
905586,105556,2026-02-02,34748.81,GBP
905587,105557,2026-03-01,27151.76,GBP
905588,105558,2026-02-03,15451.48,GBP
905589,105559,2026-02-05,35632.89,GBP
905590,105560,2026-03-10,30759.92,GBP
905591,105561,2026-01-28,17824.58,GBP
905592,105562,2026-02-14,42006.50,GBP
905593,105563,2026-03-22,34557.89,GBP
905594,105564,2026-04-24,18048.52,GBP
905595,105564,2026-06-03,21033.26,GBP
905596,105565,2026-03-04,59574.44,GBP
905597,105567,2026-06-20,34791.56,GBP
905598,105568,2026-05-17,35201.28,GBP
905599,105569,2026-08-02,33290.19,GBP
905600,105570,2026-09-05,29549.68,GBP
905601,105571,2026-06-26,15832.90,GBP
905602,105582,2024-11-18,1014.55,GBP
905603,105582,2024-12-27,1568.75,GBP
905604,105583,2025-02-04,1392.20,GBP
905605,105584,2025-01-29,1168.80,GBP
905606,105585,2025-03-07,852.11,GBP
905607,105586,2025-06-10,2131.20,GBP
905608,105587,2025-10-06,1262.82,GBP
905609,105588,2025-10-18,1489.91,GBP
905610,105589,2025-11-08,1388.10,GBP
905611,105590,2026-01-01,441.27,GBP
905612,105591,2025-12-08,3056.92,GBP
905613,105592,2026-05-14,1425.36,GBP
905614,105593,2026-08-01,3620.26,GBP
905615,105594,2026-09-01,2027.35,GBP
905616,105595,2024-12-14,983.13,GBP
905617,105596,2025-02-27,935.45,EUR
905618,105597,2025-03-20,2591.10,EUR
905619,105598,2025-09-12,1816.24,EUR
905620,105599,2025-11-21,1075.87,EUR
905621,105600,2026-01-08,4777.54,GBP
905622,105601,2026-07-04,1775.59,EUR
905623,105602,2026-07-14,580.98,EUR
905624,105603,2024-11-22,1638.81,GBP
905625,105604,2024-12-19,472.33,GBP
905626,105604,2025-01-23,464.51,GBP
905627,105605,2025-01-11,483.66,GBP
905628,105605,2025-02-07,497.09,GBP
905629,105606,2025-06-28,1432.94,GBP
905630,105607,2025-07-07,859.15,GBP
905631,105608,2025-09-13,375.61,GBP
905632,105609,2025-12-07,1535.12,GBP
905633,105610,2026-01-29,1557.78,GBP
905634,105611,2026-04-29,829.25,GBP
905635,105612,2026-06-07,1761.50,GBP
905636,105614,2024-12-05,747.22,GBP
905637,105615,2025-08-26,2562.03,EUR
905638,105616,2025-11-04,1337.62,EUR
905639,105617,2025-03-15,498.33,GBP
905640,105618,2025-05-08,2315.66,GBP
905641,105619,2025-08-28,1894.45,GBP
905642,105620,2026-01-22,1269.68,GBP
905643,105621,2025-02-13,1280.82,EUR
905644,105622,2025-02-21,1375.57,GBP
905645,105624,2026-02-14,1717.46,EUR
905646,105625,2026-08-20,1802.50,EUR
905647,105626,2026-07-17,1539.11,EUR
905648,105629,2024-12-23,37478.37,GBP
905649,105630,2024-12-17,29330.39,GBP
905650,105631,2024-12-14,19455.72,GBP
905651,105632,2024-12-17,14818.94,GBP
905652,105632,2025-01-08,23754.84,GBP
905653,105633,2025-02-06,39546.57,GBP
905654,105634,2025-02-02,28255.05,GBP
905655,105635,2025-01-29,34779.08,GBP
905656,105636,2025-02-08,25514.54,GBP
905657,105636,2025-03-11,19098.44,GBP
905658,105637,2025-02-13,31814.19,GBP
905659,105638,2025-02-17,66394.15,GBP
905660,105639,2025-03-03,17745.86,GBP
905661,105640,2025-02-14,28173.37,GBP
905662,105641,2025-03-14,25380.19,GBP
905663,105642,2025-03-28,28763.86,GBP
905664,105643,2025-04-03,34116.04,GBP
905665,105644,2025-04-05,13214.63,GBP
905666,105645,2025-03-06,23431.25,GBP
905667,105646,2025-03-26,19007.48,GBP
905668,105647,2025-04-23,20934.46,GBP
905669,105648,2025-04-09,41075.72,GBP
905670,105649,2025-04-13,48398.46,GBP
905671,105650,2025-05-05,22135.83,GBP
905672,105651,2025-06-28,35757.61,GBP
905673,105652,2025-06-17,18434.60,GBP
905674,105653,2025-06-14,25538.28,GBP
905675,105654,2025-07-18,16855.85,GBP
905676,105655,2025-07-18,26205.12,GBP
905677,105656,2025-07-30,65056.82,GBP
905678,105657,2025-07-18,12837.51,GBP
905679,105658,2025-08-08,14899.58,GBP
905680,105659,2025-07-27,19526.85,GBP
905681,105660,2025-08-07,29792.21,GBP
905682,105661,2025-08-20,17018.42,GBP
905683,105661,2025-10-06,34359.34,GBP
905684,105662,2025-08-11,17635.64,GBP
905685,105663,2025-09-13,27818.57,GBP
905686,105664,2025-09-27,19346.59,GBP
905687,105665,2025-08-28,14226.44,GBP
905688,105666,2025-10-29,64405.14,GBP
905689,105667,2025-11-01,42044.77,GBP
905690,105668,2025-11-20,36934.55,GBP
905691,105669,2025-12-10,26159.62,GBP
905692,105670,2025-11-13,45746.47,GBP
905693,105671,2025-11-17,23932.45,GBP
905694,105672,2025-12-11,12022.81,GBP
905695,105672,2026-01-21,16321.98,GBP
905696,105673,2025-12-17,19100.84,GBP
905697,105674,2025-12-16,67377.72,GBP
905698,105675,2025-12-24,15376.03,GBP
905699,105676,2025-12-21,84618.71,GBP
905700,105677,2025-12-19,40112.11,GBP
905701,105678,2025-12-24,59674.61,GBP
905702,105679,2026-01-22,14027.14,GBP
905703,105679,2026-02-26,9393.97,GBP
905704,105680,2026-01-13,35134.18,GBP
905705,105681,2025-12-29,40476.31,GBP
905706,105682,2026-01-27,37338.59,GBP
905707,105683,2026-01-17,44965.16,GBP
905708,105684,2026-02-13,33716.82,GBP
905709,105684,2026-03-13,35594.85,GBP
905710,105685,2026-02-06,41985.67,GBP
905711,105686,2026-02-01,13320.54,GBP
905712,105686,2026-03-21,14762.75,GBP
905713,105687,2026-02-27,47184.76,GBP
905714,105688,2026-03-31,33036.90,GBP
905715,105688,2026-05-04,29610.80,GBP
905716,105689,2026-03-01,43974.22,GBP
905717,105690,2026-04-08,51076.38,GBP
905718,105691,2026-05-31,26261.37,GBP
905719,105692,2026-05-12,66071.33,GBP
905720,105693,2026-05-19,14507.97,GBP
905721,105693,2026-07-02,19610.20,GBP
905722,105694,2026-05-13,14543.73,GBP
905723,105695,2026-06-16,10115.09,GBP
905724,105696,2026-06-13,30188.78,GBP
905725,105697,2026-06-20,24242.23,GBP
905726,105698,2026-07-10,27158.05,GBP
905727,105699,2026-07-06,12768.70,GBP
905728,105699,2026-08-01,17671.09,GBP
905729,105700,2026-08-13,23958.31,GBP
905730,105701,2026-09-25,12150.38,GBP
905731,105703,2026-09-06,6862.01,GBP
905732,105703,2026-09-18,15494.09,GBP
905733,105704,2026-09-21,23408.15,GBP
905734,105707,2026-09-27,24844.03,GBP
905735,105710,2024-11-21,667.87,GBP
905736,105711,2025-03-27,647.38,GBP
905737,105711,2025-04-20,721.98,GBP
905738,105712,2025-03-08,3827.05,GBP
905739,105713,2025-05-17,776.53,GBP
905740,105714,2025-07-04,871.28,GBP
905741,105715,2025-07-25,1205.32,GBP
905742,105716,2025-08-30,922.13,GBP
905743,105717,2025-08-14,953.40,GBP
905744,105718,2025-11-28,784.70,GBP
905745,105719,2025-12-13,350.84,GBP
905746,105720,2025-12-02,2459.34,GBP
905747,105721,2026-02-04,510.42,GBP
905748,105721,2026-03-02,971.37,GBP
905749,105722,2026-06-09,1455.59,GBP
905750,105723,2026-06-19,1174.15,GBP
905751,105724,2025-02-22,18661.64,GBP
905752,105725,2025-02-27,3211.89,EUR
905753,105726,2025-02-02,4348.75,GBP
905754,105727,2025-02-13,11644.55,GBP
905755,105728,2025-02-25,5859.43,EUR
905756,105729,2025-04-04,10012.73,EUR
905757,105730,2025-03-17,7331.82,GBP
905758,105731,2025-03-01,11553.06,EUR
905759,105732,2025-06-24,890.26,EUR
905760,105732,2025-08-09,1004.57,EUR
905761,105733,2025-06-07,6314.12,EUR
905762,105734,2025-08-15,4716.43,EUR
905763,105735,2025-08-27,4675.89,GBP
905764,105736,2025-09-24,4298.08,GBP
905765,105737,2025-11-18,4518.76,EUR
905766,105738,2025-12-11,8105.38,GBP
905767,105739,2025-12-30,13047.64,EUR
905768,105740,2026-01-15,13407.17,EUR
905769,105741,2026-01-11,6369.47,EUR
905770,105742,2026-01-25,9028.22,EUR
905771,105743,2026-03-12,14039.81,EUR
905772,105744,2026-01-27,5672.44,EUR
905773,105745,2026-03-10,10183.84,EUR
905774,105746,2026-04-21,5965.75,EUR
905775,105747,2026-04-11,11280.22,EUR
905776,105748,2026-05-25,11858.04,GBP
905777,105749,2026-05-12,10158.65,GBP
905778,105750,2026-06-30,5466.10,EUR
905779,105751,2026-08-23,4161.43,EUR
905780,105752,2026-09-10,7662.16,EUR
905781,105753,2026-09-13,1759.98,GBP
905782,105755,2024-11-22,2467.53,EUR
905783,105755,2025-01-05,2770.43,EUR
905784,105756,2024-11-26,8226.70,GBP
905785,105757,2024-12-02,6395.50,GBP
905786,105758,2024-12-29,5139.64,EUR
905787,105759,2025-01-01,19784.84,EUR
905788,105760,2025-01-15,15016.45,EUR
905789,105761,2025-03-24,2685.08,EUR
905790,105762,2025-03-11,3920.08,GBP
905791,105762,2025-03-24,6134.26,GBP
905792,105763,2025-04-23,20989.64,EUR
905793,105764,2025-04-26,4628.23,GBP
905794,105765,2025-05-19,11846.71,GBP
905795,105766,2025-05-26,5447.85,EUR
905796,105767,2025-06-30,7610.29,EUR
905797,105768,2025-08-20,5491.36,EUR
905798,105769,2025-09-19,6369.65,GBP
905799,105770,2025-09-04,12739.54,GBP
905800,105771,2025-11-08,7010.20,GBP
905801,105772,2025-12-20,13794.45,GBP
905802,105773,2025-12-29,5193.29,GBP
905803,105774,2026-05-03,6621.65,GBP
905804,105775,2026-04-21,3442.06,EUR
905805,105775,2026-05-31,8013.23,EUR
905806,105776,2026-07-23,11059.19,GBP
905807,105777,2026-09-21,6254.38,EUR
905808,105783,2025-04-07,2975.46,GBP
905809,105784,2025-12-06,463.22,GBP
905810,105784,2025-12-25,589.10,GBP
905811,105785,2025-11-25,497.41,GBP
905812,105786,2026-03-16,368.71,GBP
905813,105786,2026-03-26,281.34,GBP
905814,105787,2026-05-04,299.44,GBP
905815,105787,2026-06-12,490.53,GBP
905816,105789,2024-12-17,1452.72,EUR
905817,105790,2025-02-19,1811.98,EUR
905818,105791,2025-08-15,2110.54,EUR
905819,105792,2026-01-05,385.17,GBP
905820,105793,2026-03-16,146.09,GBP
905821,105793,2026-04-21,190.24,GBP
905822,105794,2026-05-02,765.91,EUR
905823,105795,2026-04-19,704.97,EUR
905824,105796,2026-06-03,719.80,EUR
905825,105797,2026-07-02,1849.41,EUR
905826,105798,2026-08-11,4296.26,GBP
905827,105799,2025-02-21,8402.99,GBP
905828,105800,2025-01-22,9419.11,GBP
905829,105801,2025-01-28,5483.72,GBP
905830,105802,2025-04-03,11251.02,GBP
905831,105803,2025-06-28,4053.01,GBP
905832,105804,2025-06-02,1748.29,EUR
905833,105805,2025-10-12,3964.97,GBP
905834,105806,2025-11-15,10554.76,GBP
905835,105807,2025-10-28,6104.95,GBP
905836,105808,2025-12-25,14419.42,GBP
905837,105809,2026-01-14,4505.13,EUR
905838,105810,2026-02-06,3946.53,EUR
905839,105811,2026-03-24,6161.87,GBP
905840,105812,2026-02-05,5560.64,GBP
905841,105812,2026-03-23,4040.48,GBP
905842,105813,2026-04-15,2854.42,GBP
905843,105815,2026-04-09,4091.09,GBP
905844,105816,2026-07-03,2552.18,GBP
905845,105816,2026-07-15,5663.46,GBP
905846,105817,2026-09-10,26509.96,GBP
905847,105821,2024-11-23,2350.77,GBP
905848,105822,2025-04-18,1532.46,GBP
905849,105823,2025-06-03,2545.66,GBP
905850,105824,2025-06-22,417.45,GBP
905851,105825,2025-08-22,494.07,GBP
905852,105826,2025-08-19,1300.76,GBP
905853,105827,2025-08-09,1926.67,GBP
905854,105828,2025-12-29,868.64,GBP
905855,105830,2026-04-16,2837.30,GBP
905856,105831,2026-06-01,928.72,GBP
905857,105832,2026-06-07,652.84,GBP
905858,105833,2026-08-30,492.22,GBP
905859,105835,2024-11-11,25190.44,GBP
905860,105836,2024-11-09,30101.20,GBP
905861,105837,2024-12-01,32786.26,GBP
905862,105838,2025-01-06,51362.60,GBP
905863,105839,2025-01-04,44311.64,GBP
905864,105840,2025-01-06,31810.94,GBP
905865,105841,2025-02-12,40443.74,GBP
905866,105842,2025-03-09,34245.65,GBP
905867,105843,2025-03-28,33549.97,GBP
905868,105844,2025-03-25,21250.00,GBP
905869,105844,2025-04-22,28137.90,GBP
905870,105845,2025-03-08,12002.87,GBP
905871,105845,2025-03-20,16593.13,GBP
905872,105846,2025-03-15,55042.20,GBP
905873,105847,2025-03-19,49249.52,GBP
905874,105848,2025-03-10,19469.04,GBP
905875,105849,2025-04-26,23729.81,GBP
905876,105850,2025-04-13,14930.37,GBP
905877,105851,2025-04-30,8020.74,GBP
905878,105851,2025-05-26,18519.64,GBP
905879,105852,2025-03-23,30320.26,GBP
905880,105853,2025-05-01,21928.15,GBP
905881,105854,2025-05-03,23439.28,GBP
905882,105855,2025-05-23,27640.95,GBP
905883,105856,2025-06-23,45384.81,GBP
905884,105857,2025-07-14,17740.61,GBP
905885,105857,2025-08-10,20936.29,GBP
905886,105858,2025-08-05,30469.44,GBP
905887,105859,2025-07-28,32724.21,GBP
905888,105860,2025-08-28,10223.44,GBP
905889,105861,2025-09-08,6211.71,GBP
905890,105861,2025-10-25,5273.24,GBP
905891,105862,2025-10-17,21999.49,GBP
905892,105863,2025-11-08,39057.56,GBP
905893,105864,2025-10-04,31412.69,GBP
905894,105865,2025-11-17,36428.52,GBP
905895,105866,2025-11-18,8167.29,GBP
905896,105867,2025-11-22,44725.15,GBP
905897,105868,2025-12-01,33352.15,GBP
905898,105869,2025-10-29,27240.73,GBP
905899,105870,2025-12-09,16336.93,GBP
905900,105871,2026-01-02,45913.13,GBP
905901,105872,2025-12-13,48896.59,GBP
905902,105873,2026-01-02,27540.07,GBP
905903,105874,2025-12-03,34877.08,GBP
905904,105875,2025-12-07,4723.17,GBP
905905,105875,2025-12-19,4338.57,GBP
905906,105876,2025-12-19,27504.81,GBP
905907,105877,2025-12-15,37401.67,GBP
905908,105878,2026-01-10,15723.35,GBP
905909,105878,2026-01-24,17384.40,GBP
905910,105879,2026-01-24,64878.08,GBP
905911,105880,2026-02-10,28577.96,GBP
905912,105881,2026-02-15,20946.15,GBP
905913,105882,2026-01-30,21903.67,GBP
905914,105883,2026-02-21,34090.67,GBP
905915,105884,2026-03-20,42230.00,GBP
905916,105885,2026-03-08,42012.65,GBP
905917,105886,2026-03-21,16006.67,GBP
905918,105886,2026-04-05,14588.28,GBP
905919,105887,2026-05-13,51741.68,GBP
905920,105888,2026-05-27,28831.97,GBP
905921,105889,2026-05-12,20372.80,GBP
905922,105890,2026-05-22,21983.54,GBP
905923,105891,2026-06-26,24328.81,GBP
905924,105892,2026-06-12,45376.91,GBP
905925,105893,2026-06-07,29031.39,GBP
905926,105894,2026-07-04,47381.17,GBP
905927,105895,2026-07-16,27515.17,GBP
905928,105896,2026-07-25,22521.60,GBP
905929,105897,2026-07-25,24789.69,GBP
905930,105898,2026-08-10,63709.83,GBP
905931,105899,2026-09-07,33554.37,GBP
905932,105900,2026-09-14,17741.29,GBP
905933,105901,2026-09-14,18449.05,GBP
905934,105902,2026-09-11,24879.17,GBP
905935,105903,2026-09-11,28885.09,GBP
905936,105908,2024-12-19,471.80,GBP
905937,105909,2025-05-03,989.44,GBP
905938,105912,2024-11-21,11161.96,GBP
905939,105913,2024-12-17,9114.06,GBP
905940,105914,2025-01-31,4275.79,GBP
905941,105915,2025-01-23,7115.71,GBP
905942,105916,2024-12-31,6655.65,GBP
905943,105917,2025-05-06,3888.76,GBP
905944,105918,2025-05-12,4954.41,GBP
905945,105919,2025-05-10,7934.57,GBP
905946,105920,2025-06-08,3439.07,GBP
905947,105921,2025-10-06,9652.42,GBP
905948,105922,2025-12-25,2824.05,GBP
905949,105923,2025-11-16,5848.43,GBP
905950,105924,2025-12-13,4341.96,GBP
905951,105925,2026-01-31,4647.96,GBP
905952,105926,2026-04-01,14870.51,GBP
905953,105927,2026-03-29,6226.64,GBP
905954,105928,2026-05-22,3699.67,GBP
905955,105928,2026-06-09,4812.29,GBP
905956,105929,2026-06-27,4337.46,GBP
905957,105930,2026-05-25,6908.33,GBP
905958,105931,2026-08-07,7243.54,GBP
905959,105932,2026-08-10,6422.99,GBP
905960,105933,2026-08-19,4138.23,GBP
905961,105934,2026-07-27,3916.49,GBP
905962,105935,2026-09-07,17898.35,GBP
905963,105939,2024-12-02,4595.31,EUR
905964,105940,2024-11-18,8580.70,GBP
905965,105941,2025-01-01,10538.58,GBP
905966,105942,2025-03-02,17396.10,GBP
905967,105943,2025-06-23,11711.00,GBP
905968,105944,2025-07-18,5884.25,GBP
905969,105945,2025-08-13,3280.70,GBP
905970,105946,2025-07-31,11042.04,GBP
905971,105947,2025-10-19,17777.95,EUR
905972,105948,2025-10-11,8779.15,GBP
905973,105949,2025-11-22,10490.75,GBP
905974,105950,2025-12-07,925.75,GBP
905975,105950,2025-12-25,1486.57,GBP
905976,105951,2026-03-06,10841.64,EUR
905977,105952,2026-01-29,7978.56,EUR
905978,105953,2026-04-22,2964.98,GBP
905979,105953,2026-05-17,4211.41,GBP
905980,105954,2026-05-04,13968.57,EUR
905981,105955,2026-06-27,8568.92,EUR
905982,105956,2026-07-12,2641.14,GBP
905983,105957,2026-09-07,2579.97,GBP
905984,105958,2026-08-18,7082.92,EUR
905985,105959,2026-07-31,8586.41,GBP
905986,105960,2026-09-08,4078.37,GBP
905987,105965,2025-01-17,646.10,GBP
905988,105966,2024-12-24,1500.81,GBP
905989,105967,2025-06-02,1337.63,GBP
905990,105968,2025-09-03,390.74,GBP
905991,105969,2025-11-30,617.89,GBP
905992,105970,2025-11-23,717.78,GBP
905993,105970,2026-01-04,698.90,GBP
905994,105971,2026-02-27,1336.35,GBP
905995,105972,2026-06-09,2848.94,GBP
905996,105973,2025-02-11,1000.69,EUR
905997,105974,2025-08-09,324.26,GBP
905998,105974,2025-08-24,606.75,GBP
905999,105975,2025-10-25,1619.88,EUR
906000,105976,2025-11-03,1261.63,EUR
906001,105977,2025-12-29,714.73,GBP
906002,105978,2025-01-06,18858.88,GBP
906003,105979,2025-01-10,18142.77,GBP
906004,105980,2025-01-21,17625.32,GBP
906005,105981,2024-12-27,26392.40,GBP
906006,105982,2025-01-09,3637.96,GBP
906007,105982,2025-02-07,7826.31,GBP
906008,105983,2025-02-14,25512.20,GBP
906009,105984,2025-02-10,20782.44,GBP
906010,105984,2025-02-24,22896.40,GBP
906011,105985,2025-03-05,24262.32,GBP
906012,105986,2025-02-24,13124.03,GBP
906013,105987,2025-02-27,15872.98,GBP
906014,105988,2025-04-14,30567.30,GBP
906015,105989,2025-03-12,11216.65,GBP
906016,105989,2025-04-06,9659.97,GBP
906017,105990,2025-03-02,36540.77,GBP
906018,105991,2025-03-07,17264.26,GBP
906019,105992,2025-03-26,31920.85,GBP
906020,105993,2025-04-21,30611.62,GBP
906021,105994,2025-04-20,80638.85,GBP
906022,105995,2025-04-20,9811.50,GBP
906023,105995,2025-06-04,8295.12,GBP
906024,105996,2025-04-22,24163.16,GBP
906025,105997,2025-04-06,21598.20,GBP
906026,105998,2025-04-30,33982.26,GBP
906027,105999,2025-04-16,39755.46,GBP
906028,106000,2025-04-11,44271.35,GBP
906029,106001,2025-05-22,87086.59,GBP
906030,106002,2025-05-29,22032.29,GBP
906031,106003,2025-04-27,14250.83,GBP
906032,106004,2025-06-21,52976.79,GBP
906033,106005,2025-07-01,27176.90,GBP
906034,106006,2025-06-14,18306.03,GBP
906035,106007,2025-07-13,31445.99,GBP
906036,106008,2025-08-05,29308.26,GBP
906037,106009,2025-09-03,24078.33,GBP
906038,106010,2025-08-09,33261.05,GBP
906039,106011,2025-08-19,5470.05,GBP
906040,106011,2025-09-08,11362.93,GBP
906041,106012,2025-09-09,22720.39,GBP
906042,106013,2025-08-16,22307.60,GBP
906043,106013,2025-09-07,27551.00,GBP
906044,106014,2025-09-10,49837.70,GBP
906045,106015,2025-09-11,33265.95,GBP
906046,106016,2025-09-30,33969.88,GBP
906047,106017,2025-09-08,45690.07,GBP
906048,106018,2025-09-10,5353.44,GBP
906049,106018,2025-09-22,6897.99,GBP
906050,106019,2025-10-25,23844.80,GBP
906051,106020,2025-11-30,12039.78,GBP
906052,106020,2025-12-19,22287.40,GBP
906053,106021,2025-11-19,19260.43,GBP
906054,106022,2025-11-29,17682.19,GBP
906055,106022,2026-01-14,18678.16,GBP
906056,106023,2026-01-30,55769.43,GBP
906057,106024,2026-02-06,19182.03,GBP
906058,106025,2026-01-24,18197.00,GBP
906059,106026,2026-02-19,40323.67,GBP
906060,106027,2026-03-03,39531.27,GBP
906061,106028,2026-02-20,29194.48,GBP
906062,106029,2026-02-15,16600.24,GBP
906063,106029,2026-03-01,13753.32,GBP
906064,106030,2026-04-03,20446.61,GBP
906065,106031,2026-03-16,20967.96,GBP
906066,106032,2026-03-11,50188.29,GBP
906067,106033,2026-04-12,29051.06,GBP
906068,106034,2026-05-01,8368.11,GBP
906069,106034,2026-06-16,13620.41,GBP
906070,106035,2026-04-12,21022.18,GBP
906071,106036,2026-05-10,56130.69,GBP
906072,106037,2026-05-05,36527.46,GBP
906073,106038,2026-05-16,7687.83,GBP
906074,106038,2026-06-17,17331.89,GBP
906075,106039,2026-05-15,14524.41,GBP
906076,106039,2026-06-05,15357.33,GBP
906077,106040,2026-05-29,32860.27,GBP
906078,106041,2026-06-02,23233.51,GBP
906079,106042,2026-05-14,42933.23,GBP
906080,106043,2026-06-26,26504.34,GBP
906081,106044,2026-06-28,35282.43,GBP
906082,106045,2026-06-05,23780.95,GBP
906083,106046,2026-06-20,17778.46,GBP
906084,106046,2026-07-21,21380.32,GBP
906085,106047,2026-06-26,26904.79,GBP
906086,106048,2026-06-21,32186.70,GBP
906087,106049,2026-06-25,14089.49,GBP
906088,106049,2026-07-25,12363.43,GBP
906089,106050,2026-05-26,30220.14,GBP
906090,106051,2026-06-27,42270.05,GBP
906091,106052,2026-06-17,14445.76,GBP
906092,106052,2026-06-28,26144.88,GBP
906093,106053,2026-06-25,18690.69,GBP
906094,106054,2026-07-09,33779.32,GBP
906095,106055,2026-07-18,12797.24,GBP
906096,106056,2026-07-09,11815.41,GBP
906097,106056,2026-07-19,13353.18,GBP
906098,106057,2026-07-09,8109.88,GBP
906099,106057,2026-07-24,8393.55,GBP
906100,106058,2026-08-08,38327.18,GBP
906101,106059,2026-08-19,9247.81,GBP
906102,106059,2026-09-11,11105.99,GBP
906103,106060,2026-08-10,42829.58,GBP
906104,106061,2026-08-14,28208.95,GBP
906105,106062,2026-07-30,37865.90,GBP
906106,106063,2026-09-26,34280.21,GBP
906107,106064,2026-09-22,31221.89,GBP
906108,106065,2026-09-10,18649.99,GBP
906109,106066,2026-09-04,8280.73,GBP
906110,106066,2026-09-25,9620.39,GBP
906111,106074,2025-02-04,4285.40,GBP
906112,106075,2025-07-26,381.93,GBP
906113,106076,2025-08-15,1202.22,GBP
906114,106077,2025-12-09,544.48,GBP
906115,106078,2025-12-12,2298.03,GBP
906116,106079,2026-04-12,2827.11,GBP
906117,106080,2026-04-04,1268.50,GBP
906118,106081,2026-09-22,334.19,GBP
906119,106082,2024-12-27,1089.10,GBP
906120,106083,2025-05-18,600.27,GBP
906121,106083,2025-06-18,762.02,GBP
906122,106084,2025-08-23,419.03,GBP
906123,106084,2025-09-24,907.09,GBP
906124,106085,2026-05-05,464.05,GBP
906125,106086,2025-04-26,306.52,GBP
906126,106086,2025-05-08,552.68,GBP
906127,106087,2025-07-14,1205.14,GBP
906128,106088,2025-08-24,1618.50,GBP
906129,106089,2025-07-26,2460.78,GBP
906130,106090,2025-11-18,1186.72,GBP
906131,106091,2026-01-10,741.60,GBP
906132,106092,2026-05-07,749.17,GBP
906133,106096,2026-09-16,917.70,GBP
906134,106097,2026-08-17,792.57,GBP
906135,106099,2025-04-13,929.11,EUR
906136,106100,2025-06-26,1181.29,EUR
906137,106101,2026-08-06,1167.40,EUR
906138,106102,2026-09-12,584.62,GBP
906139,106105,2025-01-21,3770.21,EUR
906140,106106,2025-02-03,6780.51,GBP
906141,106107,2025-02-23,2419.67,GBP
906142,106107,2025-03-18,3741.45,GBP
906143,106108,2025-01-23,4931.83,GBP
906144,106109,2025-03-12,3794.98,EUR
906145,106109,2025-04-11,6429.00,EUR
906146,106110,2025-03-26,13431.94,GBP
906147,106111,2025-02-21,7207.38,GBP
906148,106112,2025-04-26,5106.98,EUR
906149,106113,2025-03-31,6085.70,EUR
906150,106114,2025-03-07,2955.29,GBP
906151,106114,2025-04-07,2787.71,GBP
906152,106115,2025-05-16,9064.64,EUR
906153,106117,2025-07-08,5983.50,EUR
906154,106118,2025-08-02,11162.46,GBP
906155,106119,2025-08-09,7903.06,EUR
906156,106120,2025-08-19,6745.96,EUR
906157,106121,2025-12-16,6755.12,GBP
906158,106122,2026-01-19,11854.72,GBP
906159,106123,2026-03-18,3050.54,EUR
906160,106124,2026-03-08,24168.16,GBP
906161,106125,2026-03-13,3772.35,EUR
906162,106126,2026-07-04,5728.57,GBP
906163,106127,2026-06-29,8042.43,EUR
906164,106128,2026-05-25,3672.15,EUR
906165,106129,2026-08-12,3115.74,GBP
906166,106130,2026-08-03,13284.22,EUR
906167,106131,2026-07-22,6079.62,GBP
906168,106134,2026-09-14,4301.16,EUR
906169,106141,2024-12-27,6644.11,GBP
906170,106142,2025-01-06,13072.12,GBP
906171,106143,2025-03-28,5245.24,GBP
906172,106144,2025-04-05,4744.51,GBP
906173,106145,2025-04-09,4665.29,GBP
906174,106146,2025-04-02,4338.82,GBP
906175,106147,2025-03-21,6713.34,GBP
906176,106148,2025-04-28,4639.21,GBP
906177,106149,2025-04-23,3745.24,GBP
906178,106150,2025-05-20,4818.37,GBP
906179,106151,2025-06-19,4112.21,GBP
906180,106152,2025-06-11,6614.06,GBP
906181,106153,2025-08-09,7724.43,GBP
906182,106154,2025-10-05,3256.55,GBP
906183,106155,2025-10-02,5260.10,GBP
906184,106156,2025-11-15,3459.94,GBP
906185,106157,2025-10-31,5992.56,GBP
906186,106158,2025-11-26,4341.93,GBP
906187,106159,2025-12-12,2169.66,GBP
906188,106160,2025-12-20,24589.26,GBP
906189,106161,2025-12-26,1990.04,GBP
906190,106162,2026-01-08,3142.32,GBP
906191,106163,2026-01-24,5180.68,GBP
906192,106164,2026-03-31,5507.43,GBP
906193,106165,2026-04-07,3471.06,GBP
906194,106165,2026-04-17,5111.52,GBP
906195,106166,2026-03-26,5096.85,GBP
906196,106167,2026-04-17,16884.10,GBP
906197,106168,2026-04-23,7495.69,GBP
906198,106169,2026-09-13,2640.15,GBP
906199,106169,2026-09-27,4806.60,GBP
906200,106170,2026-09-11,7057.64,GBP
906201,106172,2025-03-15,785.91,GBP
906202,106173,2025-12-02,720.81,EUR
906203,106174,2026-02-03,2017.94,GBP
906204,106177,2024-10-29,3241.67,GBP
906205,106178,2024-11-19,6770.28,GBP
906206,106179,2024-11-30,5987.96,GBP
906207,106180,2025-03-21,3001.56,GBP
906208,106181,2025-04-17,9932.77,GBP
906209,106182,2025-04-22,10371.71,GBP
906210,106183,2025-04-07,2657.89,GBP
906211,106183,2025-05-20,3674.71,GBP
906212,106184,2025-04-21,4758.50,GBP
906213,106185,2025-03-30,14857.93,GBP
906214,106186,2025-05-07,6663.63,GBP
906215,106187,2025-05-18,5745.65,GBP
906216,106188,2025-06-11,2451.32,GBP
906217,106189,2025-09-15,6838.32,GBP
906218,106190,2025-11-14,7850.32,GBP
906219,106191,2025-11-23,3961.79,GBP
906220,106192,2025-12-27,12869.06,GBP
906221,106193,2026-01-07,14206.34,GBP
906222,106194,2026-03-02,6887.04,GBP
906223,106195,2026-04-08,5690.88,GBP
906224,106196,2026-08-17,3429.04,GBP
906225,106196,2026-09-25,6696.64,GBP
906226,106197,2026-08-23,4672.77,GBP
906227,106198,2026-09-24,8904.87,GBP
906228,106199,2025-01-22,800.24,GBP
906229,106200,2025-01-28,763.17,GBP
906230,106201,2025-07-11,972.17,GBP
906231,106202,2025-07-26,899.70,GBP
906232,106203,2026-04-20,3331.62,GBP
906233,106204,2026-08-31,1738.23,GBP
906234,106205,2025-05-22,2590.04,GBP
906235,106206,2025-08-03,1261.04,EUR
906236,106207,2025-09-10,1600.19,EUR
906237,106208,2025-11-22,3850.03,GBP
906238,106209,2025-12-18,2577.31,GBP
906239,106210,2026-03-08,2210.91,EUR
906240,106211,2026-03-19,666.02,EUR
906241,106212,2026-04-10,259.03,EUR
906242,106212,2026-05-11,290.29,EUR
906243,106213,2026-04-30,1791.20,GBP
906244,106214,2026-08-16,539.94,GBP
906245,106215,2026-08-02,2240.16,EUR
906246,106216,2026-09-23,1187.92,GBP
906247,106217,2025-03-18,924.86,GBP
906248,106218,2025-03-08,990.22,GBP
906249,106219,2025-07-29,1258.22,GBP
906250,106220,2025-10-01,929.99,GBP
906251,106221,2025-10-19,4205.84,GBP
906252,106222,2026-01-21,2094.21,GBP
906253,106223,2025-12-28,526.88,GBP
906254,106224,2026-04-02,916.94,GBP
906255,106225,2026-05-26,571.19,GBP
906256,106225,2026-07-10,652.23,GBP
906257,106226,2026-08-28,1351.05,GBP
906258,106227,2024-12-03,52632.96,EUR
906259,106228,2024-12-17,10512.57,GBP
906260,106229,2024-12-20,35213.40,EUR
906261,106230,2024-12-19,19010.64,GBP
906262,106231,2024-12-21,32158.48,GBP
906263,106232,2024-12-03,16878.79,GBP
906264,106233,2024-11-29,36351.32,EUR
906265,106234,2025-01-08,41680.06,GBP
906266,106235,2025-01-13,45178.59,GBP
906267,106236,2025-01-27,14458.72,GBP
906268,106237,2025-02-21,21572.78,GBP
906269,106238,2025-03-09,19358.38,EUR
906270,106239,2025-03-26,17701.01,GBP
906271,106240,2025-03-17,12450.58,GBP
906272,106240,2025-04-04,19643.06,GBP
906273,106241,2025-04-18,27154.38,GBP
906274,106242,2025-04-10,21886.33,EUR
906275,106243,2025-05-27,30081.68,GBP
906276,106244,2025-05-04,31117.35,GBP
906277,106245,2025-05-22,12794.40,GBP
906278,106246,2025-06-17,25196.97,EUR
906279,106247,2025-05-27,25456.15,GBP
906280,106248,2025-06-09,28302.06,GBP
906281,106249,2025-06-10,26147.14,EUR
906282,106250,2025-06-29,49278.12,GBP
906283,106251,2025-06-26,4879.07,GBP
906284,106251,2025-07-07,8488.13,GBP
906285,106252,2025-07-20,31618.97,GBP
906286,106253,2025-08-14,13531.52,GBP
906287,106254,2025-07-16,28737.03,GBP
906288,106255,2025-07-24,34926.93,GBP
906289,106256,2025-07-24,45551.46,GBP
906290,106257,2025-08-07,73072.21,GBP
906291,106258,2025-09-19,95923.24,EUR
906292,106259,2025-10-21,50794.47,GBP
906293,106260,2025-09-14,34889.22,GBP
906294,106261,2025-11-06,17197.89,EUR
906295,106262,2025-11-21,50077.81,GBP
906296,106263,2025-12-10,18488.22,GBP
906297,106264,2025-12-21,31375.68,GBP
906298,106265,2025-12-07,16476.52,GBP
906299,106266,2025-11-30,46538.18,GBP
906300,106267,2025-12-22,14851.63,GBP
906301,106268,2025-11-23,14295.81,EUR
906302,106269,2025-12-14,50092.53,EUR
906303,106270,2025-12-04,41281.68,GBP
906304,106271,2025-12-16,39913.36,GBP
906305,106272,2025-12-23,11242.10,GBP
906306,106272,2026-02-10,15480.01,GBP
906307,106273,2025-12-29,19068.27,EUR
906308,106274,2025-12-02,28774.95,GBP
906309,106275,2026-02-24,41742.58,GBP
906310,106276,2026-01-31,40408.05,EUR
906311,106277,2026-02-10,28377.95,EUR
906312,106278,2026-03-05,26420.14,EUR
906313,106279,2026-01-17,29753.82,EUR
906314,106280,2026-04-06,32289.54,EUR
906315,106280,2026-04-29,31978.11,EUR
906316,106281,2026-03-06,20418.00,GBP
906317,106281,2026-04-05,42051.23,GBP
906318,106282,2026-03-06,41978.74,GBP
906319,106283,2026-03-11,27399.87,EUR
906320,106284,2026-03-29,25432.75,EUR
906321,106285,2026-04-10,23572.56,EUR
906322,106286,2026-02-28,21360.20,GBP
906323,106287,2026-03-26,31208.08,GBP
906324,106288,2026-04-19,19822.26,GBP
906325,106289,2026-04-21,24328.98,EUR
906326,106290,2026-03-31,40275.16,GBP
906327,106291,2026-03-31,35891.47,EUR
906328,106292,2026-04-02,24610.76,EUR
906329,106293,2026-05-18,31368.91,GBP
906330,106294,2026-06-14,15801.42,GBP
906331,106295,2026-07-09,47314.14,EUR
906332,106296,2026-07-03,22518.51,GBP
906333,106297,2026-08-16,30405.06,GBP
906334,106298,2026-08-15,26959.32,GBP
906335,106299,2026-08-13,24530.23,GBP
906336,106299,2026-09-24,35670.98,GBP
906337,106300,2026-08-10,82877.34,GBP
906338,106301,2026-08-18,21788.84,EUR
906339,106302,2026-09-20,8521.84,GBP
906340,106303,2026-09-06,41025.73,GBP
906341,106304,2026-09-19,27369.62,GBP
906342,106305,2026-09-05,19048.30,EUR
906343,106306,2026-09-20,23342.95,EUR
906344,106306,2026-09-30,34038.64,EUR
906345,106308,2026-09-10,22760.44,GBP
906346,106309,2026-09-15,16212.23,EUR
906347,106312,2026-09-29,9595.04,GBP
906348,106319,2024-12-15,1228.57,EUR
906349,106320,2024-12-21,2311.59,EUR
906350,106321,2025-02-06,3352.99,EUR
906351,106322,2025-06-11,2302.74,GBP
906352,106323,2025-07-08,1590.36,EUR
906353,106324,2025-09-17,1090.03,GBP
906354,106324,2025-10-05,1316.06,GBP
906355,106325,2026-01-27,524.96,EUR
906356,106326,2026-03-03,3660.83,GBP
906357,106327,2026-05-03,1256.07,EUR
906358,106328,2026-07-21,607.18,EUR
906359,106331,2025-01-18,492.05,EUR
906360,106332,2025-07-17,1072.65,EUR
906361,106333,2025-07-23,1717.57,GBP
906362,106334,2025-12-29,556.30,EUR
906363,106335,2026-01-17,817.33,EUR
906364,106336,2026-04-11,764.17,EUR
906365,106337,2026-05-03,1149.53,EUR
906366,106338,2026-08-29,1791.05,EUR
906367,106342,2025-03-20,812.09,GBP
906368,106343,2025-06-21,3438.70,GBP
906369,106344,2025-08-22,2330.83,GBP
906370,106345,2025-11-21,2206.22,GBP
906371,106346,2026-01-24,4710.15,GBP
906372,106347,2026-02-13,871.49,GBP
906373,106348,2026-03-13,856.88,GBP
906374,106349,2026-05-02,3170.00,GBP
906375,106350,2026-07-20,2155.62,GBP
906376,106351,2026-07-23,1261.87,GBP
906377,106351,2026-08-26,877.95,GBP
906378,106355,2025-01-12,11090.28,GBP
906379,106356,2025-02-02,10649.97,GBP
906380,106357,2025-04-17,22512.96,GBP
906381,106358,2025-04-24,8101.72,GBP
906382,106359,2025-03-26,4618.61,GBP
906383,106360,2025-06-15,7616.95,GBP
906384,106361,2025-05-25,10971.05,GBP
906385,106362,2025-08-20,5548.33,GBP
906386,106362,2025-10-08,3815.44,GBP
906387,106363,2025-08-19,11854.57,GBP
906388,106364,2025-08-23,9270.82,GBP
906389,106365,2025-09-04,7711.43,GBP
906390,106366,2025-10-06,4119.69,GBP
906391,106367,2025-10-04,15212.91,GBP
906392,106368,2025-12-08,6845.04,GBP
906393,106369,2025-11-29,4134.35,GBP
906394,106370,2026-02-04,7935.40,GBP
906395,106371,2026-04-22,12405.46,GBP
906396,106372,2026-05-05,3575.06,GBP
906397,106373,2026-05-19,4413.83,GBP
906398,106374,2026-05-27,5711.55,GBP
906399,106375,2026-06-11,10990.24,GBP
906400,106376,2026-06-19,8395.61,GBP
906401,106377,2026-08-25,7154.71,GBP
906402,106378,2026-07-26,9157.06,GBP
906403,106381,2024-12-30,5735.10,GBP
906404,106382,2025-05-26,1223.69,EUR
906405,106384,2026-01-06,1322.29,GBP
906406,106385,2026-03-01,1494.78,GBP
906407,106386,2026-03-21,2305.07,EUR
906408,106387,2026-06-20,2006.41,GBP
906409,106388,2026-07-20,2642.89,EUR
906410,106389,2026-07-14,463.35,EUR
906411,106389,2026-08-26,688.12,EUR
906412,106390,2026-08-29,599.83,EUR
906413,106391,2025-02-21,670.30,GBP
906414,106392,2025-06-12,1196.53,GBP
906415,106393,2025-07-12,467.79,GBP
906416,106394,2025-11-22,1399.22,GBP
906417,106395,2026-01-15,801.83,GBP
906418,106396,2026-01-24,1609.37,GBP
906419,106397,2026-03-16,1641.63,GBP
906420,106398,2026-04-01,644.86,GBP
906421,106399,2026-05-25,1711.62,GBP
906422,106400,2026-08-24,2665.69,GBP
906423,106402,2025-01-17,10515.23,GBP
906424,106403,2025-01-10,4694.28,GBP
906425,106404,2024-12-21,11020.80,GBP
906426,106405,2024-12-17,1180.82,GBP
906427,106405,2025-02-04,1600.14,GBP
906428,106406,2025-01-06,8706.26,GBP
906429,106407,2025-04-15,5653.91,GBP
906430,106407,2025-05-23,3939.36,GBP
906431,106408,2025-04-15,8383.01,GBP
906432,106409,2025-04-21,9012.78,GBP
906433,106410,2025-05-15,7386.90,GBP
906434,106411,2025-05-16,12091.77,GBP
906435,106412,2025-06-05,8681.73,GBP
906436,106414,2025-06-29,7949.71,GBP
906437,106415,2025-10-16,1504.99,GBP
906438,106415,2025-11-17,1595.76,GBP
906439,106416,2025-11-24,9858.28,GBP
906440,106417,2025-12-15,6142.27,GBP
906441,106418,2025-12-04,5458.11,GBP
906442,106419,2025-12-22,6056.84,GBP
906443,106420,2026-03-12,3987.00,GBP
906444,106421,2026-03-26,19123.18,GBP
906445,106422,2026-03-23,4143.78,GBP
906446,106424,2026-04-21,5831.48,GBP
906447,106424,2026-05-13,4830.26,GBP
906448,106425,2026-03-30,7659.54,GBP
906449,106426,2026-08-19,4241.70,GBP
906450,106426,2026-09-28,9389.53,GBP
906451,106427,2026-08-17,9569.39,GBP
906452,106428,2026-09-19,2817.41,GBP
906453,106429,2026-08-13,12310.15,GBP
906454,106430,2026-09-26,8657.71,GBP
906455,106433,2026-09-16,6250.43,GBP
906456,106436,2025-01-08,727.44,GBP
906457,106437,2025-05-23,1922.52,GBP
906458,106438,2025-06-15,728.63,GBP
906459,106439,2025-07-07,3282.86,GBP
906460,106440,2025-11-29,893.19,GBP
906461,106441,2025-12-04,1182.05,GBP
906462,106442,2026-03-10,2914.70,GBP
906463,106443,2026-01-26,2010.94,GBP
906464,106444,2026-04-15,751.84,GBP
906465,106445,2026-03-31,6327.27,GBP
906466,106447,2024-12-09,545.00,GBP
906467,106448,2025-03-08,470.35,GBP
906468,106449,2025-03-28,1252.89,GBP
906469,106450,2025-04-11,669.47,GBP
906470,106451,2025-04-05,1249.59,GBP
906471,106452,2025-05-25,622.78,GBP
906472,106453,2025-06-17,2287.68,GBP
906473,106454,2025-09-17,3497.48,GBP
906474,106455,2025-11-21,1287.07,GBP
906475,106456,2026-01-19,3035.13,GBP
906476,106457,2026-03-26,2352.89,GBP
906477,106458,2026-04-23,974.28,GBP
906478,106459,2026-04-17,1346.88,GBP
906479,106460,2026-05-01,899.18,GBP
906480,106461,2026-07-20,2360.42,GBP
906481,106462,2026-09-11,442.84,GBP
906482,106463,2026-09-24,321.35,GBP
906483,106465,2024-12-19,944.73,GBP
906484,106466,2025-06-18,451.65,GBP
906485,106467,2025-07-11,1702.18,GBP
906486,106468,2025-12-26,540.29,GBP
906487,106468,2026-01-25,692.09,GBP
906488,106469,2026-01-22,886.06,GBP
906489,106470,2026-03-04,260.03,GBP
906490,106470,2026-04-11,594.72,GBP
906491,106471,2026-06-20,1218.82,GBP
906492,106472,2026-07-06,1933.98,GBP
906493,106473,2026-08-05,982.01,GBP
906494,106475,2024-12-08,1759.95,EUR
906495,106476,2025-01-23,728.01,EUR
906496,106477,2025-02-10,1093.24,EUR
906497,106478,2026-02-05,407.90,EUR
906498,106479,2024-12-14,2641.37,GBP
906499,106480,2025-01-04,701.36,GBP
906500,106481,2025-04-11,659.57,GBP
906501,106481,2025-05-12,1469.33,GBP
906502,106482,2025-06-05,1813.39,GBP
906503,106483,2025-06-21,410.28,GBP
906504,106484,2025-10-19,2093.02,GBP
906505,106485,2026-02-11,1040.00,GBP
906506,106485,2026-03-27,716.46,GBP
906507,106486,2026-06-02,1903.02,GBP
906508,106488,2024-12-18,5291.66,GBP
906509,106489,2025-01-07,6723.65,GBP
906510,106490,2025-01-22,3270.64,GBP
906511,106491,2025-02-24,6304.61,GBP
906512,106492,2025-02-14,7514.53,GBP
906513,106493,2025-06-16,9064.21,GBP
906514,106494,2025-08-07,14333.96,GBP
906515,106495,2025-09-01,2562.11,GBP
906516,106496,2025-08-25,13793.27,GBP
906517,106497,2025-09-20,5510.90,GBP
906518,106498,2025-09-22,1719.08,GBP
906519,106498,2025-10-02,3745.76,GBP
906520,106499,2025-09-09,3938.94,GBP
906521,106500,2025-10-23,5850.70,GBP
906522,106501,2025-10-18,4153.08,GBP
906523,106502,2025-11-21,3196.44,GBP
906524,106503,2025-12-13,4394.69,GBP
906525,106504,2025-12-18,4876.15,GBP
906526,106505,2025-12-31,5366.79,GBP
906527,106506,2025-12-29,3404.63,GBP
906528,106506,2026-01-22,4237.04,GBP
906529,106507,2025-11-30,1262.49,GBP
906530,106507,2026-01-04,2383.51,GBP
906531,106508,2026-01-13,6265.50,GBP
906532,106509,2026-01-15,4243.05,GBP
906533,106510,2026-01-18,10180.96,GBP
906534,106511,2026-02-02,4314.09,GBP
906535,106511,2026-03-19,7746.03,GBP
906536,106512,2026-02-25,10086.43,GBP
906537,106513,2026-03-25,5306.36,GBP
906538,106514,2026-03-18,2154.10,GBP
906539,106515,2026-05-20,4798.92,GBP
906540,106516,2026-08-03,9669.56,GBP
906541,106517,2026-07-04,3173.12,GBP
906542,106518,2026-07-11,4501.34,GBP
906543,106519,2026-07-06,7681.21,GBP
906544,106523,2024-11-22,1664.09,GBP
906545,106524,2025-02-23,11380.16,GBP
906546,106525,2025-04-23,5847.17,GBP
906547,106526,2025-03-26,5620.69,GBP
906548,106527,2025-04-15,2721.56,GBP
906549,106528,2025-04-22,9814.44,GBP
906550,106529,2025-06-29,2222.51,GBP
906551,106529,2025-07-26,3891.39,GBP
906552,106530,2025-07-22,10992.40,GBP
906553,106531,2025-08-24,4308.97,GBP
906554,106532,2025-11-06,21187.73,GBP
906555,106533,2025-12-16,3977.73,GBP
906556,106534,2025-12-30,6719.20,GBP
906557,106535,2026-01-06,9398.95,GBP
906558,106536,2026-01-22,5314.37,GBP
906559,106537,2026-01-21,13640.43,GBP
906560,106538,2026-03-11,7390.43,GBP
906561,106539,2026-03-24,2088.43,GBP
906562,106540,2026-03-26,10651.12,GBP
906563,106541,2026-05-03,1817.45,GBP
906564,106542,2026-05-29,9953.22,GBP
906565,106543,2026-07-01,7720.67,GBP
906566,106543,2026-08-03,17966.62,GBP
906567,106544,2026-08-30,17311.76,GBP
906568,106545,2026-09-30,5231.22,GBP
906569,106546,2026-09-19,7333.59,GBP
906570,106549,2025-02-02,19609.28,GBP
906571,106550,2025-04-08,3895.66,GBP
906572,106550,2025-05-17,6315.24,GBP
906573,106551,2025-02-28,14004.78,GBP
906574,106552,2025-03-13,8457.03,GBP
906575,106553,2025-05-05,5865.61,GBP
906576,106554,2025-04-14,5340.78,GBP
906577,106555,2025-05-10,7264.95,GBP
906578,106556,2025-06-20,4897.49,GBP
906579,106557,2025-06-16,967.51,GBP
906580,106557,2025-07-13,1851.82,GBP
906581,106558,2025-08-21,6832.76,GBP
906582,106559,2025-08-28,13401.02,GBP
906583,106560,2025-05-15,4994.35,GBP
906584,106561,2025-09-23,23859.29,GBP
906585,106562,2025-09-24,5738.35,GBP
906586,106563,2025-11-03,3103.33,GBP
906587,106563,2025-11-13,5975.14,GBP
906588,106564,2026-03-01,1017.06,GBP
906589,106564,2026-03-30,1555.39,GBP
906590,106565,2025-12-23,1757.84,GBP
906591,106565,2026-01-24,2141.24,GBP
906592,106566,2026-03-21,7355.96,GBP
906593,106567,2026-04-01,4511.65,GBP
906594,106568,2026-03-18,5119.40,GBP
906595,106568,2026-05-01,9212.05,GBP
906596,106569,2026-06-05,5430.02,GBP
906597,106569,2026-07-13,4257.04,GBP
906598,106570,2026-06-13,6108.26,GBP
906599,106571,2026-06-23,6086.75,GBP
906600,106572,2026-06-28,4594.68,GBP
906601,106580,2025-02-13,17698.61,GBP
906602,106581,2024-12-11,41030.81,GBP
906603,106582,2024-11-22,45824.88,GBP
906604,106583,2025-02-08,4799.60,GBP
906605,106583,2025-03-15,10274.99,GBP
906606,106584,2024-12-05,29086.77,GBP
906607,106586,2025-02-10,18643.06,GBP
906608,106587,2025-04-17,45721.98,GBP
906609,106588,2025-01-16,29008.68,GBP
906610,106589,2025-05-19,35407.89,GBP
906611,106591,2025-04-22,37780.06,GBP
906612,106592,2025-07-11,40827.21,GBP
906613,106593,2025-07-05,26538.70,GBP
906614,106594,2025-06-05,39792.42,GBP
906615,106595,2025-06-09,39183.11,GBP
906616,106596,2025-06-07,41360.61,GBP
906617,106597,2025-08-04,31475.60,GBP
906618,106598,2025-06-21,9078.47,GBP
906619,106598,2025-08-07,14288.09,GBP
906620,106599,2025-10-01,50046.71,GBP
906621,106600,2025-07-08,23308.57,GBP
906622,106601,2025-05-21,39631.21,GBP
906623,106602,2025-05-14,33792.75,GBP
906624,106603,2025-08-28,11234.35,GBP
906625,106603,2025-09-29,8957.60,GBP
906626,106604,2025-07-11,24150.20,GBP
906627,106605,2025-08-07,25357.97,GBP
906628,106605,2025-08-24,39408.46,GBP
906629,106606,2025-09-26,34606.21,GBP
906630,106607,2025-08-04,10689.50,GBP
906631,106607,2025-09-13,18665.27,GBP
906632,106608,2025-07-29,8123.29,GBP
906633,106608,2025-09-06,11408.85,GBP
906634,106609,2025-07-19,37984.51,GBP
906635,106610,2025-08-21,22892.34,GBP
906636,106611,2025-10-29,32492.07,GBP
906637,106612,2025-09-17,35944.07,GBP
906638,106613,2025-10-24,29838.72,GBP
906639,106614,2025-12-02,47587.48,GBP
906640,106615,2025-11-23,19541.52,GBP
906641,106616,2025-12-18,14198.30,GBP
906642,106617,2025-11-15,32634.13,GBP
906643,106618,2025-12-18,24776.00,GBP
906644,106619,2025-11-15,26576.63,GBP
906645,106620,2026-01-13,72186.18,GBP
906646,106621,2026-02-08,24091.20,GBP
906647,106622,2025-12-30,44486.71,GBP
906648,106623,2025-12-31,65693.58,GBP
906649,106624,2025-12-26,21634.94,GBP
906650,106625,2026-01-25,15899.19,GBP
906651,106626,2026-01-29,38762.08,GBP
906652,106628,2026-02-01,17346.87,GBP
906653,106629,2025-12-22,14578.15,GBP
906654,106632,2026-03-07,12913.04,GBP
906655,106633,2026-02-03,27602.78,GBP
906656,106634,2026-04-03,39999.97,GBP
906657,106635,2026-01-24,28690.45,GBP
906658,106636,2026-01-27,13633.94,GBP
906659,106636,2026-02-21,20764.02,GBP
906660,106637,2026-02-04,31078.86,GBP
906661,106638,2026-03-06,16043.35,GBP
906662,106639,2026-03-18,47830.76,GBP
906663,106640,2026-03-29,28706.15,GBP
906664,106641,2026-03-29,25345.03,GBP
906665,106642,2026-06-27,28092.56,GBP
906666,106643,2026-05-19,24984.25,GBP
906667,106644,2026-06-03,14760.54,GBP
906668,106645,2026-06-26,38814.12,GBP
906669,106646,2026-06-08,14973.16,GBP
906670,106648,2026-06-23,25917.14,GBP
906671,106649,2026-09-24,14991.01,GBP
906672,106650,2026-06-08,48246.44,GBP
906673,106651,2026-06-30,46304.27,GBP
906674,106652,2026-07-21,42804.76,GBP
906675,106653,2026-07-12,28229.27,GBP
906676,106654,2026-08-31,28161.50,GBP
906677,106655,2026-09-19,32525.23,GBP
906678,106658,2026-08-05,10758.31,GBP
906679,106662,2026-09-12,38637.77,GBP
906680,106671,2025-01-16,3069.39,GBP
906681,106672,2025-02-25,1643.38,GBP
906682,106673,2025-08-17,772.99,GBP
906683,106674,2025-11-13,1891.48,GBP
906684,106675,2025-11-08,1491.02,GBP
906685,106675,2025-12-11,1731.00,GBP
906686,106676,2025-12-16,1382.63,GBP
906687,106677,2026-02-05,987.16,EUR
906688,106678,2025-04-05,2053.83,GBP
906689,106679,2025-05-12,1456.27,GBP
906690,106680,2025-11-02,1260.51,GBP
906691,106681,2025-12-07,1395.13,GBP
906692,106682,2026-01-02,1807.28,GBP
906693,106683,2026-01-29,2684.19,GBP
906694,106684,2024-11-27,54617.59,GBP
906695,106685,2024-11-15,37910.04,GBP
906696,106686,2024-11-28,32751.58,GBP
906697,106687,2024-11-03,19969.56,GBP
906698,106688,2024-12-02,42122.83,GBP
906699,106689,2024-12-21,38122.22,GBP
906700,106690,2024-12-22,25873.19,GBP
906701,106691,2024-12-01,13740.30,GBP
906702,106692,2024-12-14,10987.14,GBP
906703,106693,2024-12-25,40353.93,GBP
906704,106694,2025-01-20,16015.00,GBP
906705,106695,2025-01-19,26249.81,GBP
906706,106696,2025-01-08,26087.98,GBP
906707,106696,2025-01-30,35997.77,GBP
906708,106697,2025-02-23,41598.38,GBP
906709,106698,2025-04-20,42389.72,GBP
906710,106699,2025-04-16,23913.67,GBP
906711,106700,2025-04-27,14999.25,GBP
906712,106701,2025-04-30,25107.48,GBP
906713,106702,2025-05-13,39989.98,GBP
906714,106703,2025-03-27,53234.76,GBP
906715,106704,2025-05-17,43550.50,GBP
906716,106705,2025-06-06,26421.35,GBP
906717,106706,2025-06-30,28446.47,GBP
906718,106707,2025-07-14,24468.76,GBP
906719,106708,2025-07-24,39152.80,GBP
906720,106709,2025-07-20,35039.67,GBP
906721,106710,2025-07-19,80179.35,GBP
906722,106711,2025-07-08,55782.28,GBP
906723,106712,2025-08-06,22437.00,GBP
906724,106713,2025-07-31,25015.06,GBP
906725,106714,2025-08-03,20232.72,GBP
906726,106715,2025-09-15,14841.24,GBP
906727,106716,2025-10-05,88702.91,GBP
906728,106717,2025-10-22,26928.95,GBP
906729,106718,2025-10-21,14577.41,GBP
906730,106719,2025-11-30,33359.72,GBP
906731,106720,2025-11-06,19643.14,GBP
906732,106720,2025-12-23,21047.38,GBP
906733,106721,2025-11-11,17796.45,GBP
906734,106722,2025-12-05,27962.05,GBP
906735,106723,2025-11-28,29820.08,GBP
906736,106724,2026-01-02,23528.04,GBP
906737,106725,2025-12-31,41476.42,GBP
906738,106726,2025-12-08,35089.31,GBP
906739,106727,2026-01-20,19567.37,GBP
906740,106728,2026-02-12,23137.89,GBP
906741,106729,2026-02-04,32465.68,GBP
906742,106730,2026-03-15,24436.71,GBP
906743,106731,2026-03-13,24473.26,GBP
906744,106732,2026-03-07,62174.11,GBP
906745,106733,2026-03-13,15996.38,GBP
906746,106734,2026-04-13,19139.69,GBP
906747,106735,2026-04-05,35298.89,GBP
906748,106736,2026-03-24,36987.09,GBP
906749,106737,2026-04-03,26668.87,GBP
906750,106738,2026-05-08,33977.81,GBP
906751,106739,2026-04-21,13262.62,GBP
906752,106740,2026-04-17,23176.59,GBP
906753,106741,2026-05-10,22040.06,GBP
906754,106742,2026-05-21,37793.66,GBP
906755,106743,2026-05-20,35969.19,GBP
906756,106744,2026-06-28,16221.58,GBP
906757,106745,2026-06-20,44583.22,GBP
906758,106746,2026-07-22,32078.41,GBP
906759,106747,2026-07-17,29498.77,GBP
906760,106748,2026-08-18,25130.74,GBP
906761,106749,2026-09-22,61668.98,GBP
906762,106750,2026-09-01,44436.73,GBP
906763,106751,2026-09-01,31403.12,GBP
906764,106756,2024-12-30,847.73,GBP
906765,106757,2025-04-04,5742.15,GBP
906766,106758,2025-09-05,1656.17,GBP
906767,106759,2025-09-28,878.50,GBP
906768,106760,2026-02-02,4154.18,GBP
906769,106761,2026-02-11,2372.13,GBP
906770,106762,2026-07-14,1319.14,GBP
906771,106763,2024-12-08,4657.79,GBP
906772,106764,2024-11-14,8034.08,GBP
906773,106765,2025-01-08,5283.91,GBP
906774,106766,2025-03-06,6375.96,GBP
906775,106767,2025-02-15,6690.66,GBP
906776,106768,2025-02-09,4762.26,GBP
906777,106769,2025-03-11,5469.22,GBP
906778,106770,2025-03-09,2615.22,GBP
906779,106770,2025-03-27,2797.49,GBP
906780,106771,2025-04-27,11029.16,GBP
906781,106772,2025-05-29,8524.71,GBP
906782,106773,2025-05-31,3891.51,GBP
906783,106774,2025-06-10,7435.95,GBP
906784,106775,2025-07-10,3675.60,GBP
906785,106776,2025-09-29,1276.34,GBP
906786,106777,2025-10-31,7940.12,GBP
906787,106778,2025-10-19,5300.75,GBP
906788,106779,2025-10-27,6044.24,GBP
906789,106780,2025-11-18,2706.20,GBP
906790,106781,2025-11-26,9290.29,GBP
906791,106782,2026-03-31,2203.10,GBP
906792,106783,2026-04-14,5775.92,GBP
906793,106784,2026-07-01,4121.52,GBP
906794,106785,2026-07-13,10397.18,GBP
906795,106786,2026-07-19,13526.50,GBP
906796,106787,2026-06-28,5463.68,GBP
906797,106788,2026-09-01,8436.41,GBP
906798,106789,2024-12-26,4578.72,GBP
906799,106790,2024-12-20,2802.11,GBP
906800,106791,2024-12-18,3902.95,GBP
906801,106792,2025-01-14,1417.75,GBP
906802,106793,2025-01-14,9052.62,GBP
906803,106794,2024-12-29,8416.62,GBP
906804,106795,2025-01-28,4586.44,GBP
906805,106796,2025-02-21,7633.49,GBP
906806,106797,2025-03-20,5376.03,GBP
906807,106798,2025-03-23,1552.58,GBP
906808,106798,2025-04-22,2350.74,GBP
906809,106799,2025-03-31,14413.13,GBP
906810,106800,2025-03-24,8448.20,GBP
906811,106801,2025-05-16,8207.75,GBP
906812,106802,2025-04-27,8452.92,GBP
906813,106803,2025-05-01,5841.73,GBP
906814,106804,2025-06-20,2206.78,GBP
906815,106804,2025-07-01,4850.59,GBP
906816,106805,2025-06-06,1534.57,GBP
906817,106805,2025-07-17,3276.92,GBP
906818,106806,2025-07-09,4777.00,GBP
906819,106807,2025-08-27,7435.26,GBP
906820,106808,2025-09-27,5558.83,GBP
906821,106809,2025-10-05,4886.12,GBP
906822,106810,2025-10-29,9060.05,GBP
906823,106811,2025-11-18,2824.25,GBP
906824,106811,2026-01-06,2570.32,GBP
906825,106812,2025-10-30,4482.10,GBP
906826,106813,2025-12-18,5627.12,GBP
906827,106814,2025-11-30,10321.36,GBP
906828,106815,2025-12-07,2904.85,GBP
906829,106816,2026-01-03,8447.32,GBP
906830,106817,2026-02-23,6506.46,GBP
906831,106818,2026-04-08,8267.09,GBP
906832,106819,2026-04-03,7555.64,GBP
906833,106820,2026-05-02,8055.89,GBP
906834,106821,2026-05-07,10118.68,GBP
906835,106822,2026-05-15,8035.19,GBP
906836,106823,2026-04-26,13578.00,GBP
906837,106824,2026-06-12,2496.34,GBP
906838,106825,2026-07-22,14767.00,GBP
906839,106826,2026-08-11,13660.23,GBP
906840,106827,2026-08-14,4077.58,GBP
906841,106828,2026-08-27,8063.91,GBP
906842,106829,2026-09-29,5201.59,GBP
906843,106831,2024-12-17,1639.36,GBP
906844,106832,2025-03-20,1055.02,GBP
906845,106833,2025-04-16,979.23,GBP
906846,106834,2025-05-25,470.20,GBP
906847,106835,2025-04-30,1417.72,GBP
906848,106836,2025-06-29,2377.83,GBP
906849,106837,2025-08-20,1411.47,GBP
906850,106838,2025-12-19,565.84,GBP
906851,106839,2025-12-26,687.14,GBP
906852,106840,2026-02-26,1026.81,GBP
906853,106841,2026-04-06,278.99,GBP
906854,106841,2026-05-04,620.90,GBP
906855,106842,2026-05-03,1673.07,GBP
906856,106843,2026-04-15,491.28,GBP
906857,106843,2026-04-26,1088.32,GBP
906858,106844,2025-02-15,1661.42,GBP
906859,106845,2025-10-23,1573.31,EUR
906860,106846,2025-11-05,247.12,EUR
906861,106846,2025-12-07,234.46,EUR
906862,106847,2025-12-03,2766.50,GBP
906863,106848,2026-01-21,817.57,GBP
906864,106849,2026-04-23,1059.06,GBP
906865,106850,2026-06-24,738.99,EUR
906866,106851,2026-07-10,1282.43,EUR
906867,106852,2026-08-19,596.36,EUR
906868,106854,2025-03-30,256.28,GBP
906869,106854,2025-05-05,310.87,GBP
906870,106855,2025-03-21,1518.28,GBP
906871,106856,2025-03-07,360.40,GBP
906872,106856,2025-04-22,320.47,GBP
906873,106857,2025-05-31,1667.30,GBP
906874,106858,2025-07-21,2696.09,GBP
906875,106859,2025-08-06,744.87,GBP
906876,106860,2025-09-22,1038.07,GBP
906877,106861,2025-12-02,657.92,GBP
906878,106862,2025-12-17,634.46,GBP
906879,106863,2026-02-06,1175.89,GBP
906880,106864,2026-01-11,529.17,GBP
906881,106865,2026-04-11,656.66,GBP
906882,106868,2025-01-29,486.73,EUR
906883,106869,2025-05-19,624.00,EUR
906884,106869,2025-07-06,763.00,EUR
906885,106870,2025-06-21,2022.36,EUR
906886,106871,2025-12-22,837.10,GBP
906887,106872,2026-03-23,1100.87,GBP
906888,106873,2026-07-23,870.38,EUR
906889,106877,2025-07-17,893.81,GBP
906890,106878,2025-11-25,1733.95,GBP
906891,106879,2025-11-27,936.64,GBP
906892,106880,2026-04-07,1558.47,GBP
906893,106881,2026-06-01,359.42,GBP
906894,106881,2026-06-19,675.09,GBP
906895,106882,2026-07-21,547.99,GBP
906896,106883,2026-07-13,857.93,GBP
906897,106884,2026-08-15,577.86,GBP
906898,106885,2025-03-05,2461.35,GBP
906899,106886,2025-07-04,715.12,GBP
906900,106887,2025-11-02,1956.10,GBP
906901,106888,2026-03-25,1191.53,GBP
906902,106889,2026-04-23,821.31,GBP
906903,106890,2026-05-10,1393.14,GBP
906904,106891,2026-07-13,388.00,GBP
906905,106892,2024-12-13,18694.59,GBP
906906,106893,2024-12-23,2138.41,GBP
906907,106894,2024-12-19,8067.40,GBP
906908,106895,2025-02-01,13633.44,GBP
906909,106896,2025-03-25,4175.41,GBP
906910,106897,2025-04-24,9828.16,GBP
906911,106898,2025-04-16,11866.23,GBP
906912,106899,2025-05-19,6506.18,GBP
906913,106900,2025-06-16,9996.88,GBP
906914,106901,2025-10-04,5135.66,GBP
906915,106902,2025-11-26,3426.95,GBP
906916,106903,2025-12-25,7147.68,GBP
906917,106904,2025-12-24,3064.56,GBP
906918,106905,2026-01-30,3604.54,GBP
906919,106906,2026-03-26,10598.29,GBP
906920,106907,2026-03-30,2825.25,GBP
906921,106907,2026-04-15,2468.40,GBP
906922,106908,2026-04-02,21687.93,GBP
906923,106909,2026-05-28,5060.07,GBP
906924,106910,2026-05-19,7454.46,GBP
906925,106911,2026-05-07,6059.70,GBP
906926,106912,2026-05-29,5089.11,GBP
906927,106912,2026-06-10,3625.51,GBP
906928,106913,2026-07-18,9514.75,GBP
906929,106914,2026-08-08,4265.75,GBP
906930,106919,2024-12-18,39937.52,GBP
906931,106920,2025-02-05,28654.46,GBP
906932,106921,2025-02-12,34687.51,GBP
906933,106922,2025-01-02,20609.86,GBP
906934,106923,2025-02-17,19496.73,GBP
906935,106923,2025-03-22,26554.52,GBP
906936,106924,2025-02-07,35039.56,GBP
906937,106925,2025-02-07,47337.76,GBP
906938,106926,2025-02-28,74562.56,GBP
906939,106927,2025-03-09,9539.10,GBP
906940,106927,2025-04-23,9407.67,GBP
906941,106928,2025-03-29,95401.81,GBP
906942,106929,2025-03-14,42426.75,GBP
906943,106930,2025-04-12,56925.10,GBP
906944,106931,2025-04-20,19636.34,GBP
906945,106932,2025-05-25,13610.47,GBP
906946,106933,2025-05-07,34280.08,GBP
906947,106934,2025-07-02,23227.73,GBP
906948,106935,2025-06-01,41952.77,GBP
906949,106936,2025-06-05,23276.74,GBP
906950,106936,2025-07-04,16093.43,GBP
906951,106937,2025-07-17,11619.62,GBP
906952,106937,2025-08-19,12285.85,GBP
906953,106938,2025-07-13,32778.08,GBP
906954,106939,2025-07-19,26072.33,GBP
906955,106940,2025-07-31,58014.62,GBP
906956,106941,2025-08-16,20189.78,GBP
906957,106942,2025-08-02,28489.79,GBP
906958,106943,2025-09-03,40661.52,GBP
906959,106944,2025-09-08,15943.81,GBP
906960,106945,2025-11-10,23985.90,GBP
906961,106946,2025-11-08,35420.79,GBP
906962,106947,2025-10-14,63208.53,GBP
906963,106948,2025-10-03,27716.38,GBP
906964,106949,2025-11-14,42325.86,GBP
906965,106950,2025-11-06,35371.91,GBP
906966,106951,2025-10-24,28339.18,GBP
906967,106952,2025-12-21,12631.49,GBP
906968,106953,2026-01-05,63658.92,GBP
906969,106954,2025-12-29,37173.85,GBP
906970,106955,2025-12-08,20765.45,GBP
906971,106956,2025-12-12,31864.15,GBP
906972,106957,2025-12-30,6442.78,GBP
906973,106957,2026-02-08,13120.78,GBP
906974,106958,2025-12-15,22421.03,GBP
906975,106959,2026-01-19,11862.66,GBP
906976,106959,2026-02-24,13733.53,GBP
906977,106960,2026-02-17,42327.96,GBP
906978,106961,2026-04-02,44457.45,GBP
906979,106962,2026-03-13,46569.47,GBP
906980,106963,2026-04-18,18553.67,GBP
906981,106964,2026-05-29,21085.58,GBP
906982,106965,2026-05-06,33985.77,GBP
906983,106966,2026-05-23,25224.85,GBP
906984,106967,2026-04-26,30291.05,GBP
906985,106968,2026-06-07,28149.75,GBP
906986,106969,2026-06-06,34706.46,GBP
906987,106970,2026-07-30,28870.85,GBP
906988,106971,2026-07-05,10828.66,GBP
906989,106972,2026-06-27,7717.54,GBP
906990,106972,2026-07-07,8739.97,GBP
906991,106973,2026-09-18,12074.33,GBP
906992,106974,2026-09-21,17027.87,GBP
906993,106978,2026-09-30,38726.81,GBP
906994,106980,2024-11-13,4975.14,EUR
906995,106981,2024-11-01,4138.61,GBP
906996,106982,2025-01-04,8600.22,EUR
906997,106983,2025-01-18,7943.93,GBP
906998,106984,2025-01-31,3504.90,GBP
906999,106985,2025-02-04,4387.86,EUR
907000,106985,2025-02-21,3897.65,EUR
907001,106986,2025-01-29,6309.07,EUR
907002,106987,2025-03-04,8707.38,EUR
907003,106988,2025-03-06,4368.76,GBP
907004,106989,2025-04-15,5978.76,EUR
907005,106989,2025-05-21,5146.16,EUR
907006,106990,2025-04-05,5964.94,EUR
907007,106991,2025-06-04,15008.99,GBP
907008,106992,2025-06-08,2152.03,EUR
907009,106992,2025-07-04,3965.53,EUR
907010,106993,2025-07-18,13939.51,GBP
907011,106993,2025-08-30,10582.20,GBP
907012,106994,2025-10-07,9059.25,EUR
907013,106995,2025-10-10,13229.37,EUR
907014,106996,2025-10-03,7916.09,GBP
907015,106997,2025-11-25,2958.74,EUR
907016,106998,2025-12-25,9339.99,GBP
907017,106999,2026-01-02,4358.61,EUR
907018,106999,2026-01-12,7130.73,EUR
907019,107000,2026-01-27,10755.32,EUR
907020,107001,2026-04-10,7946.53,GBP
907021,107002,2026-04-20,6364.02,GBP
907022,107003,2026-04-12,3215.81,EUR
907023,107003,2026-05-04,3322.05,EUR
907024,107004,2026-06-21,1911.79,EUR
907025,107004,2026-07-21,2055.32,EUR
907026,107005,2026-08-01,8888.82,EUR
907027,107006,2026-08-01,10308.48,GBP
907028,107007,2026-07-29,9698.17,GBP
907029,107008,2026-09-05,3542.33,EUR
